university_id,faculty_id,year,company_name_raw,count,listed,source_id,industry_raw
kansai,kansai-commerce,2024,アシックス,,1,ku-com-data,製造業
kansai,kansai-commerce,2024,味の素,,1,ku-com-data,製造業
kansai,kansai-commerce,2024,芦森工業,,1,ku-com-data,製造業
kansai,kansai-commerce,2024,イシダ,,1,ku-com-data,製造業
kansai,kansai-commerce,2024,エア・ウォーター,,1,ku-com-data,製造業
kansai,kansai-commerce,2024,ＳＭＣ,,1,ku-com-data,製造業
kansai,kansai-commerce,2024,ＮＴＮ,,1,ku-com-data,製造業
kansai,kansai-commerce,2024,荏原製作所,,1,ku-com-data,製造業
kansai,kansai-commerce,2024,エフピコ,,1,ku-com-data,製造業
kansai,kansai-commerce,2024,大阪シーリング印刷,,1,ku-com-data,製造業
kansai,kansai-commerce,2024,オカムラ,,1,ku-com-data,製造業
kansai,kansai-commerce,2024,小野測器,,1,ku-com-data,製造業
kansai,kansai-commerce,2024,川崎重工業,,1,ku-com-data,製造業
kansai,kansai-commerce,2024,カワサキモータース,,1,ku-com-data,製造業
kansai,kansai-commerce,2024,キーエンス,,1,ku-com-data,製造業
kansai,kansai-commerce,2024,京セラドキュメントソリューションズ,,1,ku-com-data,製造業
kansai,kansai-commerce,2024,クボタ,,1,ku-com-data,製造業
kansai,kansai-commerce,2024,栗本鐵工所,,1,ku-com-data,製造業
kansai,kansai-commerce,2024,ザ・パック,,1,ku-com-data,製造業
kansai,kansai-commerce,2024,サントリーホールディングス,,1,ku-com-data,製造業
kansai,kansai-commerce,2024,ＧＳユアサ,,1,ku-com-data,製造業
kansai,kansai-commerce,2024,島津製作所,,1,ku-com-data,製造業
kansai,kansai-commerce,2024,シャープ,,1,ku-com-data,製造業
kansai,kansai-commerce,2024,住友大阪セメント,,1,ku-com-data,製造業
kansai,kansai-commerce,2024,住友金属鉱山,,1,ku-com-data,製造業
kansai,kansai-commerce,2024,住友電気工業,,1,ku-com-data,製造業
kansai,kansai-commerce,2024,セーレン,,1,ku-com-data,製造業
kansai,kansai-commerce,2024,積水化学工業,,1,ku-com-data,製造業
kansai,kansai-commerce,2024,タイガー魔法瓶,,1,ku-com-data,製造業
kansai,kansai-commerce,2024,ダイセル,,1,ku-com-data,製造業
kansai,kansai-commerce,2024,ダイハツ工業,,1,ku-com-data,製造業
kansai,kansai-commerce,2024,タカラベルモント,,1,ku-com-data,製造業
kansai,kansai-commerce,2024,ＴＨＫ,,1,ku-com-data,製造業
kansai,kansai-commerce,2024,デサントジャパン,,1,ku-com-data,製造業
kansai,kansai-commerce,2024,デンソー,,1,ku-com-data,製造業
kansai,kansai-commerce,2024,東洋製罐グループホールディングス,,1,ku-com-data,製造業
kansai,kansai-commerce,2024,東洋紡,,1,ku-com-data,製造業
kansai,kansai-commerce,2024,東リ,,1,ku-com-data,製造業
kansai,kansai-commerce,2024,東和薬品,,1,ku-com-data,製造業
kansai,kansai-commerce,2024,ＴＯＰＰＡＮ,,1,ku-com-data,製造業
kansai,kansai-commerce,2024,ＮＩＳＳＨＡ,,1,ku-com-data,製造業
kansai,kansai-commerce,2024,ニップン,,1,ku-com-data,製造業
kansai,kansai-commerce,2024,日本精工,,1,ku-com-data,製造業
kansai,kansai-commerce,2024,日本電気（ＮＥＣ）,,1,ku-com-data,製造業
kansai,kansai-commerce,2024,パナソニックグループ,,1,ku-com-data,製造業
kansai,kansai-commerce,2024,富士フイルムビジネスイノベーション,,1,ku-com-data,製造業
kansai,kansai-commerce,2024,プライムプラネットエナジー＆ソリューションズ,,1,ku-com-data,製造業
kansai,kansai-commerce,2024,ホシデン,,1,ku-com-data,製造業
kansai,kansai-commerce,2024,マツダ,,1,ku-com-data,製造業
kansai,kansai-commerce,2024,マルハニチロ,,1,ku-com-data,製造業
kansai,kansai-commerce,2024,三浦工業,,1,ku-com-data,製造業
kansai,kansai-commerce,2024,三菱ケミカルエンジニアリング,,1,ku-com-data,製造業
kansai,kansai-commerce,2024,三菱自動車工業,,1,ku-com-data,製造業
kansai,kansai-commerce,2024,三菱製紙,,1,ku-com-data,製造業
kansai,kansai-commerce,2024,三菱電機,,1,ku-com-data,製造業
kansai,kansai-commerce,2024,三菱電機エンジニアリング,,1,ku-com-data,製造業
kansai,kansai-commerce,2024,村田製作所,,1,ku-com-data,製造業
kansai,kansai-commerce,2024,山崎製パン,,1,ku-com-data,製造業
kansai,kansai-commerce,2024,ヤンマーホールディングス,,1,ku-com-data,製造業
kansai,kansai-commerce,2024,ユニ・チャーム,,1,ku-com-data,製造業
kansai,kansai-commerce,2024,ＹＫＫ ＡＰ,,1,ku-com-data,製造業
kansai,kansai-commerce,2024,アイテック阪急阪神,,1,ku-com-data,情報通信業
kansai,kansai-commerce,2024,伊藤忠テクノソリューションズ,,1,ku-com-data,情報通信業
kansai,kansai-commerce,2024,インテック,,1,ku-com-data,情報通信業
kansai,kansai-commerce,2024,ＳＣＳＫ,,1,ku-com-data,情報通信業
kansai,kansai-commerce,2024,エヌ・ティ・ティ・コムウェア,,1,ku-com-data,情報通信業
kansai,kansai-commerce,2024,ＮＴＴドコモ,,1,ku-com-data,情報通信業
kansai,kansai-commerce,2024,大塚商会,,1,ku-com-data,情報通信業
kansai,kansai-commerce,2024,オービック,,1,ku-com-data,情報通信業
kansai,kansai-commerce,2024,オービックビジネスコンサルタント,,1,ku-com-data,情報通信業
kansai,kansai-commerce,2024,オプテージ,,1,ku-com-data,情報通信業
kansai,kansai-commerce,2024,キヤノンＩＴソリューションズ,,1,ku-com-data,情報通信業
kansai,kansai-commerce,2024,ＫＤＤＩ,,1,ku-com-data,情報通信業
kansai,kansai-commerce,2024,コベルコシステム,,1,ku-com-data,情報通信業
kansai,kansai-commerce,2024,Ｓｋｙ,,1,ku-com-data,情報通信業
kansai,kansai-commerce,2024,スミセイ情報システム,,1,ku-com-data,情報通信業
kansai,kansai-commerce,2024,ソフトバンク,,1,ku-com-data,情報通信業
kansai,kansai-commerce,2024,都築電気,,1,ku-com-data,情報通信業
kansai,kansai-commerce,2024,ＴＩＳ,,1,ku-com-data,情報通信業
kansai,kansai-commerce,2024,東京海上日動システムズ,,1,ku-com-data,情報通信業
kansai,kansai-commerce,2024,日鉄ソリューションズ,,1,ku-com-data,情報通信業
kansai,kansai-commerce,2024,日本電気通信システム,,1,ku-com-data,情報通信業
kansai,kansai-commerce,2024,日本電子計算,,1,ku-com-data,情報通信業
kansai,kansai-commerce,2024,日立システムズ,,1,ku-com-data,情報通信業
kansai,kansai-commerce,2024,富士ソフト,,1,ku-com-data,情報通信業
kansai,kansai-commerce,2024,富士フイルムビジネスイノベーションジャパン,,1,ku-com-data,情報通信業
kansai,kansai-commerce,2024,マネーフォワード,,1,ku-com-data,情報通信業
kansai,kansai-commerce,2024,三井情報,,1,ku-com-data,情報通信業
kansai,kansai-commerce,2024,Ｕ－ＮＥＸＴ ＨＯＬＤＩＮＧＳ,,1,ku-com-data,情報通信業
kansai,kansai-commerce,2024,有限責任あずさ監査法人,,1,ku-com-data,教育・広告・その他サービス業
kansai,kansai-commerce,2024,ＥＹ新日本有限責任監査法人,,1,ku-com-data,教育・広告・その他サービス業
kansai,kansai-commerce,2024,ＡＤＫホールディングス,,1,ku-com-data,教育・広告・その他サービス業
kansai,kansai-commerce,2024,ソニー・ミュージックエンタテインメント,,1,ku-com-data,教育・広告・その他サービス業
kansai,kansai-commerce,2024,ダスキン,,1,ku-com-data,教育・広告・その他サービス業
kansai,kansai-commerce,2024,有限責任監査法人トーマツ,,1,ku-com-data,教育・広告・その他サービス業
kansai,kansai-commerce,2024,乃村工藝社,,1,ku-com-data,教育・広告・その他サービス業
kansai,kansai-commerce,2024,阪急交通社,,1,ku-com-data,教育・広告・その他サービス業
kansai,kansai-commerce,2024,ＰｗＣ Ｊａｐａｎ有限責任監査法人,,1,ku-com-data,教育・広告・その他サービス業
kansai,kansai-commerce,2024,ベイカレント,,1,ku-com-data,教育・広告・その他サービス業
kansai,kansai-commerce,2024,マイナビ,,1,ku-com-data,教育・広告・その他サービス業
kansai,kansai-commerce,2024,旭食品,,1,ku-com-data,卸売業・小売業
kansai,kansai-commerce,2024,アズワン,,1,ku-com-data,卸売業・小売業
kansai,kansai-commerce,2024,因幡電機産業,,1,ku-com-data,卸売業・小売業
kansai,kansai-commerce,2024,岩谷産業,,1,ku-com-data,卸売業・小売業
kansai,kansai-commerce,2024,加藤産業,,1,ku-com-data,卸売業・小売業
kansai,kansai-commerce,2024,川重商事,,1,ku-com-data,卸売業・小売業
kansai,kansai-commerce,2024,キヤノンマーケティングジャパン,,1,ku-com-data,卸売業・小売業
kansai,kansai-commerce,2024,住友商事マシネックス,,1,ku-com-data,卸売業・小売業
kansai,kansai-commerce,2024,大陽日酸ガス＆ウェルディング,,1,ku-com-data,卸売業・小売業
kansai,kansai-commerce,2024,東テク,,1,ku-com-data,卸売業・小売業
kansai,kansai-commerce,2024,トラスコ中山,,1,ku-com-data,卸売業・小売業
kansai,kansai-commerce,2024,日伝,,1,ku-com-data,卸売業・小売業
kansai,kansai-commerce,2024,ニトリ,,1,ku-com-data,卸売業・小売業
kansai,kansai-commerce,2024,パナソニックマーケティングジャパン,,1,ku-com-data,卸売業・小売業
kansai,kansai-commerce,2024,ＰＡＬＴＡＣ,,1,ku-com-data,卸売業・小売業
kansai,kansai-commerce,2024,阪和興業,,1,ku-com-data,卸売業・小売業
kansai,kansai-commerce,2024,日立建機日本,,1,ku-com-data,卸売業・小売業
kansai,kansai-commerce,2024,丸文,,1,ku-com-data,卸売業・小売業
kansai,kansai-commerce,2024,三谷商事,,1,ku-com-data,卸売業・小売業
kansai,kansai-commerce,2024,三菱商事マシナリ,,1,ku-com-data,卸売業・小売業
kansai,kansai-commerce,2024,山星屋,,1,ku-com-data,卸売業・小売業
kansai,kansai-commerce,2024,ユアサ商事,,1,ku-com-data,卸売業・小売業
kansai,kansai-commerce,2024,良品計画,,1,ku-com-data,卸売業・小売業
kansai,kansai-commerce,2024,ローソン,,1,ku-com-data,卸売業・小売業
kansai,kansai-commerce,2024,ワキタ,,1,ku-com-data,卸売業・小売業
kansai,kansai-commerce,2024,池田泉州銀行,,1,ku-com-data,金融・保険業
kansai,kansai-commerce,2024,ＳＭＢＣ日興証券,,1,ku-com-data,金融・保険業
kansai,kansai-commerce,2024,大阪シティ信用金庫,,1,ku-com-data,金融・保険業
kansai,kansai-commerce,2024,大阪信用金庫,,1,ku-com-data,金融・保険業
kansai,kansai-commerce,2024,岡三証券,,1,ku-com-data,金融・保険業
kansai,kansai-commerce,2024,オリックス,,1,ku-com-data,金融・保険業
kansai,kansai-commerce,2024,関西みらい銀行,,1,ku-com-data,金融・保険業
kansai,kansai-commerce,2024,紀陽銀行,,1,ku-com-data,金融・保険業
kansai,kansai-commerce,2024,京都銀行,,1,ku-com-data,金融・保険業
kansai,kansai-commerce,2024,滋賀銀行,,1,ku-com-data,金融・保険業
kansai,kansai-commerce,2024,商工組合中央金庫,,1,ku-com-data,金融・保険業
kansai,kansai-commerce,2024,住友生命保険,,1,ku-com-data,金融・保険業
kansai,kansai-commerce,2024,損害保険ジャパン,,1,ku-com-data,金融・保険業
kansai,kansai-commerce,2024,太陽生命保険,,1,ku-com-data,金融・保険業
kansai,kansai-commerce,2024,大和証券,,1,ku-com-data,金融・保険業
kansai,kansai-commerce,2024,東京海上日動火災保険,,1,ku-com-data,金融・保険業
kansai,kansai-commerce,2024,南都銀行,,1,ku-com-data,金融・保険業
kansai,kansai-commerce,2024,日本生命保険,,1,ku-com-data,金融・保険業
kansai,kansai-commerce,2024,みずほ銀行,,1,ku-com-data,金融・保険業
kansai,kansai-commerce,2024,みずほ証券,,1,ku-com-data,金融・保険業
kansai,kansai-commerce,2024,三井住友海上火災保険,,1,ku-com-data,金融・保険業
kansai,kansai-commerce,2024,三井住友銀行,,1,ku-com-data,金融・保険業
kansai,kansai-commerce,2024,三井住友信託銀行,,1,ku-com-data,金融・保険業
kansai,kansai-commerce,2024,三菱ＵＦＪ銀行,,1,ku-com-data,金融・保険業
kansai,kansai-commerce,2024,三菱ＵＦＪ信託銀行,,1,ku-com-data,金融・保険業
kansai,kansai-commerce,2024,楽天証券,,1,ku-com-data,金融・保険業
kansai,kansai-commerce,2024,りそなグループ,,1,ku-com-data,金融・保険業
kansai,kansai-commerce,2024,大林組,,1,ku-com-data,建設業
kansai,kansai-commerce,2024,きんでん,,1,ku-com-data,建設業
kansai,kansai-commerce,2024,クリナップ,,1,ku-com-data,建設業
kansai,kansai-commerce,2024,清水建設,,1,ku-com-data,建設業
kansai,kansai-commerce,2024,住友林業,,1,ku-com-data,建設業
kansai,kansai-commerce,2024,セキスイハイム近畿,,1,ku-com-data,建設業
kansai,kansai-commerce,2024,積水ハウス,,1,ku-com-data,建設業
kansai,kansai-commerce,2024,大成建設,,1,ku-com-data,建設業
kansai,kansai-commerce,2024,大和ハウス工業,,1,ku-com-data,建設業
kansai,kansai-commerce,2024,長谷工コーポレーション,,1,ku-com-data,建設業
kansai,kansai-commerce,2024,ＬＩＸＩＬ,,1,ku-com-data,建設業
kansai,kansai-commerce,2024,オリックス自動車,,1,ku-com-data,不動産業・物品賃貸業
kansai,kansai-commerce,2024,積水ハウス不動産,,1,ku-com-data,不動産業・物品賃貸業
kansai,kansai-commerce,2024,三井住友トラスト不動産,,1,ku-com-data,不動産業・物品賃貸業
kansai,kansai-commerce,2024,三井住友ファイナンス＆リース,,1,ku-com-data,不動産業・物品賃貸業
kansai,kansai-commerce,2024,三菱オートリース,,1,ku-com-data,不動産業・物品賃貸業
kansai,kansai-commerce,2024,三菱地所リアルエステートサービス,,1,ku-com-data,不動産業・物品賃貸業
kansai,kansai-commerce,2024,ＡＮＡウイングス,,1,ku-com-data,運輸業・郵便業
kansai,kansai-commerce,2024,四国旅客鉄道（ＪＲ四国）,,1,ku-com-data,運輸業・郵便業
kansai,kansai-commerce,2024,全日本空輸（ＡＮＡ）,,1,ku-com-data,運輸業・郵便業
kansai,kansai-commerce,2024,西日本旅客鉄道（ＪＲ西日本）,,1,ku-com-data,運輸業・郵便業
kansai,kansai-commerce,2024,ニチレイ・ロジスティクス関西,,1,ku-com-data,運輸業・郵便業
kansai,kansai-commerce,2024,日本航空（ＪＡＬ）,,1,ku-com-data,運輸業・郵便業
kansai,kansai-commerce,2024,阪急阪神エクスプレス,,1,ku-com-data,運輸業・郵便業
kansai,kansai-commerce,2024,三井物産グローバルロジスティクス,,1,ku-com-data,運輸業・郵便業
kansai,kansai-commerce,2024,国家公務員一般職,,1,ku-com-data,公務員・公立学校教員
kansai,kansai-commerce,2024,国税専門官,,1,ku-com-data,公務員・公立学校教員
kansai,kansai-commerce,2024,防衛省自衛隊 幹部候補生,,1,ku-com-data,公務員・公立学校教員
kansai,kansai-commerce,2024,京都府職員,,1,ku-com-data,公務員・公立学校教員
kansai,kansai-commerce,2024,和歌山県職員,,1,ku-com-data,公務員・公立学校教員
kansai,kansai-commerce,2024,大阪市職員,,1,ku-com-data,公務員・公立学校教員
kansai,kansai-commerce,2024,長岡京市職員,,1,ku-com-data,公務員・公立学校教員
kansai,kansai-commerce,2024,丹波篠山市職員,,1,ku-com-data,公務員・公立学校教員
kansai,kansai-commerce,2024,大阪府教員,,1,ku-com-data,公務員・公立学校教員
kansai,kansai-commerce,2024,Ｄａｉｇａｓエナジー,,1,ku-com-data,電気・ガス・熱供給・水道業
kansai,kansai-commerce,2024,日本年金機構,,1,ku-com-data,その他
kansai,kansai-law,2024,王寺町職員,,1,ku-law-employment-2024,公務員・公立学校教員
kansai,kansai-law,2024,芦屋市職員,,1,ku-law-employment-2024,公務員・公立学校教員
kansai,kansai-law,2024,池田市職員,,1,ku-law-employment-2024,公務員・公立学校教員
kansai,kansai-law,2024,和泉市職員,,1,ku-law-employment-2024,公務員・公立学校教員
kansai,kansai-law,2024,茨木市職員,,1,ku-law-employment-2024,公務員・公立学校教員
kansai,kansai-law,2024,宇陀市職員,,1,ku-law-employment-2024,公務員・公立学校教員
kansai,kansai-law,2024,摂津市職員,,1,ku-law-employment-2024,公務員・公立学校教員
kansai,kansai-law,2024,東大阪市職員,,1,ku-law-employment-2024,公務員・公立学校教員
kansai,kansai-law,2024,川西市職員,,1,ku-law-employment-2024,公務員・公立学校教員
kansai,kansai-law,2024,岸和田市職員,,1,ku-law-employment-2024,公務員・公立学校教員
kansai,kansai-law,2024,堺市職員,,1,ku-law-employment-2024,公務員・公立学校教員
kansai,kansai-law,2024,羽曳野市職員,,1,ku-law-employment-2024,公務員・公立学校教員
kansai,kansai-law,2024,四條畷市職員,,1,ku-law-employment-2024,公務員・公立学校教員
kansai,kansai-law,2024,姫路市職員,,1,ku-law-employment-2024,公務員・公立学校教員
kansai,kansai-law,2024,明石市職員,,1,ku-law-employment-2024,公務員・公立学校教員
kansai,kansai-law,2024,松原市職員,,1,ku-law-employment-2024,公務員・公立学校教員
kansai,kansai-law,2024,大阪市職員,,1,ku-law-employment-2024,公務員・公立学校教員
kansai,kansai-law,2024,京都市職員,,1,ku-law-employment-2024,公務員・公立学校教員
kansai,kansai-law,2024,奈良市職員,,1,ku-law-employment-2024,公務員・公立学校教員
kansai,kansai-law,2024,神戸市職員,,1,ku-law-employment-2024,公務員・公立学校教員
kansai,kansai-law,2024,岡山市職員,,1,ku-law-employment-2024,公務員・公立学校教員
kansai,kansai-law,2024,広島市職員,,1,ku-law-employment-2024,公務員・公立学校教員
kansai,kansai-law,2024,大阪府職員,,1,ku-law-employment-2024,公務員・公立学校教員
kansai,kansai-law,2024,京都府職員,,1,ku-law-employment-2024,公務員・公立学校教員
kansai,kansai-law,2024,滋賀県職員,,1,ku-law-employment-2024,公務員・公立学校教員
kansai,kansai-law,2024,東京都職員,,1,ku-law-employment-2024,公務員・公立学校教員
kansai,kansai-law,2024,奈良県職員,,1,ku-law-employment-2024,公務員・公立学校教員
kansai,kansai-law,2024,和歌山県職員,,1,ku-law-employment-2024,公務員・公立学校教員
kansai,kansai-law,2024,鹿児島県職員,,1,ku-law-employment-2024,公務員・公立学校教員
kansai,kansai-law,2024,航空管制官,,1,ku-law-employment-2024,公務員・公立学校教員
kansai,kansai-law,2024,国税専門官,,1,ku-law-employment-2024,公務員・公立学校教員
kansai,kansai-law,2024,国家公務員一般職,,1,ku-law-employment-2024,公務員・公立学校教員
kansai,kansai-law,2024,裁判所事務官一般職,,1,ku-law-employment-2024,公務員・公立学校教員
kansai,kansai-law,2024,財務専門官,,1,ku-law-employment-2024,公務員・公立学校教員
kansai,kansai-law,2024,入国警備官,,1,ku-law-employment-2024,公務員・公立学校教員
kansai,kansai-law,2024,防衛省自衛隊　自衛官候補生,,1,ku-law-employment-2024,公務員・公立学校教員
kansai,kansai-law,2024,防衛省専門職員,,1,ku-law-employment-2024,公務員・公立学校教員
kansai,kansai-law,2024,労働基準監督官,,1,ku-law-employment-2024,公務員・公立学校教員
kansai,kansai-law,2024,大阪府教員,,1,ku-law-employment-2024,公務員・公立学校教員
kansai,kansai-law,2024,大阪府警察官,,1,ku-law-employment-2024,公務員・公立学校教員
kansai,kansai-law,2024,京都府警察官,,1,ku-law-employment-2024,公務員・公立学校教員
kansai,kansai-law,2024,滋賀県警察官,,1,ku-law-employment-2024,公務員・公立学校教員
kansai,kansai-law,2024,岡山県警察官,,1,ku-law-employment-2024,公務員・公立学校教員
kansai,kansai-law,2024,和歌山県警察官,,1,ku-law-employment-2024,公務員・公立学校教員
kansai,kansai-law,2024,東京消防庁,,1,ku-law-employment-2024,公務員・公立学校教員
kansai,kansai-law,2024,神戸市消防吏員,,1,ku-law-employment-2024,公務員・公立学校教員
kansai,kansai-law,2024,独立行政法人国立高等専門学校機構 香川高等専門学校,,1,ku-law-employment-2024,教育・広告・その他サービス業
kansai,kansai-law,2024,学校法人角川ドワンゴ学園 N高等学校,,1,ku-law-employment-2024,教育・広告・その他サービス業
kansai,kansai-law,2024,JTB,,1,ku-law-employment-2024,教育・広告・その他サービス業
kansai,kansai-law,2024,TMI総合法律事務所,,1,ku-law-employment-2024,教育・広告・その他サービス業
kansai,kansai-law,2024,弁護士法人長島・大野・常松法律事務所,,1,ku-law-employment-2024,教育・広告・その他サービス業
kansai,kansai-law,2024,中日本高速道路(NEXCO中日本),,1,ku-law-employment-2024,教育・広告・その他サービス業
kansai,kansai-law,2024,西日本高速道路(NEXCO西日本),,1,ku-law-employment-2024,教育・広告・その他サービス業
kansai,kansai-law,2024,西村あさひ法律事務所・外国法共同事業,,1,ku-law-employment-2024,教育・広告・その他サービス業
kansai,kansai-law,2024,日本M&Aセンター,,1,ku-law-employment-2024,教育・広告・その他サービス業
kansai,kansai-law,2024,阪急交通社,,1,ku-law-employment-2024,教育・広告・その他サービス業
kansai,kansai-law,2024,PwC税理士法人,,1,ku-law-employment-2024,教育・広告・その他サービス業
kansai,kansai-law,2024,ベイカレント,,1,ku-law-employment-2024,教育・広告・その他サービス業
kansai,kansai-law,2024,弁護士法人御堂筋法律事務所,,1,ku-law-employment-2024,教育・広告・その他サービス業
kansai,kansai-law,2024,合同会社ユー・エス・ジェイ,,1,ku-law-employment-2024,教育・広告・その他サービス業
kansai,kansai-law,2024,IHI,,1,ku-law-employment-2024,製造業
kansai,kansai-law,2024,アシックス,,1,ku-law-employment-2024,製造業
kansai,kansai-law,2024,味の素,,1,ku-law-employment-2024,製造業
kansai,kansai-law,2024,アマダ,,1,ku-law-employment-2024,製造業
kansai,kansai-law,2024,イシダ,,1,ku-law-employment-2024,製造業
kansai,kansai-law,2024,伊藤ハム米久ホールディングス,,1,ku-law-employment-2024,製造業
kansai,kansai-law,2024,NOK,,1,ku-law-employment-2024,製造業
kansai,kansai-law,2024,エフピコ,,1,ku-law-employment-2024,製造業
kansai,kansai-law,2024,エレコム,,1,ku-law-employment-2024,製造業
kansai,kansai-law,2024,カゴメ,,1,ku-law-employment-2024,製造業
kansai,kansai-law,2024,キーエンス,,1,ku-law-employment-2024,製造業
kansai,kansai-law,2024,京セラドキュメントソリューションズ,,1,ku-law-employment-2024,製造業
kansai,kansai-law,2024,極洋,,1,ku-law-employment-2024,製造業
kansai,kansai-law,2024,クボタ,,1,ku-law-employment-2024,製造業
kansai,kansai-law,2024,神戸製鋼所,,1,ku-law-employment-2024,製造業
kansai,kansai-law,2024,コカ・コーラ ボトラーズジャパン,,1,ku-law-employment-2024,製造業
kansai,kansai-law,2024,小林製薬,,1,ku-law-employment-2024,製造業
kansai,kansai-law,2024,ジェイテクト,,1,ku-law-employment-2024,製造業
kansai,kansai-law,2024,島津製作所,,1,ku-law-employment-2024,製造業
kansai,kansai-law,2024,シマノ,,1,ku-law-employment-2024,製造業
kansai,kansai-law,2024,シャープ,,1,ku-law-employment-2024,製造業
kansai,kansai-law,2024,SCREENホールディングス,,1,ku-law-employment-2024,製造業
kansai,kansai-law,2024,SCREENセミコンダクターソリューションズ,,1,ku-law-employment-2024,製造業
kansai,kansai-law,2024,住友金属鉱山,,1,ku-law-employment-2024,製造業
kansai,kansai-law,2024,住友精密工業,,1,ku-law-employment-2024,製造業
kansai,kansai-law,2024,住友電気工業,,1,ku-law-employment-2024,製造業
kansai,kansai-law,2024,積水化学工業,,1,ku-law-employment-2024,製造業
kansai,kansai-law,2024,象印マホービン,,1,ku-law-employment-2024,製造業
kansai,kansai-law,2024,大王製紙,,1,ku-law-employment-2024,製造業
kansai,kansai-law,2024,ダイキン工業,,1,ku-law-employment-2024,製造業
kansai,kansai-law,2024,ダイニチ工業,,1,ku-law-employment-2024,製造業
kansai,kansai-law,2024,大日本印刷,,1,ku-law-employment-2024,製造業
kansai,kansai-law,2024,ダイフク,,1,ku-law-employment-2024,製造業
kansai,kansai-law,2024,タカラスタンダード,,1,ku-law-employment-2024,製造業
kansai,kansai-law,2024,THK,,1,ku-law-employment-2024,製造業
kansai,kansai-law,2024,東ハト,,1,ku-law-employment-2024,製造業
kansai,kansai-law,2024,TOTO,,1,ku-law-employment-2024,製造業
kansai,kansai-law,2024,トピー工業,,1,ku-law-employment-2024,製造業
kansai,kansai-law,2024,日産化学,,1,ku-law-employment-2024,製造業
kansai,kansai-law,2024,日清食品ホールディングス,,1,ku-law-employment-2024,製造業
kansai,kansai-law,2024,日清製粉グループ本社,,1,ku-law-employment-2024,製造業
kansai,kansai-law,2024,日本軽金属,,1,ku-law-employment-2024,製造業
kansai,kansai-law,2024,日本電気(NEC),,1,ku-law-employment-2024,製造業
kansai,kansai-law,2024,日本発条,,1,ku-law-employment-2024,製造業
kansai,kansai-law,2024,日本板硝子,,1,ku-law-employment-2024,製造業
kansai,kansai-law,2024,日本光電工業,,1,ku-law-employment-2024,製造業
kansai,kansai-law,2024,日本ハム冷凍食品,,1,ku-law-employment-2024,製造業
kansai,kansai-law,2024,ノーリツ,,1,ku-law-employment-2024,製造業
kansai,kansai-law,2024,パナソニックグループ,,1,ku-law-employment-2024,製造業
kansai,kansai-law,2024,PFU,,1,ku-law-employment-2024,製造業
kansai,kansai-law,2024,日野自動車,,1,ku-law-employment-2024,製造業
kansai,kansai-law,2024,不二越,,1,ku-law-employment-2024,製造業
kansai,kansai-law,2024,富士フイルムビジネスイノベーション,,1,ku-law-employment-2024,製造業
kansai,kansai-law,2024,古河機械金属,,1,ku-law-employment-2024,製造業
kansai,kansai-law,2024,古河電気工業,,1,ku-law-employment-2024,製造業
kansai,kansai-law,2024,本田技研工業,,1,ku-law-employment-2024,製造業
kansai,kansai-law,2024,マクセル,,1,ku-law-employment-2024,製造業
kansai,kansai-law,2024,マツダ,,1,ku-law-employment-2024,製造業
kansai,kansai-law,2024,三浦工業,,1,ku-law-employment-2024,製造業
kansai,kansai-law,2024,三菱自動車工業,,1,ku-law-employment-2024,製造業
kansai,kansai-law,2024,三菱重工業,,1,ku-law-employment-2024,製造業
kansai,kansai-law,2024,三菱電機,,1,ku-law-employment-2024,製造業
kansai,kansai-law,2024,三菱マテリアル,,1,ku-law-employment-2024,製造業
kansai,kansai-law,2024,三ツ星ベルト,,1,ku-law-employment-2024,製造業
kansai,kansai-law,2024,ミネベアミツミ,,1,ku-law-employment-2024,製造業
kansai,kansai-law,2024,村田製作所,,1,ku-law-employment-2024,製造業
kansai,kansai-law,2024,ヤマハ発動機販売,,1,ku-law-employment-2024,製造業
kansai,kansai-law,2024,ヤンマーホールディングス,,1,ku-law-employment-2024,製造業
kansai,kansai-law,2024,雪印メグミルク,,1,ku-law-employment-2024,製造業
kansai,kansai-law,2024,YKK AP,,1,ku-law-employment-2024,製造業
kansai,kansai-law,2024,アグレックス,,1,ku-law-employment-2024,情報通信業
kansai,kansai-law,2024,伊藤忠インタラクティブ,,1,ku-law-employment-2024,情報通信業
kansai,kansai-law,2024,NTTコムウェア,,1,ku-law-employment-2024,情報通信業
kansai,kansai-law,2024,NECソリューションイノベータ,,1,ku-law-employment-2024,情報通信業
kansai,kansai-law,2024,NTTデータ・グローバルソリューションズ,,1,ku-law-employment-2024,情報通信業
kansai,kansai-law,2024,NTTデータ関西,,1,ku-law-employment-2024,情報通信業
kansai,kansai-law,2024,NTTデータビジネスシステムズ,,1,ku-law-employment-2024,情報通信業
kansai,kansai-law,2024,NTTドコモ,,1,ku-law-employment-2024,情報通信業
kansai,kansai-law,2024,オービック,,1,ku-law-employment-2024,情報通信業
kansai,kansai-law,2024,オービックビジネスコンサルタント,,1,ku-law-employment-2024,情報通信業
kansai,kansai-law,2024,関電システムズ,,1,ku-law-employment-2024,情報通信業
kansai,kansai-law,2024,コナミグループ,,1,ku-law-employment-2024,情報通信業
kansai,kansai-law,2024,さくらケーシーエス,,1,ku-law-employment-2024,情報通信業
kansai,kansai-law,2024,JR西日本ITソリューションズ,,1,ku-law-employment-2024,情報通信業
kansai,kansai-law,2024,JFEシステムズ,,1,ku-law-employment-2024,情報通信業
kansai,kansai-law,2024,JCOM,,1,ku-law-employment-2024,情報通信業
kansai,kansai-law,2024,JSOL,,1,ku-law-employment-2024,情報通信業
kansai,kansai-law,2024,TIS,,1,ku-law-employment-2024,情報通信業
kansai,kansai-law,2024,TKC,,1,ku-law-employment-2024,情報通信業
kansai,kansai-law,2024,西日本電信電話(NTT西日本),,1,ku-law-employment-2024,情報通信業
kansai,kansai-law,2024,日本アイ・ビー・エム,,1,ku-law-employment-2024,情報通信業
kansai,kansai-law,2024,パナソニックインフォメーションシステムズ,,1,ku-law-employment-2024,情報通信業
kansai,kansai-law,2024,富士通,,1,ku-law-employment-2024,情報通信業
kansai,kansai-law,2024,読売新聞東京本社,,1,ku-law-employment-2024,情報通信業
kansai,kansai-law,2024,楽天グループ,,1,ku-law-employment-2024,情報通信業
kansai,kansai-law,2024,ジェーシービー,,1,ku-law-employment-2024,金融業・保険業
kansai,kansai-law,2024,ジャックス,,1,ku-law-employment-2024,金融業・保険業
kansai,kansai-law,2024,住友生命保険相互会社,,1,ku-law-employment-2024,金融業・保険業
kansai,kansai-law,2024,損害保険ジャパン,,1,ku-law-employment-2024,金融業・保険業
kansai,kansai-law,2024,大和証券,,1,ku-law-employment-2024,金融業・保険業
kansai,kansai-law,2024,日本マスタートラスト信託銀行,,1,ku-law-employment-2024,金融業・保険業
kansai,kansai-law,2024,みずほ銀行,,1,ku-law-employment-2024,金融業・保険業
kansai,kansai-law,2024,みずほ証券,,1,ku-law-employment-2024,金融業・保険業
kansai,kansai-law,2024,三井住友銀行,,1,ku-law-employment-2024,金融業・保険業
kansai,kansai-law,2024,三菱UFJ銀行,,1,ku-law-employment-2024,金融業・保険業
kansai,kansai-law,2024,三菱UFJ信託銀行,,1,ku-law-employment-2024,金融業・保険業
kansai,kansai-law,2024,三菱UFJニコス,,1,ku-law-employment-2024,金融業・保険業
kansai,kansai-law,2024,明治安田生命保険相互会社,,1,ku-law-employment-2024,金融業・保険業
kansai,kansai-law,2024,ゆうちょ銀行,,1,ku-law-employment-2024,金融業・保険業
kansai,kansai-law,2024,楽天証券,,1,ku-law-employment-2024,金融業・保険業
kansai,kansai-law,2024,りそなグループ,,1,ku-law-employment-2024,金融業・保険業
kansai,kansai-law,2024,あらた,,1,ku-law-employment-2024,卸売業・小売業
kansai,kansai-law,2024,イオンリテール,,1,ku-law-employment-2024,卸売業・小売業
kansai,kansai-law,2024,因幡電機産業,,1,ku-law-employment-2024,卸売業・小売業
kansai,kansai-law,2024,オー・ジー,,1,ku-law-employment-2024,卸売業・小売業
kansai,kansai-law,2024,岡谷鋼機,,1,ku-law-employment-2024,卸売業・小売業
kansai,kansai-law,2024,佐藤商事,,1,ku-law-employment-2024,卸売業・小売業
kansai,kansai-law,2024,JFE商事,,1,ku-law-employment-2024,卸売業・小売業
kansai,kansai-law,2024,高島屋,,1,ku-law-employment-2024,卸売業・小売業
kansai,kansai-law,2024,帝人フロンティア,,1,ku-law-employment-2024,卸売業・小売業
kansai,kansai-law,2024,トラスコ中山,,1,ku-law-employment-2024,卸売業・小売業
kansai,kansai-law,2024,ニトリ,,1,ku-law-employment-2024,卸売業・小売業
kansai,kansai-law,2024,阪和興業,,1,ku-law-employment-2024,卸売業・小売業
kansai,kansai-law,2024,日立建機日本,,1,ku-law-employment-2024,卸売業・小売業
kansai,kansai-law,2024,ファーストリテイリンググループ,,1,ku-law-employment-2024,卸売業・小売業
kansai,kansai-law,2024,富士電機産業,,1,ku-law-employment-2024,卸売業・小売業
kansai,kansai-law,2024,松田産業,,1,ku-law-employment-2024,卸売業・小売業
kansai,kansai-law,2024,積水ハウス,,1,ku-law-employment-2024,建設業
kansai,kansai-law,2024,長谷工コーポレーション,,1,ku-law-employment-2024,建設業
kansai,kansai-law,2024,ピーエス・コンストラクション,,1,ku-law-employment-2024,建設業
kansai,kansai-law,2024,日立プラントサービス,,1,ku-law-employment-2024,建設業
kansai,kansai-law,2024,前田建設工業,,1,ku-law-employment-2024,建設業
kansai,kansai-law,2024,ライト工業,,1,ku-law-employment-2024,建設業
kansai,kansai-law,2024,リンナイ,,1,ku-law-employment-2024,建設業
kansai,kansai-law,2024,イオンモール,,1,ku-law-employment-2024,不動産業・物品賃貸業
kansai,kansai-law,2024,野村不動産,,1,ku-law-employment-2024,不動産業・物品賃貸業
kansai,kansai-law,2024,三菱HCキャピタル,,1,ku-law-employment-2024,不動産業・物品賃貸業
kansai,kansai-law,2024,朝日航洋,,1,ku-law-employment-2024,運輸業・郵便業
kansai,kansai-law,2024,上組,,1,ku-law-employment-2024,運輸業・郵便業
kansai,kansai-law,2024,近畿日本鉄道,,1,ku-law-employment-2024,運輸業・郵便業
kansai,kansai-law,2024,センコー,,1,ku-law-employment-2024,運輸業・郵便業
kansai,kansai-law,2024,全日本空輸(ANA),,1,ku-law-employment-2024,運輸業・郵便業
kansai,kansai-law,2024,西日本旅客鉄道(JR西日本),,1,ku-law-employment-2024,運輸業・郵便業
kansai,kansai-law,2024,日本郵便,,1,ku-law-employment-2024,運輸業・郵便業
kansai,kansai-law,2024,日本航空(JAL),,1,ku-law-employment-2024,運輸業・郵便業
kansai,kansai-law,2024,阪急電鉄,,1,ku-law-employment-2024,運輸業・郵便業
kansai,kansai-law,2024,北海道旅客鉄道(JR北海道),,1,ku-law-employment-2024,運輸業・郵便業
kansai,kansai-law,2024,三井物産グローバルロジスティクス,,1,ku-law-employment-2024,運輸業・郵便業
kansai,kansai-law,2024,大阪ガスネットワーク,,1,ku-law-employment-2024,電気・ガス・熱供給・水道業
kansai,kansai-law,2024,関西電力,,1,ku-law-employment-2024,電気・ガス・熱供給・水道業
kansai,kansai-law,2024,大阪商工会議所,,1,ku-law-employment-2024,その他
kansai,kansai-law,2024,独立行政法人国立病院機構,,1,ku-law-employment-2024,その他
kansai,kansai-law,2024,日本年金機構,,1,ku-law-employment-2024,その他
kansai,kansai-law,2024,国立研究開発法人農業・食品産業技術総合研究機構,,1,ku-law-employment-2024,その他
kansai,kansai-law,2024,パナソニックグループ労働組合連合会,,1,ku-law-employment-2024,その他
kansai,kansai-letters,2025,日本旅行,,1,ku-let-course-2025,
kansai,kansai-letters,2025,ベイカレント,,1,ku-let-course-2025,
kansai,kansai-letters,2025,シャープマーケティングジャパン,,1,ku-let-course-2025,
kansai,kansai-letters,2025,阪急阪神百貨店,,1,ku-let-course-2025,
kansai,kansai-letters,2025,渡辺パイプ,,1,ku-let-course-2025,
kansai,kansai-letters,2025,NTTデータ,,1,ku-let-course-2025,
kansai,kansai-letters,2025,KDDI,,1,ku-let-course-2025,
kansai,kansai-letters,2025,日本アイ・ビー・エム,,1,ku-let-course-2025,
kansai,kansai-letters,2025,読売新聞大阪本社,,1,ku-let-course-2025,
kansai,kansai-letters,2025,大塚製薬,,1,ku-let-course-2025,
kansai,kansai-letters,2025,オムロン,,1,ku-let-course-2025,
kansai,kansai-letters,2025,キーエンス,,1,ku-let-course-2025,
kansai,kansai-letters,2025,ダイハツ工業,,1,ku-let-course-2025,
kansai,kansai-letters,2025,パナソニックグループ,,1,ku-let-course-2025,
kansai,kansai-letters,2025,美津濃,,1,ku-let-course-2025,
kansai,kansai-letters,2025,ユニ・チャーム,,1,ku-let-course-2025,
kansai,kansai-letters,2025,YKK AP,,1,ku-let-course-2025,
kansai,kansai-letters,2025,国家公務員一般職,,1,ku-let-course-2025,
kansai,kansai-letters,2025,大阪府職員,,1,ku-let-course-2025,
kansai,kansai-letters,2025,京都市職員,,1,ku-let-course-2025,
kansai,kansai-letters,2025,大阪市職員,,1,ku-let-course-2025,
kansai,kansai-letters,2025,神戸市職員,,1,ku-let-course-2025,
kansai,kansai-letters,2025,大阪府教員,,1,ku-let-course-2025,
kansai,kansai-letters,2025,大阪府豊能地区教員,,1,ku-let-course-2025,
kansai,kansai-letters,2025,兵庫県教員,,1,ku-let-course-2025,
kansai,kansai-letters,2025,神戸市教員,,1,ku-let-course-2025,
kansai,kansai-letters,2025,奈良県教員,,1,ku-let-course-2025,
kansai,kansai-letters,2025,日本生命保険,,1,ku-let-course-2025,
kansai,kansai-letters,2025,野村證券,,1,ku-let-course-2025,
kansai,kansai-letters,2025,三井住友海上火災保険,,1,ku-let-course-2025,
kansai,kansai-letters,2025,三菱UFJ銀行,,1,ku-let-course-2025,
kansai,kansai-letters,2025,全日本空輸(ANA),,1,ku-let-course-2025,
kansai,kansai-letters,2025,東海旅客鉄道(JR東海),,1,ku-let-course-2025,
kansai,kansai-letters,2025,阪急電鉄,,1,ku-let-course-2025,
kansai,kansai-letters,2025,積水ハウス,,1,ku-let-course-2025,
kansai,kansai-letters,2025,LIXIL,,1,ku-let-course-2025,
kansai,kansai-letters,2025,北陸電力,,1,ku-let-course-2025,
kansai,kansai-letters,2025,全国健康保険協会,,1,ku-let-course-2025,
kansai,kansai-economics,2025,あいおいニッセイ同和損害保険,,1,ku-eco-career-2025,金融業・保険業
kansai,kansai-economics,2025,SMBC日興証券,,1,ku-eco-career-2025,金融業・保険業
kansai,kansai-economics,2025,大阪シティ信用金庫,,1,ku-eco-career-2025,金融業・保険業
kansai,kansai-economics,2025,岡三証券,,1,ku-eco-career-2025,金融業・保険業
kansai,kansai-economics,2025,オリックス,,1,ku-eco-career-2025,金融業・保険業
kansai,kansai-economics,2025,関西みらい銀行,,1,ku-eco-career-2025,金融業・保険業
kansai,kansai-economics,2025,紀陽銀行,,1,ku-eco-career-2025,金融業・保険業
kansai,kansai-economics,2025,住友生命保険,,1,ku-eco-career-2025,金融業・保険業
kansai,kansai-economics,2025,損害保険ジャパン,,1,ku-eco-career-2025,金融業・保険業
kansai,kansai-economics,2025,第一生命保険,,1,ku-eco-career-2025,金融業・保険業
kansai,kansai-economics,2025,東海東京フィナンシャル・ホールディングス,,1,ku-eco-career-2025,金融業・保険業
kansai,kansai-economics,2025,東京海上日動火災保険,,1,ku-eco-career-2025,金融業・保険業
kansai,kansai-economics,2025,日本銀行,,1,ku-eco-career-2025,金融業・保険業
kansai,kansai-economics,2025,日本政策金融公庫,,1,ku-eco-career-2025,金融業・保険業
kansai,kansai-economics,2025,日本生命保険,,1,ku-eco-career-2025,金融業・保険業
kansai,kansai-economics,2025,農林中央金庫,,1,ku-eco-career-2025,金融業・保険業
kansai,kansai-economics,2025,みずほ銀行,,1,ku-eco-career-2025,金融業・保険業
kansai,kansai-economics,2025,三井住友カード,,1,ku-eco-career-2025,金融業・保険業
kansai,kansai-economics,2025,三井住友海上火災保険,,1,ku-eco-career-2025,金融業・保険業
kansai,kansai-economics,2025,三井住友銀行,,1,ku-eco-career-2025,金融業・保険業
kansai,kansai-economics,2025,三井住友信託銀行,,1,ku-eco-career-2025,金融業・保険業
kansai,kansai-economics,2025,三菱UFJ銀行,,1,ku-eco-career-2025,金融業・保険業
kansai,kansai-economics,2025,三菱UFJモルガン・スタンレー証券,,1,ku-eco-career-2025,金融業・保険業
kansai,kansai-economics,2025,明治安田生命保険,,1,ku-eco-career-2025,金融業・保険業
kansai,kansai-economics,2025,ゆうちょ銀行,,1,ku-eco-career-2025,金融業・保険業
kansai,kansai-economics,2025,りそなグループ,,1,ku-eco-career-2025,金融業・保険業
kansai,kansai-economics,2025,アクセンチュア,,1,ku-eco-career-2025,教育・広告・その他サービス業
kansai,kansai-economics,2025,オリエンタルランド,,1,ku-eco-career-2025,教育・広告・その他サービス業
kansai,kansai-economics,2025,大和総研,,1,ku-eco-career-2025,教育・広告・その他サービス業
kansai,kansai-economics,2025,デロイトトーマツ,,1,ku-eco-career-2025,教育・広告・その他サービス業
kansai,kansai-economics,2025,乃村工藝社,,1,ku-eco-career-2025,教育・広告・その他サービス業
kansai,kansai-economics,2025,PwC Japan有限責任監査法人,,1,ku-eco-career-2025,教育・広告・その他サービス業
kansai,kansai-economics,2025,ベイカレント,,1,ku-eco-career-2025,教育・広告・その他サービス業
kansai,kansai-economics,2025,マイナビ,,1,ku-eco-career-2025,教育・広告・その他サービス業
kansai,kansai-economics,2025,伊藤忠テクノソリューションズ,,1,ku-eco-career-2025,情報通信業
kansai,kansai-economics,2025,SCSK,,1,ku-eco-career-2025,情報通信業
kansai,kansai-economics,2025,NTTデータ,,1,ku-eco-career-2025,情報通信業
kansai,kansai-economics,2025,NTT西日本,,1,ku-eco-career-2025,情報通信業
kansai,kansai-economics,2025,オービック,,1,ku-eco-career-2025,情報通信業
kansai,kansai-economics,2025,JCOM,,1,ku-eco-career-2025,情報通信業
kansai,kansai-economics,2025,スミセイ情報システム,,1,ku-eco-career-2025,情報通信業
kansai,kansai-economics,2025,ソフトバンク,,1,ku-eco-career-2025,情報通信業
kansai,kansai-economics,2025,テレビ東京,,1,ku-eco-career-2025,情報通信業
kansai,kansai-economics,2025,日本アイ・ビー・エム,,1,ku-eco-career-2025,情報通信業
kansai,kansai-economics,2025,日本総合研究所,,1,ku-eco-career-2025,情報通信業
kansai,kansai-economics,2025,U-NEXT HOLDINGS,,1,ku-eco-career-2025,情報通信業
kansai,kansai-economics,2025,読売新聞大阪本社,,1,ku-eco-career-2025,情報通信業
kansai,kansai-economics,2025,楽天グループ,,1,ku-eco-career-2025,情報通信業
kansai,kansai-economics,2025,アイリスオーヤマ,,1,ku-eco-career-2025,製造業
kansai,kansai-economics,2025,アサヒビール,,1,ku-eco-career-2025,製造業
kansai,kansai-economics,2025,アズビル,,1,ku-eco-career-2025,製造業
kansai,kansai-economics,2025,いすゞ自動車,,1,ku-eco-career-2025,製造業
kansai,kansai-economics,2025,エースコック,,1,ku-eco-career-2025,製造業
kansai,kansai-economics,2025,エスペック,,1,ku-eco-career-2025,製造業
kansai,kansai-economics,2025,沖電気工業,,1,ku-eco-career-2025,製造業
kansai,kansai-economics,2025,川崎重工業,,1,ku-eco-career-2025,製造業
kansai,kansai-economics,2025,キーエンス,,1,ku-eco-career-2025,製造業
kansai,kansai-economics,2025,キッコーマン,,1,ku-eco-career-2025,製造業
kansai,kansai-economics,2025,京セラ,,1,ku-eco-career-2025,製造業
kansai,kansai-economics,2025,グローリー,,1,ku-eco-career-2025,製造業
kansai,kansai-economics,2025,シスメックス,,1,ku-eco-career-2025,製造業
kansai,kansai-economics,2025,スズキ,,1,ku-eco-career-2025,製造業
kansai,kansai-economics,2025,積水化学工業,,1,ku-eco-career-2025,製造業
kansai,kansai-economics,2025,ダイヘン,,1,ku-eco-career-2025,製造業
kansai,kansai-economics,2025,椿本チエイン,,1,ku-eco-career-2025,製造業
kansai,kansai-economics,2025,TOA,,1,ku-eco-career-2025,製造業
kansai,kansai-economics,2025,東洋製罐グループホールディングス,,1,ku-eco-career-2025,製造業
kansai,kansai-economics,2025,東洋紡,,1,ku-eco-career-2025,製造業
kansai,kansai-economics,2025,豊田自動織機,,1,ku-eco-career-2025,製造業
kansai,kansai-economics,2025,NISSHA,,1,ku-eco-career-2025,製造業
kansai,kansai-economics,2025,ニプロ,,1,ku-eco-career-2025,製造業
kansai,kansai-economics,2025,日本板硝子,,1,ku-eco-career-2025,製造業
kansai,kansai-economics,2025,パナソニックグループ,,1,ku-eco-career-2025,製造業
kansai,kansai-economics,2025,浜松ホトニクス,,1,ku-eco-career-2025,製造業
kansai,kansai-economics,2025,バンダイナムコエンターテインメント,,1,ku-eco-career-2025,製造業
kansai,kansai-economics,2025,プロテリアル,,1,ku-eco-career-2025,製造業
kansai,kansai-economics,2025,美津濃,,1,ku-eco-career-2025,製造業
kansai,kansai-economics,2025,三菱重工業,,1,ku-eco-career-2025,製造業
kansai,kansai-economics,2025,三菱電機,,1,ku-eco-career-2025,製造業
kansai,kansai-economics,2025,三菱電機ビルソリューションズ,,1,ku-eco-career-2025,製造業
kansai,kansai-economics,2025,山崎製パン,,1,ku-eco-career-2025,製造業
kansai,kansai-economics,2025,ライオン,,1,ku-eco-career-2025,製造業
kansai,kansai-economics,2025,イオンリテール,,1,ku-eco-career-2025,卸売・小売業
kansai,kansai-economics,2025,岩谷産業,,1,ku-eco-career-2025,卸売・小売業
kansai,kansai-economics,2025,加藤産業,,1,ku-eco-career-2025,卸売・小売業
kansai,kansai-economics,2025,シャープマーケティングジャパン,,1,ku-eco-career-2025,卸売・小売業
kansai,kansai-economics,2025,セブン－イレブン・ジャパン,,1,ku-eco-career-2025,卸売・小売業
kansai,kansai-economics,2025,大丸松坂屋百貨店,,1,ku-eco-career-2025,卸売・小売業
kansai,kansai-economics,2025,ダイワボウ情報システム,,1,ku-eco-career-2025,卸売・小売業
kansai,kansai-economics,2025,椿本興業,,1,ku-eco-career-2025,卸売・小売業
kansai,kansai-economics,2025,トラスコ中山,,1,ku-eco-career-2025,卸売・小売業
kansai,kansai-economics,2025,日伝,,1,ku-eco-career-2025,卸売・小売業
kansai,kansai-economics,2025,阪和興業,,1,ku-eco-career-2025,卸売・小売業
kansai,kansai-economics,2025,マクニカ,,1,ku-eco-career-2025,卸売・小売業
kansai,kansai-economics,2025,山星屋,,1,ku-eco-career-2025,卸売・小売業
kansai,kansai-economics,2025,ローソン,,1,ku-eco-career-2025,卸売・小売業
kansai,kansai-economics,2025,一条工務店,,1,ku-eco-career-2025,建設業
kansai,kansai-economics,2025,関電工,,1,ku-eco-career-2025,建設業
kansai,kansai-economics,2025,きんでん,,1,ku-eco-career-2025,建設業
kansai,kansai-economics,2025,住友林業,,1,ku-eco-career-2025,建設業
kansai,kansai-economics,2025,積水ハウス,,1,ku-eco-career-2025,建設業
kansai,kansai-economics,2025,パロマ,,1,ku-eco-career-2025,建設業
kansai,kansai-economics,2025,リンナイ,,1,ku-eco-career-2025,建設業
kansai,kansai-economics,2025,国家公務員一般職,,1,ku-eco-career-2025,公務員・公立学校教員
kansai,kansai-economics,2025,国税専門官,,1,ku-eco-career-2025,公務員・公立学校教員
kansai,kansai-economics,2025,防衛省自衛隊 幹部候補生,,1,ku-eco-career-2025,公務員・公立学校教員
kansai,kansai-economics,2025,大阪府職員,,1,ku-eco-career-2025,公務員・公立学校教員
kansai,kansai-economics,2025,兵庫県職員,,1,ku-eco-career-2025,公務員・公立学校教員
kansai,kansai-economics,2025,鳥取県職員,,1,ku-eco-career-2025,公務員・公立学校教員
kansai,kansai-economics,2025,大阪市職員,,1,ku-eco-career-2025,公務員・公立学校教員
kansai,kansai-economics,2025,堺市職員,,1,ku-eco-career-2025,公務員・公立学校教員
kansai,kansai-economics,2025,枚方市職員,,1,ku-eco-career-2025,公務員・公立学校教員
kansai,kansai-economics,2025,大阪府警察官,,1,ku-eco-career-2025,公務員・公立学校教員
kansai,kansai-economics,2025,三井住友ファイナンス&リース,,1,ku-eco-career-2025,不動産業・物品賃貸業
kansai,kansai-economics,2025,三菱HCキャピタル,,1,ku-eco-career-2025,不動産業・物品賃貸業
kansai,kansai-economics,2025,山九,,1,ku-eco-career-2025,運輸業・郵便業
kansai,kansai-economics,2025,全日本空輸（ANA）,,1,ku-eco-career-2025,運輸業・郵便業
kansai,kansai-economics,2025,東海旅客鉄道（JR東海）,,1,ku-eco-career-2025,運輸業・郵便業
kansai,kansai-economics,2025,西日本旅客鉄道（JR西日本）,,1,ku-eco-career-2025,運輸業・郵便業
kansai,kansai-economics,2025,日本通運,,1,ku-eco-career-2025,運輸業・郵便業
kansai,kansai-economics,2025,日本郵便,,1,ku-eco-career-2025,運輸業・郵便業
kansai,kansai-economics,2025,日本航空（JAL）,,1,ku-eco-career-2025,運輸業・郵便業
kansai,kansai-economics,2025,四国電力,,1,ku-eco-career-2025,電気・ガス・熱供給・水道業
kansai,kansai-economics,2025,国立病院機構,,1,ku-eco-career-2025,その他
kansai,kansai-economics,2025,日本年金機構,,1,ku-eco-career-2025,その他
kansai,kansai-sociology,2025,内田洋行,,1,ku-soc-career-2025,情報通信業
kansai,kansai-sociology,2025,ＳＣＳＫ,,1,ku-soc-career-2025,情報通信業
kansai,kansai-sociology,2025,ＮＴＴデータ,,1,ku-soc-career-2025,情報通信業
kansai,kansai-sociology,2025,ＮＥＣソリューションイノベータ,,1,ku-soc-career-2025,情報通信業
kansai,kansai-sociology,2025,ＮＴＴドコモ,,1,ku-soc-career-2025,情報通信業
kansai,kansai-sociology,2025,ＮＴＴ西日本,,1,ku-soc-career-2025,情報通信業
kansai,kansai-sociology,2025,オービック,,1,ku-soc-career-2025,情報通信業
kansai,kansai-sociology,2025,関西テレビ放送,,1,ku-soc-career-2025,情報通信業
kansai,kansai-sociology,2025,コナミデジタルエンタテインメント,,1,ku-soc-career-2025,情報通信業
kansai,kansai-sociology,2025,山陽新聞社,,1,ku-soc-career-2025,情報通信業
kansai,kansai-sociology,2025,ＪＣＯＭ,,1,ku-soc-career-2025,情報通信業
kansai,kansai-sociology,2025,Ｓｋｙ,,1,ku-soc-career-2025,情報通信業
kansai,kansai-sociology,2025,スミセイ情報システム,,1,ku-soc-career-2025,情報通信業
kansai,kansai-sociology,2025,ソフトバンク,,1,ku-soc-career-2025,情報通信業
kansai,kansai-sociology,2025,ＴＩＳ,,1,ku-soc-career-2025,情報通信業
kansai,kansai-sociology,2025,日鉄ソリューションズ,,1,ku-soc-career-2025,情報通信業
kansai,kansai-sociology,2025,日本放送協会（ＮＨＫ）,,1,ku-soc-career-2025,情報通信業
kansai,kansai-sociology,2025,日本総合研究所,,1,ku-soc-career-2025,情報通信業
kansai,kansai-sociology,2025,日立システムズ,,1,ku-soc-career-2025,情報通信業
kansai,kansai-sociology,2025,ＢＩＰＲＯＧＹ,,1,ku-soc-career-2025,情報通信業
kansai,kansai-sociology,2025,富士フイルムビジネスイノベーションジャパン,,1,ku-soc-career-2025,情報通信業
kansai,kansai-sociology,2025,イシダ,,1,ku-soc-career-2025,製造業
kansai,kansai-sociology,2025,イトーキ,,1,ku-soc-career-2025,製造業
kansai,kansai-sociology,2025,エア・ウォーター,,1,ku-soc-career-2025,製造業
kansai,kansai-sociology,2025,エーザイ,,1,ku-soc-career-2025,製造業
kansai,kansai-sociology,2025,王子ホールディングス,,1,ku-soc-career-2025,製造業
kansai,kansai-sociology,2025,大塚製薬,,1,ku-soc-career-2025,製造業
kansai,kansai-sociology,2025,沖電気工業,,1,ku-soc-career-2025,製造業
kansai,kansai-sociology,2025,カルビー,,1,ku-soc-career-2025,製造業
kansai,kansai-sociology,2025,川崎重工業,,1,ku-soc-career-2025,製造業
kansai,kansai-sociology,2025,関西ペイント,,1,ku-soc-career-2025,製造業
kansai,kansai-sociology,2025,キーエンス,,1,ku-soc-career-2025,製造業
kansai,kansai-sociology,2025,キヤノン,,1,ku-soc-career-2025,製造業
kansai,kansai-sociology,2025,クボタ,,1,ku-soc-career-2025,製造業
kansai,kansai-sociology,2025,サカタインクス,,1,ku-soc-career-2025,製造業
kansai,kansai-sociology,2025,シャープ,,1,ku-soc-career-2025,製造業
kansai,kansai-sociology,2025,住友ベークライト,,1,ku-soc-career-2025,製造業
kansai,kansai-sociology,2025,大王製紙,,1,ku-soc-career-2025,製造業
kansai,kansai-sociology,2025,ダイキン工業,,1,ku-soc-career-2025,製造業
kansai,kansai-sociology,2025,ダイハツ工業,,1,ku-soc-career-2025,製造業
kansai,kansai-sociology,2025,太平洋セメント,,1,ku-soc-career-2025,製造業
kansai,kansai-sociology,2025,タカラスタンダード,,1,ku-soc-career-2025,製造業
kansai,kansai-sociology,2025,椿本チエイン,,1,ku-soc-career-2025,製造業
kansai,kansai-sociology,2025,ＤＩＣ,,1,ku-soc-career-2025,製造業
kansai,kansai-sociology,2025,デンソーテン,,1,ku-soc-career-2025,製造業
kansai,kansai-sociology,2025,東芝テック,,1,ku-soc-career-2025,製造業
kansai,kansai-sociology,2025,東洋製罐グループホールディングス,,1,ku-soc-career-2025,製造業
kansai,kansai-sociology,2025,東洋紡,,1,ku-soc-career-2025,製造業
kansai,kansai-sociology,2025,東レ,,1,ku-soc-career-2025,製造業
kansai,kansai-sociology,2025,ＴＯＴＯ,,1,ku-soc-career-2025,製造業
kansai,kansai-sociology,2025,日産化学,,1,ku-soc-career-2025,製造業
kansai,kansai-sociology,2025,日東電工,,1,ku-soc-career-2025,製造業
kansai,kansai-sociology,2025,日本製鋼所,,1,ku-soc-career-2025,製造業
kansai,kansai-sociology,2025,日本特殊陶業,,1,ku-soc-career-2025,製造業
kansai,kansai-sociology,2025,久光製薬,,1,ku-soc-career-2025,製造業
kansai,kansai-sociology,2025,日立製作所,,1,ku-soc-career-2025,製造業
kansai,kansai-sociology,2025,フジシール,,1,ku-soc-career-2025,製造業
kansai,kansai-sociology,2025,三菱電機エンジニアリング,,1,ku-soc-career-2025,製造業
kansai,kansai-sociology,2025,山崎製パン,,1,ku-soc-career-2025,製造業
kansai,kansai-sociology,2025,ヤンマーホールディングス,,1,ku-soc-career-2025,製造業
kansai,kansai-sociology,2025,横河電機,,1,ku-soc-career-2025,製造業
kansai,kansai-sociology,2025,ライオン,,1,ku-soc-career-2025,製造業
kansai,kansai-sociology,2025,リコー,,1,ku-soc-career-2025,製造業
kansai,kansai-sociology,2025,ロッテ,,1,ku-soc-career-2025,製造業
kansai,kansai-sociology,2025,ＹＫＫ ＡＰ,,1,ku-soc-career-2025,製造業
kansai,kansai-sociology,2025,ワコール,,1,ku-soc-career-2025,製造業
kansai,kansai-sociology,2025,有限責任あずさ監査法人,,1,ku-soc-career-2025,教育・広告・その他サービス業
kansai,kansai-sociology,2025,ＪＴＢ,,1,ku-soc-career-2025,教育・広告・その他サービス業
kansai,kansai-sociology,2025,セコム,,1,ku-soc-career-2025,教育・広告・その他サービス業
kansai,kansai-sociology,2025,大広,,1,ku-soc-career-2025,教育・広告・その他サービス業
kansai,kansai-sociology,2025,ダスキン,,1,ku-soc-career-2025,教育・広告・その他サービス業
kansai,kansai-sociology,2025,博報堂、博報堂ＤＹメディアパートナーズ,,1,ku-soc-career-2025,教育・広告・その他サービス業
kansai,kansai-sociology,2025,阪急交通社,,1,ku-soc-career-2025,教育・広告・その他サービス業
kansai,kansai-sociology,2025,マイナビ,,1,ku-soc-career-2025,教育・広告・その他サービス業
kansai,kansai-sociology,2025,Ｕ－ＮＥＸＴ,,1,ku-soc-career-2025,教育・広告・その他サービス業
kansai,kansai-sociology,2025,アズワン,,1,ku-soc-career-2025,卸売業・小売業
kansai,kansai-sociology,2025,イオンリテール,,1,ku-soc-career-2025,卸売業・小売業
kansai,kansai-sociology,2025,岩谷産業,,1,ku-soc-career-2025,卸売業・小売業
kansai,kansai-sociology,2025,キヤノンシステムアンドサポート,,1,ku-soc-career-2025,卸売業・小売業
kansai,kansai-sociology,2025,シャープマーケティングジャパン,,1,ku-soc-career-2025,卸売業・小売業
kansai,kansai-sociology,2025,ダイトロン,,1,ku-soc-career-2025,卸売業・小売業
kansai,kansai-sociology,2025,高島屋,,1,ku-soc-career-2025,卸売業・小売業
kansai,kansai-sociology,2025,椿本興業,,1,ku-soc-career-2025,卸売業・小売業
kansai,kansai-sociology,2025,日伝,,1,ku-soc-career-2025,卸売業・小売業
kansai,kansai-sociology,2025,日本アクセス,,1,ku-soc-career-2025,卸売業・小売業
kansai,kansai-sociology,2025,ニトリ,,1,ku-soc-career-2025,卸売業・小売業
kansai,kansai-sociology,2025,阪急阪神百貨店,,1,ku-soc-career-2025,卸売業・小売業
kansai,kansai-sociology,2025,阪和興業,,1,ku-soc-career-2025,卸売業・小売業
kansai,kansai-sociology,2025,ファーストリテイリンググループ,,1,ku-soc-career-2025,卸売業・小売業
kansai,kansai-sociology,2025,山善,,1,ku-soc-career-2025,卸売業・小売業
kansai,kansai-sociology,2025,ＹＵＡＳＡ,,1,ku-soc-career-2025,卸売業・小売業
kansai,kansai-sociology,2025,渡辺パイプ,,1,ku-soc-career-2025,卸売業・小売業
kansai,kansai-sociology,2025,ＳＭＢＣ日興証券,,1,ku-soc-career-2025,金融業・保険業
kansai,kansai-sociology,2025,大阪シティ信用金庫,,1,ku-soc-career-2025,金融業・保険業
kansai,kansai-sociology,2025,京都銀行,,1,ku-soc-career-2025,金融業・保険業
kansai,kansai-sociology,2025,住友生命保険,,1,ku-soc-career-2025,金融業・保険業
kansai,kansai-sociology,2025,損害保険ジャパン,,1,ku-soc-career-2025,金融業・保険業
kansai,kansai-sociology,2025,第一生命保険,,1,ku-soc-career-2025,金融業・保険業
kansai,kansai-sociology,2025,南都銀行,,1,ku-soc-career-2025,金融業・保険業
kansai,kansai-sociology,2025,日本生命保険,,1,ku-soc-career-2025,金融業・保険業
kansai,kansai-sociology,2025,みずほ銀行,,1,ku-soc-career-2025,金融業・保険業
kansai,kansai-sociology,2025,みずほ証券,,1,ku-soc-career-2025,金融業・保険業
kansai,kansai-sociology,2025,三井住友銀行,,1,ku-soc-career-2025,金融業・保険業
kansai,kansai-sociology,2025,三菱ＵＦＪ銀行,,1,ku-soc-career-2025,金融業・保険業
kansai,kansai-sociology,2025,三菱ＵＦＪモルガン・スタンレー証券,,1,ku-soc-career-2025,金融業・保険業
kansai,kansai-sociology,2025,明治安田生命保険,,1,ku-soc-career-2025,金融業・保険業
kansai,kansai-sociology,2025,ゆうちょ銀行,,1,ku-soc-career-2025,金融業・保険業
kansai,kansai-sociology,2025,りそなグループ,,1,ku-soc-career-2025,金融業・保険業
kansai,kansai-sociology,2025,国家公務員一般職,,1,ku-soc-career-2025,公務員・公立学校教員
kansai,kansai-sociology,2025,東京都職員,,1,ku-soc-career-2025,公務員・公立学校教員
kansai,kansai-sociology,2025,大阪府職員,,1,ku-soc-career-2025,公務員・公立学校教員
kansai,kansai-sociology,2025,奈良県職員,,1,ku-soc-career-2025,公務員・公立学校教員
kansai,kansai-sociology,2025,大阪市職員,,1,ku-soc-career-2025,公務員・公立学校教員
kansai,kansai-sociology,2025,堺市職員,,1,ku-soc-career-2025,公務員・公立学校教員
kansai,kansai-sociology,2025,神戸市職員,,1,ku-soc-career-2025,公務員・公立学校教員
kansai,kansai-sociology,2025,豊中市職員,,1,ku-soc-career-2025,公務員・公立学校教員
kansai,kansai-sociology,2025,東大阪市職員,,1,ku-soc-career-2025,公務員・公立学校教員
kansai,kansai-sociology,2025,奈良市職員,,1,ku-soc-career-2025,公務員・公立学校教員
kansai,kansai-sociology,2025,大阪府教員,,1,ku-soc-career-2025,公務員・公立学校教員
kansai,kansai-sociology,2025,兵庫県教員,,1,ku-soc-career-2025,公務員・公立学校教員
kansai,kansai-sociology,2025,大阪府警察官,,1,ku-soc-career-2025,公務員・公立学校教員
kansai,kansai-sociology,2025,大津市消防吏員,,1,ku-soc-career-2025,公務員・公立学校教員
kansai,kansai-sociology,2025,オリックス自動車,,1,ku-soc-career-2025,不動産業・物品賃貸業
kansai,kansai-sociology,2025,阪急阪神不動産,,1,ku-soc-career-2025,不動産業・物品賃貸業
kansai,kansai-sociology,2025,三井住友ファイナンス＆リース,,1,ku-soc-career-2025,不動産業・物品賃貸業
kansai,kansai-sociology,2025,積水ハウス,,1,ku-soc-career-2025,建設業
kansai,kansai-sociology,2025,大和ハウス工業,,1,ku-soc-career-2025,建設業
kansai,kansai-sociology,2025,竹中工務店,,1,ku-soc-career-2025,建設業
kansai,kansai-sociology,2025,ＬＩＸＩＬ,,1,ku-soc-career-2025,建設業
kansai,kansai-sociology,2025,リンナイ,,1,ku-soc-career-2025,建設業
kansai,kansai-sociology,2025,近鉄グループホールディングス,,1,ku-soc-career-2025,運輸業・郵便業
kansai,kansai-sociology,2025,東海旅客鉄道（ＪＲ東海）,,1,ku-soc-career-2025,運輸業・郵便業
kansai,kansai-sociology,2025,ＮＡＮＫＡＩ,,1,ku-soc-career-2025,運輸業・郵便業
kansai,kansai-sociology,2025,西日本旅客鉄道（ＪＲ西日本）,,1,ku-soc-career-2025,運輸業・郵便業
kansai,kansai-sociology,2025,日本郵便,,1,ku-soc-career-2025,運輸業・郵便業
kansai,kansai-sociology,2025,日本航空（ＪＡＬ）,,1,ku-soc-career-2025,運輸業・郵便業
kansai,kansai-sociology,2025,阪急電鉄,,1,ku-soc-career-2025,運輸業・郵便業
kansai,kansai-sociology,2025,関西電力,,1,ku-soc-career-2025,電気・ガス・熱供給・水道業
kansai,kansai-sociology,2025,全国健康保険協会,,1,ku-soc-career-2025,その他
kansai,kansai-sociology,2025,都市再生機構,,1,ku-soc-career-2025,その他
kansai,kansai-sociology,2025,日本年金機構,,1,ku-soc-career-2025,その他
kansai,kansai-policy,2025,アイリスオーヤマ,,1,ku-policy-career-2025,製造業
kansai,kansai-policy,2025,アシックス,,1,ku-policy-career-2025,製造業
kansai,kansai-policy,2025,エア・ウォーター,,1,ku-policy-career-2025,製造業
kansai,kansai-policy,2025,カシオ計算機,,1,ku-policy-career-2025,製造業
kansai,kansai-policy,2025,関西ペイント,,1,ku-policy-career-2025,製造業
kansai,kansai-policy,2025,キオクシア,,1,ku-policy-career-2025,製造業
kansai,kansai-policy,2025,ジェイテクト,,1,ku-policy-career-2025,製造業
kansai,kansai-policy,2025,SUBARU,,1,ku-policy-career-2025,製造業
kansai,kansai-policy,2025,DAIKEN,,1,ku-policy-career-2025,製造業
kansai,kansai-policy,2025,ダイフク,,1,ku-policy-career-2025,製造業
kansai,kansai-policy,2025,タカラスタンダード,,1,ku-policy-career-2025,製造業
kansai,kansai-policy,2025,デサントジャパン,,1,ku-policy-career-2025,製造業
kansai,kansai-policy,2025,東芝テック,,1,ku-policy-career-2025,製造業
kansai,kansai-policy,2025,東洋製罐グループホールディングス,,1,ku-policy-career-2025,製造業
kansai,kansai-policy,2025,TOYO TIRE,,1,ku-policy-career-2025,製造業
kansai,kansai-policy,2025,豊田自動織機,,1,ku-policy-career-2025,製造業
kansai,kansai-policy,2025,ニチレイフーズ,,1,ku-policy-career-2025,製造業
kansai,kansai-policy,2025,パナソニックグループ,,1,ku-policy-career-2025,製造業
kansai,kansai-policy,2025,三菱重工冷熱,,1,ku-policy-career-2025,製造業
kansai,kansai-policy,2025,三菱電機,,1,ku-policy-career-2025,製造業
kansai,kansai-policy,2025,ミネベアミツミ,,1,ku-policy-career-2025,製造業
kansai,kansai-policy,2025,山崎製パン,,1,ku-policy-career-2025,製造業
kansai,kansai-policy,2025,レンゴー,,1,ku-policy-career-2025,製造業
kansai,kansai-policy,2025,ワコール,,1,ku-policy-career-2025,製造業
kansai,kansai-policy,2025,ALSOK,,1,ku-policy-career-2025,教育・広告・その他サービス業
kansai,kansai-policy,2025,JTB,,1,ku-policy-career-2025,教育・広告・その他サービス業
kansai,kansai-policy,2025,デロイト トーマツ,,1,ku-policy-career-2025,教育・広告・その他サービス業
kansai,kansai-policy,2025,西日本高速道路（NEXCO西日本）,,1,ku-policy-career-2025,教育・広告・その他サービス業
kansai,kansai-policy,2025,阪神高速道路,,1,ku-policy-career-2025,教育・広告・その他サービス業
kansai,kansai-policy,2025,船井総合研究所,,1,ku-policy-career-2025,教育・広告・その他サービス業
kansai,kansai-policy,2025,ベイカレント,,1,ku-policy-career-2025,教育・広告・その他サービス業
kansai,kansai-policy,2025,マイナビ,,1,ku-policy-career-2025,教育・広告・その他サービス業
kansai,kansai-policy,2025,三菱電機システムサービス,,1,ku-policy-career-2025,教育・広告・その他サービス業
kansai,kansai-policy,2025,あいおいニッセイ同和損害保険,,1,ku-policy-career-2025,金融業・保険業
kansai,kansai-policy,2025,岡三証券,,1,ku-policy-career-2025,金融業・保険業
kansai,kansai-policy,2025,関西みらい銀行,,1,ku-policy-career-2025,金融業・保険業
kansai,kansai-policy,2025,京都銀行,,1,ku-policy-career-2025,金融業・保険業
kansai,kansai-policy,2025,京都中央信用金庫,,1,ku-policy-career-2025,金融業・保険業
kansai,kansai-policy,2025,ジェーシービー,,1,ku-policy-career-2025,金融業・保険業
kansai,kansai-policy,2025,損害保険ジャパン,,1,ku-policy-career-2025,金融業・保険業
kansai,kansai-policy,2025,大同生命保険,,1,ku-policy-career-2025,金融業・保険業
kansai,kansai-policy,2025,大和証券,,1,ku-policy-career-2025,金融業・保険業
kansai,kansai-policy,2025,東京海上日動火災保険,,1,ku-policy-career-2025,金融業・保険業
kansai,kansai-policy,2025,みずほ銀行,,1,ku-policy-career-2025,金融業・保険業
kansai,kansai-policy,2025,みずほ証券,,1,ku-policy-career-2025,金融業・保険業
kansai,kansai-policy,2025,三井住友カード,,1,ku-policy-career-2025,金融業・保険業
kansai,kansai-policy,2025,三井住友銀行,,1,ku-policy-career-2025,金融業・保険業
kansai,kansai-policy,2025,明治安田生命保険,,1,ku-policy-career-2025,金融業・保険業
kansai,kansai-policy,2025,りそなグループ,,1,ku-policy-career-2025,金融業・保険業
kansai,kansai-policy,2025,イオンリテール,,1,ku-policy-career-2025,卸売・小売業
kansai,kansai-policy,2025,岩谷産業,,1,ku-policy-career-2025,卸売・小売業
kansai,kansai-policy,2025,ウメトク,,1,ku-policy-career-2025,卸売・小売業
kansai,kansai-policy,2025,サンリオ,,1,ku-policy-career-2025,卸売・小売業
kansai,kansai-policy,2025,サンワテクノス,,1,ku-policy-career-2025,卸売・小売業
kansai,kansai-policy,2025,住友商事,,1,ku-policy-career-2025,卸売・小売業
kansai,kansai-policy,2025,大丸松坂屋百貨店,,1,ku-policy-career-2025,卸売・小売業
kansai,kansai-policy,2025,ダイワボウ情報システム,,1,ku-policy-career-2025,卸売・小売業
kansai,kansai-policy,2025,ドウシシャ,,1,ku-policy-career-2025,卸売・小売業
kansai,kansai-policy,2025,トラスコ中山,,1,ku-policy-career-2025,卸売・小売業
kansai,kansai-policy,2025,ファーストリテイリンググループ,,1,ku-policy-career-2025,卸売・小売業
kansai,kansai-policy,2025,マクニカ,,1,ku-policy-career-2025,卸売・小売業
kansai,kansai-policy,2025,山星屋,,1,ku-policy-career-2025,卸売・小売業
kansai,kansai-policy,2025,リコージャパン,,1,ku-policy-career-2025,卸売・小売業
kansai,kansai-policy,2025,NECネッツエスアイ,,1,ku-policy-career-2025,情報通信業
kansai,kansai-policy,2025,NTTデータ関西,,1,ku-policy-career-2025,情報通信業
kansai,kansai-policy,2025,兼松エレクトロニクス,,1,ku-policy-career-2025,情報通信業
kansai,kansai-policy,2025,サイバーエージェント,,1,ku-policy-career-2025,情報通信業
kansai,kansai-policy,2025,JCOM,,1,ku-policy-career-2025,情報通信業
kansai,kansai-policy,2025,Sky,,1,ku-policy-career-2025,情報通信業
kansai,kansai-policy,2025,スミセイ情報システム,,1,ku-policy-career-2025,情報通信業
kansai,kansai-policy,2025,TIS,,1,ku-policy-career-2025,情報通信業
kansai,kansai-policy,2025,日立ソリューションズ,,1,ku-policy-career-2025,情報通信業
kansai,kansai-policy,2025,楽天グループ,,1,ku-policy-career-2025,情報通信業
kansai,kansai-policy,2025,ロジスティードソリューションズ,,1,ku-policy-career-2025,情報通信業
kansai,kansai-policy,2025,一条工務店,,1,ku-policy-career-2025,建設業
kansai,kansai-policy,2025,住友電設,,1,ku-policy-career-2025,建設業
kansai,kansai-policy,2025,住友林業,,1,ku-policy-career-2025,建設業
kansai,kansai-policy,2025,積水ハウス,,1,ku-policy-career-2025,建設業
kansai,kansai-policy,2025,高松建設,,1,ku-policy-career-2025,建設業
kansai,kansai-policy,2025,長谷工コミュニティ,,1,ku-policy-career-2025,不動産業・物品賃貸業
kansai,kansai-policy,2025,三菱オートリース,,1,ku-policy-career-2025,不動産業・物品賃貸業
kansai,kansai-policy,2025,リコーリース,,1,ku-policy-career-2025,不動産業・物品賃貸業
kansai,kansai-policy,2025,JFE物流,,1,ku-policy-career-2025,運輸業・郵便業
kansai,kansai-policy,2025,全日本空輸（ANA）,,1,ku-policy-career-2025,運輸業・郵便業
kansai,kansai-policy,2025,日本貨物鉄道,,1,ku-policy-career-2025,運輸業・郵便業
kansai,kansai-policy,2025,三井倉庫ホールディングス,,1,ku-policy-career-2025,運輸業・郵便業
kansai,kansai-policy,2025,中部電力,,1,ku-policy-career-2025,電気・ガス・熱供給・水道業
kansai,kansai-policy,2025,東京ガスエンジニアリングソリューションズ,,1,ku-policy-career-2025,電気・ガス・熱供給・水道業
kansai,kansai-policy,2025,パナソニックグループ労働組合連合会,,1,ku-policy-career-2025,その他
kansai,kansai-policy,2025,国家公務員一般職,5,1,ku-policy-public-2025,公務員・公立学校教員
kansai,kansai-policy,2025,皇宮護衛官,1,1,ku-policy-public-2025,公務員・公立学校教員
kansai,kansai-policy,2025,国税専門官,4,1,ku-policy-public-2025,公務員・公立学校教員
kansai,kansai-foreign,2025,アストラゼネカ,,1,ku-fl-recruit-2025,製造業
kansai,kansai-foreign,2025,エイエイエスケータリング,,1,ku-fl-recruit-2025,製造業
kansai,kansai-foreign,2025,ＡＮＡケータリングサービス,,1,ku-fl-recruit-2025,製造業
kansai,kansai-foreign,2025,ＮＳファーファ・ジャパン,,1,ku-fl-recruit-2025,製造業
kansai,kansai-foreign,2025,川崎重工業,,1,ku-fl-recruit-2025,製造業
kansai,kansai-foreign,2025,キヤノン,,1,ku-fl-recruit-2025,製造業
kansai,kansai-foreign,2025,キリンホールディングス,,1,ku-fl-recruit-2025,製造業
kansai,kansai-foreign,2025,クボタ,,1,ku-fl-recruit-2025,製造業
kansai,kansai-foreign,2025,コカ・コーラ ボトラーズジャパン,,1,ku-fl-recruit-2025,製造業
kansai,kansai-foreign,2025,小林製薬,,1,ku-fl-recruit-2025,製造業
kansai,kansai-foreign,2025,菰下鎔断,,1,ku-fl-recruit-2025,製造業
kansai,kansai-foreign,2025,ＧＳユアサ,,1,ku-fl-recruit-2025,製造業
kansai,kansai-foreign,2025,シロ,,1,ku-fl-recruit-2025,製造業
kansai,kansai-foreign,2025,ＳＣＲＥＥＮホールディングス,,1,ku-fl-recruit-2025,製造業
kansai,kansai-foreign,2025,住友電気工業,,1,ku-fl-recruit-2025,製造業
kansai,kansai-foreign,2025,住友ベークライト,,1,ku-fl-recruit-2025,製造業
kansai,kansai-foreign,2025,ダイハツ工業,,1,ku-fl-recruit-2025,製造業
kansai,kansai-foreign,2025,太平洋セメント,,1,ku-fl-recruit-2025,製造業
kansai,kansai-foreign,2025,ＴＤＫ,,1,ku-fl-recruit-2025,製造業
kansai,kansai-foreign,2025,ニコン,,1,ku-fl-recruit-2025,製造業
kansai,kansai-foreign,2025,パナソニックグループ,,1,ku-fl-recruit-2025,製造業
kansai,kansai-foreign,2025,バンダイナムコエンターテインメント,,1,ku-fl-recruit-2025,製造業
kansai,kansai-foreign,2025,バンドー化学,,1,ku-fl-recruit-2025,製造業
kansai,kansai-foreign,2025,丸大食品,,1,ku-fl-recruit-2025,製造業
kansai,kansai-foreign,2025,三ツ星ベルト,,1,ku-fl-recruit-2025,製造業
kansai,kansai-foreign,2025,村田製作所,,1,ku-fl-recruit-2025,製造業
kansai,kansai-foreign,2025,ヤマキ,,1,ku-fl-recruit-2025,製造業
kansai,kansai-foreign,2025,ヤンマーホールディングス,,1,ku-fl-recruit-2025,製造業
kansai,kansai-foreign,2025,ＵＮＩＴＥＤ ＦＯＯＤＳ ＩＮＴＥＲＮＡＴＩＯＮＡＬ,,1,ku-fl-recruit-2025,製造業
kansai,kansai-foreign,2025,ローム,,1,ku-fl-recruit-2025,製造業
kansai,kansai-foreign,2025,ＩＳＳリアライズ,,1,ku-fl-recruit-2025,卸売・小売業
kansai,kansai-foreign,2025,アズワン,,1,ku-fl-recruit-2025,卸売・小売業
kansai,kansai-foreign,2025,アマゾンジャパン,,1,ku-fl-recruit-2025,卸売・小売業
kansai,kansai-foreign,2025,イオンペット,,1,ku-fl-recruit-2025,卸売・小売業
kansai,kansai-foreign,2025,伊藤忠ケミカルフロンティア,,1,ku-fl-recruit-2025,卸売・小売業
kansai,kansai-foreign,2025,伊藤忠マシンテクノス,,1,ku-fl-recruit-2025,卸売・小売業
kansai,kansai-foreign,2025,関西エアポートリテールサービス,,1,ku-fl-recruit-2025,卸売・小売業
kansai,kansai-foreign,2025,ＫＩＳＣＯ,,1,ku-fl-recruit-2025,卸売・小売業
kansai,kansai-foreign,2025,キデイランド,,1,ku-fl-recruit-2025,卸売・小売業
kansai,kansai-foreign,2025,キヤノンシステムアンドサポート,,1,ku-fl-recruit-2025,卸売・小売業
kansai,kansai-foreign,2025,ＪＴＢ商事,,1,ku-fl-recruit-2025,卸売・小売業
kansai,kansai-foreign,2025,辰巳屋興業,,1,ku-fl-recruit-2025,卸売・小売業
kansai,kansai-foreign,2025,ディマンシェ,,1,ku-fl-recruit-2025,卸売・小売業
kansai,kansai-foreign,2025,東工コーセン,,1,ku-fl-recruit-2025,卸売・小売業
kansai,kansai-foreign,2025,長瀬産業,,1,ku-fl-recruit-2025,卸売・小売業
kansai,kansai-foreign,2025,ニトリ,,1,ku-fl-recruit-2025,卸売・小売業
kansai,kansai-foreign,2025,パン・パシフィック・インターナショナルホールディングス,,1,ku-fl-recruit-2025,卸売・小売業
kansai,kansai-foreign,2025,阪和興業,,1,ku-fl-recruit-2025,卸売・小売業
kansai,kansai-foreign,2025,ミカサ商事,,1,ku-fl-recruit-2025,卸売・小売業
kansai,kansai-foreign,2025,ミスミ,,1,ku-fl-recruit-2025,卸売・小売業
kansai,kansai-foreign,2025,三井物産スチール,,1,ku-fl-recruit-2025,卸売・小売業
kansai,kansai-foreign,2025,三菱電機住環境システムズ,,1,ku-fl-recruit-2025,卸売・小売業
kansai,kansai-foreign,2025,明伸工機,,1,ku-fl-recruit-2025,卸売・小売業
kansai,kansai-foreign,2025,八木通商,,1,ku-fl-recruit-2025,卸売・小売業
kansai,kansai-foreign,2025,ＹＵＡＳＡ,,1,ku-fl-recruit-2025,卸売・小売業
kansai,kansai-foreign,2025,ヨドバシカメラ,,1,ku-fl-recruit-2025,卸売・小売業
kansai,kansai-foreign,2025,Ｒｉｓｅ ＵＰ,,1,ku-fl-recruit-2025,卸売・小売業
kansai,kansai-foreign,2025,レカム,,1,ku-fl-recruit-2025,卸売・小売業
kansai,kansai-foreign,2025,和歌山トヨペット,,1,ku-fl-recruit-2025,卸売・小売業
kansai,kansai-foreign,2025,アデコ,,1,ku-fl-recruit-2025,教育・広告・その他サービス業
kansai,kansai-foreign,2025,アパホテル,,1,ku-fl-recruit-2025,教育・広告・その他サービス業
kansai,kansai-foreign,2025,アビームコンサルティング,,1,ku-fl-recruit-2025,教育・広告・その他サービス業
kansai,kansai-foreign,2025,ウィルオブ・コンストラクション,,1,ku-fl-recruit-2025,教育・広告・その他サービス業
kansai,kansai-foreign,2025,ＡＶｉＣ,,1,ku-fl-recruit-2025,教育・広告・その他サービス業
kansai,kansai-foreign,2025,ＮＴＴネクシア,,1,ku-fl-recruit-2025,教育・広告・その他サービス業
kansai,kansai-foreign,2025,基礎地盤コンサルタンツ,,1,ku-fl-recruit-2025,教育・広告・その他サービス業
kansai,kansai-foreign,2025,ギャラクシーコーポレーションジャパン,,1,ku-fl-recruit-2025,教育・広告・その他サービス業
kansai,kansai-foreign,2025,京都大学,,1,ku-fl-recruit-2025,教育・広告・その他サービス業
kansai,kansai-foreign,2025,クラブツーリズム,,1,ku-fl-recruit-2025,教育・広告・その他サービス業
kansai,kansai-foreign,2025,クリスタルインターナショナル,,1,ku-fl-recruit-2025,教育・広告・その他サービス業
kansai,kansai-foreign,2025,グローバルパワー,,1,ku-fl-recruit-2025,教育・広告・その他サービス業
kansai,kansai-foreign,2025,甲南女子学園,,1,ku-fl-recruit-2025,教育・広告・その他サービス業
kansai,kansai-foreign,2025,神戸学園,,1,ku-fl-recruit-2025,教育・広告・その他サービス業
kansai,kansai-foreign,2025,四季,,1,ku-fl-recruit-2025,教育・広告・その他サービス業
kansai,kansai-foreign,2025,駿河台学園,,1,ku-fl-recruit-2025,教育・広告・その他サービス業
kansai,kansai-foreign,2025,橘,,1,ku-fl-recruit-2025,教育・広告・その他サービス業
kansai,kansai-foreign,2025,東京海上日動コミュニケーションズ,,1,ku-fl-recruit-2025,教育・広告・その他サービス業
kansai,kansai-foreign,2025,Ｈａｊｉｍａｒｉ,,1,ku-fl-recruit-2025,教育・広告・その他サービス業
kansai,kansai-foreign,2025,阪急交通社,,1,ku-fl-recruit-2025,教育・広告・その他サービス業
kansai,kansai-foreign,2025,日立ビルシステム,,1,ku-fl-recruit-2025,教育・広告・その他サービス業
kansai,kansai-foreign,2025,ヒューリックホテルマネジメント,,1,ku-fl-recruit-2025,教育・広告・その他サービス業
kansai,kansai-foreign,2025,風林会,,1,ku-fl-recruit-2025,教育・広告・その他サービス業
kansai,kansai-foreign,2025,ＢＯＸ,,1,ku-fl-recruit-2025,教育・広告・その他サービス業
kansai,kansai-foreign,2025,三井不動産リゾートマネジメント,,1,ku-fl-recruit-2025,教育・広告・その他サービス業
kansai,kansai-foreign,2025,ワールドインテック,,1,ku-fl-recruit-2025,教育・広告・その他サービス業
kansai,kansai-foreign,2025,ＡＮＡ関西空港,,1,ku-fl-recruit-2025,運輸業・郵便業
kansai,kansai-foreign,2025,ＡＮＡ成田エアポートサービス,,1,ku-fl-recruit-2025,運輸業・郵便業
kansai,kansai-foreign,2025,近畿日本鉄道,,1,ku-fl-recruit-2025,運輸業・郵便業
kansai,kansai-foreign,2025,ＪＡＬスカイ,,1,ku-fl-recruit-2025,運輸業・郵便業
kansai,kansai-foreign,2025,シンガポール・エアラインズ・リミテッド,,1,ku-fl-recruit-2025,運輸業・郵便業
kansai,kansai-foreign,2025,スターフライヤー,,1,ku-fl-recruit-2025,運輸業・郵便業
kansai,kansai-foreign,2025,全日本空輸（ＡＮＡ）,,1,ku-fl-recruit-2025,運輸業・郵便業
kansai,kansai-foreign,2025,ディー・エイチ・エル・ジャパン,,1,ku-fl-recruit-2025,運輸業・郵便業
kansai,kansai-foreign,2025,ＤＨＬグローバルフォワーディングジャパン,,1,ku-fl-recruit-2025,運輸業・郵便業
kansai,kansai-foreign,2025,西日本鉄道,,1,ku-fl-recruit-2025,運輸業・郵便業
kansai,kansai-foreign,2025,ニッコン,,1,ku-fl-recruit-2025,運輸業・郵便業
kansai,kansai-foreign,2025,日触物流,,1,ku-fl-recruit-2025,運輸業・郵便業
kansai,kansai-foreign,2025,日通ＮＥＣロジスティクス,,1,ku-fl-recruit-2025,運輸業・郵便業
kansai,kansai-foreign,2025,日本通運,,1,ku-fl-recruit-2025,運輸業・郵便業
kansai,kansai-foreign,2025,日本航空（ＪＡＬ）,,1,ku-fl-recruit-2025,運輸業・郵便業
kansai,kansai-foreign,2025,阪急阪神エクスプレス,,1,ku-fl-recruit-2025,運輸業・郵便業
kansai,kansai-foreign,2025,Ｐｅａｃｈ・Ａｖｉａｔｉｏｎ,,1,ku-fl-recruit-2025,運輸業・郵便業
kansai,kansai-foreign,2025,三井物産グローバルロジスティクス,,1,ku-fl-recruit-2025,運輸業・郵便業
kansai,kansai-foreign,2025,ヤマタネ,,1,ku-fl-recruit-2025,運輸業・郵便業
kansai,kansai-foreign,2025,ヤマト運輸,,1,ku-fl-recruit-2025,運輸業・郵便業
kansai,kansai-foreign,2025,大阪府教員,,1,ku-fl-recruit-2025,公務員・公立学校教員
kansai,kansai-foreign,2025,京都市教員,,1,ku-fl-recruit-2025,公務員・公立学校教員
kansai,kansai-foreign,2025,警視庁,,1,ku-fl-recruit-2025,公務員・公立学校教員
kansai,kansai-foreign,2025,航空管制官,,1,ku-fl-recruit-2025,公務員・公立学校教員
kansai,kansai-foreign,2025,国家公務員一般職,,1,ku-fl-recruit-2025,公務員・公立学校教員
kansai,kansai-foreign,2025,造幣局,,1,ku-fl-recruit-2025,公務員・公立学校教員
kansai,kansai-foreign,2025,豊中市消防吏員,,1,ku-fl-recruit-2025,公務員・公立学校教員
kansai,kansai-foreign,2025,奈良県教員,,1,ku-fl-recruit-2025,公務員・公立学校教員
kansai,kansai-foreign,2025,山口県教員,,1,ku-fl-recruit-2025,公務員・公立学校教員
kansai,kansai-foreign,2025,ＮＴＴ西日本,,1,ku-fl-recruit-2025,情報通信業
kansai,kansai-foreign,2025,コベルコシステム,,1,ku-fl-recruit-2025,情報通信業
kansai,kansai-foreign,2025,ソウルドアウト,,1,ku-fl-recruit-2025,情報通信業
kansai,kansai-foreign,2025,トランスコスモス,,1,ku-fl-recruit-2025,情報通信業
kansai,kansai-foreign,2025,日本アイ・ビー・エム,,1,ku-fl-recruit-2025,情報通信業
kansai,kansai-foreign,2025,ビジネスエンジニアリング,,1,ku-fl-recruit-2025,情報通信業
kansai,kansai-foreign,2025,富士ソフト,,1,ku-fl-recruit-2025,情報通信業
kansai,kansai-foreign,2025,楽天グループ,,1,ku-fl-recruit-2025,情報通信業
kansai,kansai-foreign,2025,関西みらい銀行,,1,ku-fl-recruit-2025,金融業・保険業
kansai,kansai-foreign,2025,紀陽銀行,,1,ku-fl-recruit-2025,金融業・保険業
kansai,kansai-foreign,2025,住友生命保険,,1,ku-fl-recruit-2025,金融業・保険業
kansai,kansai-foreign,2025,東海東京フィナンシャル・ホールディングス,,1,ku-fl-recruit-2025,金融業・保険業
kansai,kansai-foreign,2025,三菱ＵＦＪ銀行,,1,ku-fl-recruit-2025,金融業・保険業
kansai,kansai-foreign,2025,三菱ＵＦＪモルガン・スタンレー証券,,1,ku-fl-recruit-2025,金融業・保険業
kansai,kansai-foreign,2025,ＮＳＴ,,1,ku-fl-recruit-2025,不動産業・物品賃貸業
kansai,kansai-foreign,2025,京都住宅センター学生住宅,,1,ku-fl-recruit-2025,不動産業・物品賃貸業
kansai,kansai-foreign,2025,東京センチュリー,,1,ku-fl-recruit-2025,不動産業・物品賃貸業
kansai,kansai-foreign,2025,トヨタレンタリース大阪,,1,ku-fl-recruit-2025,不動産業・物品賃貸業
kansai,kansai-foreign,2025,ケイアイスター不動産,,1,ku-fl-recruit-2025,建設業
kansai,kansai-foreign,2025,住友林業,,1,ku-fl-recruit-2025,建設業
kansai,kansai-foreign,2025,大和リース,,1,ku-fl-recruit-2025,建設業
kansai,kansai-foreign,2025,大阪中河内農業協同組合,,1,ku-fl-recruit-2025,その他
kansai,kansai-foreign,2025,日本年金機構,,1,ku-fl-recruit-2025,その他
kansai,kansai-health,2025,愛仁会,,1,ku-hw-career-2025,教育・広告・その他サービス業（私立学校教員含む）
kansai,kansai-health,2025,明石市社会福祉協議会,,1,ku-hw-career-2025,教育・広告・その他サービス業（私立学校教員含む）
kansai,kansai-health,2025,イオンディライト,,1,ku-hw-career-2025,教育・広告・その他サービス業（私立学校教員含む）
kansai,kansai-health,2025,市原うぐいす会,,1,ku-hw-career-2025,教育・広告・その他サービス業（私立学校教員含む）
kansai,kansai-health,2025,大阪府立病院機構,,1,ku-hw-career-2025,教育・広告・その他サービス業（私立学校教員含む）
kansai,kansai-health,2025,コナミスポーツ,,1,ku-hw-career-2025,教育・広告・その他サービス業（私立学校教員含む）
kansai,kansai-health,2025,JTB,,1,ku-hw-career-2025,教育・広告・その他サービス業（私立学校教員含む）
kansai,kansai-health,2025,聖徳園,,1,ku-hw-career-2025,教育・広告・その他サービス業（私立学校教員含む）
kansai,kansai-health,2025,水仙福祉会,,1,ku-hw-career-2025,教育・広告・その他サービス業（私立学校教員含む）
kansai,kansai-health,2025,聖隷福祉事業団,,1,ku-hw-career-2025,教育・広告・その他サービス業（私立学校教員含む）
kansai,kansai-health,2025,たちばな会,,1,ku-hw-career-2025,教育・広告・その他サービス業（私立学校教員含む）
kansai,kansai-health,2025,東京聖労院,,1,ku-hw-career-2025,教育・広告・その他サービス業（私立学校教員含む）
kansai,kansai-health,2025,日本福祉サービス,,1,ku-hw-career-2025,教育・広告・その他サービス業（私立学校教員含む）
kansai,kansai-health,2025,パーソルテンプスタッフ,,1,ku-hw-career-2025,教育・広告・その他サービス業（私立学校教員含む）
kansai,kansai-health,2025,パソナグループ,,1,ku-hw-career-2025,教育・広告・その他サービス業（私立学校教員含む）
kansai,kansai-health,2025,阪急交通社,,1,ku-hw-career-2025,教育・広告・その他サービス業（私立学校教員含む）
kansai,kansai-health,2025,ベネッセスタイルケア,,1,ku-hw-career-2025,教育・広告・その他サービス業（私立学校教員含む）
kansai,kansai-health,2025,みねやま福祉会,,1,ku-hw-career-2025,教育・広告・その他サービス業（私立学校教員含む）
kansai,kansai-health,2025,ユー・エス・ジェイ,,1,ku-hw-career-2025,教育・広告・その他サービス業（私立学校教員含む）
kansai,kansai-health,2025,ライフサポート協会,,1,ku-hw-career-2025,教育・広告・その他サービス業（私立学校教員含む）
kansai,kansai-health,2025,アイリスオーヤマ,,1,ku-hw-career-2025,製造業
kansai,kansai-health,2025,伊藤園,,1,ku-hw-career-2025,製造業
kansai,kansai-health,2025,NTN,,1,ku-hw-career-2025,製造業
kansai,kansai-health,2025,王子ホールディングス,,1,ku-hw-career-2025,製造業
kansai,kansai-health,2025,大塚製薬,,1,ku-hw-career-2025,製造業
kansai,kansai-health,2025,オリエンタルモーター,,1,ku-hw-career-2025,製造業
kansai,kansai-health,2025,カナデビア,,1,ku-hw-career-2025,製造業
kansai,kansai-health,2025,キーエンス,,1,ku-hw-career-2025,製造業
kansai,kansai-health,2025,クボタ,,1,ku-hw-career-2025,製造業
kansai,kansai-health,2025,コクヨ,,1,ku-hw-career-2025,製造業
kansai,kansai-health,2025,三甲,,1,ku-hw-career-2025,製造業
kansai,kansai-health,2025,三和シヤッター工業,,1,ku-hw-career-2025,製造業
kansai,kansai-health,2025,ジェイテクト,,1,ku-hw-career-2025,製造業
kansai,kansai-health,2025,シスメックス,,1,ku-hw-career-2025,製造業
kansai,kansai-health,2025,スズキ,,1,ku-hw-career-2025,製造業
kansai,kansai-health,2025,住友電気工業,,1,ku-hw-career-2025,製造業
kansai,kansai-health,2025,積水化学工業,,1,ku-hw-career-2025,製造業
kansai,kansai-health,2025,ゼネラル,,1,ku-hw-career-2025,製造業
kansai,kansai-health,2025,象印マホービン,,1,ku-hw-career-2025,製造業
kansai,kansai-health,2025,大同特殊鋼,,1,ku-hw-career-2025,製造業
kansai,kansai-health,2025,ダイハツ工業,,1,ku-hw-career-2025,製造業
kansai,kansai-health,2025,帝人,,1,ku-hw-career-2025,製造業
kansai,kansai-health,2025,デンソーテン,,1,ku-hw-career-2025,製造業
kansai,kansai-health,2025,東芝テック,,1,ku-hw-career-2025,製造業
kansai,kansai-health,2025,TOTO,,1,ku-hw-career-2025,製造業
kansai,kansai-health,2025,豊田合成,,1,ku-hw-career-2025,製造業
kansai,kansai-health,2025,豊田自動織機,,1,ku-hw-career-2025,製造業
kansai,kansai-health,2025,ナリコマグループ,,1,ku-hw-career-2025,製造業
kansai,kansai-health,2025,日本化薬,,1,ku-hw-career-2025,製造業
kansai,kansai-health,2025,ノエビア,,1,ku-hw-career-2025,製造業
kansai,kansai-health,2025,パナソニックハウジングソリューションズ,,1,ku-hw-career-2025,製造業
kansai,kansai-health,2025,日立製作所,,1,ku-hw-career-2025,製造業
kansai,kansai-health,2025,マキタ,,1,ku-hw-career-2025,製造業
kansai,kansai-health,2025,山崎製パン,,1,ku-hw-career-2025,製造業
kansai,kansai-health,2025,雪印メグミルク,,1,ku-hw-career-2025,製造業
kansai,kansai-health,2025,ライオン,,1,ku-hw-career-2025,製造業
kansai,kansai-health,2025,ワコール,,1,ku-hw-career-2025,製造業
kansai,kansai-health,2025,岩谷産業,,1,ku-hw-career-2025,卸売・小売業
kansai,kansai-health,2025,花王グループカスタマーマーケティング,,1,ku-hw-career-2025,卸売・小売業
kansai,kansai-health,2025,クスリのアオキ,,1,ku-hw-career-2025,卸売・小売業
kansai,kansai-health,2025,コカ・コーラボトラーズジャパンベンディング,,1,ku-hw-career-2025,卸売・小売業
kansai,kansai-health,2025,コスモス薬品,,1,ku-hw-career-2025,卸売・小売業
kansai,kansai-health,2025,双日,,1,ku-hw-career-2025,卸売・小売業
kansai,kansai-health,2025,トーカイ,,1,ku-hw-career-2025,卸売・小売業
kansai,kansai-health,2025,ニトリ,,1,ku-hw-career-2025,卸売・小売業
kansai,kansai-health,2025,ファーストリテイリンググループ,,1,ku-hw-career-2025,卸売・小売業
kansai,kansai-health,2025,ヤナセ,,1,ku-hw-career-2025,卸売・小売業
kansai,kansai-health,2025,山善,,1,ku-hw-career-2025,卸売・小売業
kansai,kansai-health,2025,ヨドバシカメラ,,1,ku-hw-career-2025,卸売・小売業
kansai,kansai-health,2025,渡辺パイプ,,1,ku-hw-career-2025,卸売・小売業
kansai,kansai-health,2025,国税専門官,,1,ku-hw-career-2025,公務員
kansai,kansai-health,2025,東京都職員,,1,ku-hw-career-2025,公務員
kansai,kansai-health,2025,大阪府職員,,1,ku-hw-career-2025,公務員
kansai,kansai-health,2025,和歌山県職員,,1,ku-hw-career-2025,公務員
kansai,kansai-health,2025,京都市職員,,1,ku-hw-career-2025,公務員
kansai,kansai-health,2025,大阪市職員,,1,ku-hw-career-2025,公務員
kansai,kansai-health,2025,堺市職員,,1,ku-hw-career-2025,公務員
kansai,kansai-health,2025,神戸市職員,,1,ku-hw-career-2025,公務員
kansai,kansai-health,2025,東京都特別区職員,,1,ku-hw-career-2025,公務員
kansai,kansai-health,2025,和泉市職員,,1,ku-hw-career-2025,公務員
kansai,kansai-health,2025,大阪狭山市職員,,1,ku-hw-career-2025,公務員
kansai,kansai-health,2025,東大阪市職員,,1,ku-hw-career-2025,公務員
kansai,kansai-health,2025,岸和田市職員,,1,ku-hw-career-2025,公務員
kansai,kansai-health,2025,豊中市職員,,1,ku-hw-career-2025,公務員
kansai,kansai-health,2025,寝屋川市職員,,1,ku-hw-career-2025,公務員
kansai,kansai-health,2025,加東市職員,,1,ku-hw-career-2025,公務員
kansai,kansai-health,2025,大阪府教員,,1,ku-hw-career-2025,公務員
kansai,kansai-health,2025,大阪市教員,,1,ku-hw-career-2025,公務員
kansai,kansai-health,2025,和泉市教員,,1,ku-hw-career-2025,公務員
kansai,kansai-health,2025,兵庫県教員,,1,ku-hw-career-2025,公務員
kansai,kansai-health,2025,鳥取県教員,,1,ku-hw-career-2025,公務員
kansai,kansai-health,2025,愛媛県教員,,1,ku-hw-career-2025,公務員
kansai,kansai-health,2025,高知市教員,,1,ku-hw-career-2025,公務員
kansai,kansai-health,2025,警視庁,,1,ku-hw-career-2025,公務員
kansai,kansai-health,2025,石川県警察官,,1,ku-hw-career-2025,公務員
kansai,kansai-health,2025,徳島県警察官,,1,ku-hw-career-2025,公務員
kansai,kansai-health,2025,東京消防庁,,1,ku-hw-career-2025,公務員
kansai,kansai-health,2025,NECソリューションイノベータ,,1,ku-hw-career-2025,情報通信業
kansai,kansai-health,2025,大塚商会,,1,ku-hw-career-2025,情報通信業
kansai,kansai-health,2025,オービック,,1,ku-hw-career-2025,情報通信業
kansai,kansai-health,2025,JCOM,,1,ku-hw-career-2025,情報通信業
kansai,kansai-health,2025,Sky,,1,ku-hw-career-2025,情報通信業
kansai,kansai-health,2025,日本アイ・ビー・エム,,1,ku-hw-career-2025,情報通信業
kansai,kansai-health,2025,富士フイルムビジネスイノベーションジャパン,,1,ku-hw-career-2025,情報通信業
kansai,kansai-health,2025,SBIホールディングス,,1,ku-hw-career-2025,金融業・保険業
kansai,kansai-health,2025,関西みらい銀行,,1,ku-hw-career-2025,金融業・保険業
kansai,kansai-health,2025,かんぽ生命保険,,1,ku-hw-career-2025,金融業・保険業
kansai,kansai-health,2025,住友生命保険,,1,ku-hw-career-2025,金融業・保険業
kansai,kansai-health,2025,ソニー生命保険,,1,ku-hw-career-2025,金融業・保険業
kansai,kansai-health,2025,第四北越銀行,,1,ku-hw-career-2025,金融業・保険業
kansai,kansai-health,2025,日本生命保険,,1,ku-hw-career-2025,金融業・保険業
kansai,kansai-health,2025,みずほフィナンシャルグループ,,1,ku-hw-career-2025,金融業・保険業
kansai,kansai-health,2025,ゆうちょ銀行,,1,ku-hw-career-2025,金融業・保険業
kansai,kansai-health,2025,一条工務店,,1,ku-hw-career-2025,建設業
kansai,kansai-health,2025,きんでん,,1,ku-hw-career-2025,建設業
kansai,kansai-health,2025,積水ハウス,,1,ku-hw-career-2025,建設業
kansai,kansai-health,2025,大阪市高速電気軌道,,1,ku-hw-career-2025,運輸業・郵便業
kansai,kansai-health,2025,山九,,1,ku-hw-career-2025,運輸業・郵便業
kansai,kansai-health,2025,名古屋鉄道,,1,ku-hw-career-2025,運輸業・郵便業
kansai,kansai-health,2025,西日本旅客鉄道（JR西日本）,,1,ku-hw-career-2025,運輸業・郵便業
kansai,kansai-health,2025,日鉄物流,,1,ku-hw-career-2025,運輸業・郵便業
kansai,kansai-health,2025,関西電力,,1,ku-hw-career-2025,電気・ガス・熱供給・水道業
kansai,kansai-health,2025,メタウォーター,,1,ku-hw-career-2025,電気・ガス・熱供給・水道業
kansai,kansai-health,2025,阪急阪神不動産,,1,ku-hw-career-2025,不動産業・物品賃貸業
kansai,kansai-health,2025,三井不動産リアルティ,,1,ku-hw-career-2025,不動産業・物品賃貸業
kansai,kansai-health,2025,国立病院機構,,1,ku-hw-career-2025,その他
kansai,kansai-health,2025,日本年金機構,,1,ku-hw-career-2025,その他
kansai,kansai-informatics,2024,アイテック阪急阪神,,1,ku-inf-results-2024,情報通信業
kansai,kansai-informatics,2024,伊藤忠テクノソリューションズ,,1,ku-inf-results-2024,情報通信業
kansai,kansai-informatics,2024,インターネットイニシアティブ,,1,ku-inf-results-2024,情報通信業
kansai,kansai-informatics,2024,インテック,,1,ku-inf-results-2024,情報通信業
kansai,kansai-informatics,2024,内田洋行,,1,ku-inf-results-2024,情報通信業
kansai,kansai-informatics,2024,SCSK,,1,ku-inf-results-2024,情報通信業
kansai,kansai-informatics,2024,SBテクノロジー,,1,ku-inf-results-2024,情報通信業
kansai,kansai-informatics,2024,エヌ・ティ・ティ・コムウェア,,1,ku-inf-results-2024,情報通信業
kansai,kansai-informatics,2024,NTTデータ,,1,ku-inf-results-2024,情報通信業
kansai,kansai-informatics,2024,NECネクサソリューションズ,,1,ku-inf-results-2024,情報通信業
kansai,kansai-informatics,2024,NTTデータ関西,,1,ku-inf-results-2024,情報通信業
kansai,kansai-informatics,2024,NTTドコモ,,1,ku-inf-results-2024,情報通信業
kansai,kansai-informatics,2024,エフサステクノロジーズ,,1,ku-inf-results-2024,情報通信業
kansai,kansai-informatics,2024,オージス総研,,1,ku-inf-results-2024,情報通信業
kansai,kansai-informatics,2024,オービックビジネスコンサルタント,,1,ku-inf-results-2024,情報通信業
kansai,kansai-informatics,2024,オプテージ,,1,ku-inf-results-2024,情報通信業
kansai,kansai-informatics,2024,カプコン,,1,ku-inf-results-2024,情報通信業
kansai,kansai-informatics,2024,キヤノンITソリューションズ,,1,ku-inf-results-2024,情報通信業
kansai,kansai-informatics,2024,京セラコミュニケーションシステム,,1,ku-inf-results-2024,情報通信業
kansai,kansai-informatics,2024,コムチュア,,1,ku-inf-results-2024,情報通信業
kansai,kansai-informatics,2024,JR西日本ITソリューションズ,,1,ku-inf-results-2024,情報通信業
kansai,kansai-informatics,2024,JCOM,,1,ku-inf-results-2024,情報通信業
kansai,kansai-informatics,2024,JSOL,,1,ku-inf-results-2024,情報通信業
kansai,kansai-informatics,2024,システムサポート,,1,ku-inf-results-2024,情報通信業
kansai,kansai-informatics,2024,情報技術開発,,1,ku-inf-results-2024,情報通信業
kansai,kansai-informatics,2024,Sky,,1,ku-inf-results-2024,情報通信業
kansai,kansai-informatics,2024,住友電工情報システム,,1,ku-inf-results-2024,情報通信業
kansai,kansai-informatics,2024,ソフトウェア・サービス,,1,ku-inf-results-2024,情報通信業
kansai,kansai-informatics,2024,TIS,,1,ku-inf-results-2024,情報通信業
kansai,kansai-informatics,2024,TBSスパークル,,1,ku-inf-results-2024,情報通信業
kansai,kansai-informatics,2024,東京海上日動システムズ,,1,ku-inf-results-2024,情報通信業
kansai,kansai-informatics,2024,西日本電信電話（NTT西日本）,,1,ku-inf-results-2024,情報通信業
kansai,kansai-informatics,2024,日本放送協会（NHK）,,1,ku-inf-results-2024,情報通信業
kansai,kansai-informatics,2024,日本総研情報サービス,,1,ku-inf-results-2024,情報通信業
kansai,kansai-informatics,2024,日本総合研究所,,1,ku-inf-results-2024,情報通信業
kansai,kansai-informatics,2024,パナソニックインフォメーションシステムズ,,1,ku-inf-results-2024,情報通信業
kansai,kansai-informatics,2024,日立システムズ,,1,ku-inf-results-2024,情報通信業
kansai,kansai-informatics,2024,日立ソリューションズ,,1,ku-inf-results-2024,情報通信業
kansai,kansai-informatics,2024,BIPROGY,,1,ku-inf-results-2024,情報通信業
kansai,kansai-informatics,2024,富士ソフト,,1,ku-inf-results-2024,情報通信業
kansai,kansai-informatics,2024,富士フイルムシステムサービス,,1,ku-inf-results-2024,情報通信業
kansai,kansai-informatics,2024,毎日新聞社,,1,ku-inf-results-2024,情報通信業
kansai,kansai-informatics,2024,みずほリサーチ＆テクノロジーズ,,1,ku-inf-results-2024,情報通信業
kansai,kansai-informatics,2024,三菱電機デジタルイノベーション,,1,ku-inf-results-2024,情報通信業
kansai,kansai-informatics,2024,U－NEXT HOLDINGS,,1,ku-inf-results-2024,情報通信業
kansai,kansai-informatics,2024,アクセンチュア,,1,ku-inf-results-2024,教育・広告・その他サービス業
kansai,kansai-informatics,2024,近畿日本ツーリスト,,1,ku-inf-results-2024,教育・広告・その他サービス業
kansai,kansai-informatics,2024,ジェイアール東日本企画,,1,ku-inf-results-2024,教育・広告・その他サービス業
kansai,kansai-informatics,2024,JTB,,1,ku-inf-results-2024,教育・広告・その他サービス業
kansai,kansai-informatics,2024,大和総研,,1,ku-inf-results-2024,教育・広告・その他サービス業
kansai,kansai-informatics,2024,デロイトトーマツファイナンシャルアドバイザリー,,1,ku-inf-results-2024,教育・広告・その他サービス業
kansai,kansai-informatics,2024,東北新社,,1,ku-inf-results-2024,教育・広告・その他サービス業
kansai,kansai-informatics,2024,中日本高速道路（NEXCO中日本）,,1,ku-inf-results-2024,教育・広告・その他サービス業
kansai,kansai-informatics,2024,阪急阪神ビルマネジメント,,1,ku-inf-results-2024,教育・広告・その他サービス業
kansai,kansai-informatics,2024,ベイカレント,,1,ku-inf-results-2024,教育・広告・その他サービス業
kansai,kansai-informatics,2024,マイナビ,,1,ku-inf-results-2024,教育・広告・その他サービス業
kansai,kansai-informatics,2024,アイカ工業,,1,ku-inf-results-2024,製造業
kansai,kansai-informatics,2024,NECプラットフォームズ,,1,ku-inf-results-2024,製造業
kansai,kansai-informatics,2024,荏原製作所,,1,ku-inf-results-2024,製造業
kansai,kansai-informatics,2024,大塚製薬,,1,ku-inf-results-2024,製造業
kansai,kansai-informatics,2024,キヤノンメディカルシステムズ,,1,ku-inf-results-2024,製造業
kansai,kansai-informatics,2024,サンスター,,1,ku-inf-results-2024,製造業
kansai,kansai-informatics,2024,シスメックス,,1,ku-inf-results-2024,製造業
kansai,kansai-informatics,2024,島津製作所,,1,ku-inf-results-2024,製造業
kansai,kansai-informatics,2024,スズキ,,1,ku-inf-results-2024,製造業
kansai,kansai-informatics,2024,ダイキン工業,,1,ku-inf-results-2024,製造業
kansai,kansai-informatics,2024,ダイハツ工業,,1,ku-inf-results-2024,製造業
kansai,kansai-informatics,2024,ニコン,,1,ku-inf-results-2024,製造業
kansai,kansai-informatics,2024,日本電気（NEC）,,1,ku-inf-results-2024,製造業
kansai,kansai-informatics,2024,日本ハム,,1,ku-inf-results-2024,製造業
kansai,kansai-informatics,2024,ノーリツ,,1,ku-inf-results-2024,製造業
kansai,kansai-informatics,2024,久光製薬,,1,ku-inf-results-2024,製造業
kansai,kansai-informatics,2024,日立グローバルライフソリューションズ,,1,ku-inf-results-2024,製造業
kansai,kansai-informatics,2024,日立製作所,,1,ku-inf-results-2024,製造業
kansai,kansai-informatics,2024,フジテック,,1,ku-inf-results-2024,製造業
kansai,kansai-informatics,2024,富士電機,,1,ku-inf-results-2024,製造業
kansai,kansai-informatics,2024,マリオクラブ,,1,ku-inf-results-2024,製造業
kansai,kansai-informatics,2024,三浦工業,,1,ku-inf-results-2024,製造業
kansai,kansai-informatics,2024,ミネベアミツミ,,1,ku-inf-results-2024,製造業
kansai,kansai-informatics,2024,山崎製パン,,1,ku-inf-results-2024,製造業
kansai,kansai-informatics,2024,湯山製作所,,1,ku-inf-results-2024,製造業
kansai,kansai-informatics,2024,淀川製鋼所,,1,ku-inf-results-2024,製造業
kansai,kansai-informatics,2024,因幡電機産業,,1,ku-inf-results-2024,卸売・小売業
kansai,kansai-informatics,2024,シャープマーケティングジャパン,,1,ku-inf-results-2024,卸売・小売業
kansai,kansai-informatics,2024,大丸松坂屋百貨店,,1,ku-inf-results-2024,卸売・小売業
kansai,kansai-informatics,2024,ダイワボウ情報システム,,1,ku-inf-results-2024,卸売・小売業
kansai,kansai-informatics,2024,高島屋,,1,ku-inf-results-2024,卸売・小売業
kansai,kansai-informatics,2024,東テク,,1,ku-inf-results-2024,卸売・小売業
kansai,kansai-informatics,2024,ニトリ,,1,ku-inf-results-2024,卸売・小売業
kansai,kansai-informatics,2024,モリタ,,1,ku-inf-results-2024,卸売・小売業
kansai,kansai-informatics,2024,あいおいニッセイ同和損害保険,,1,ku-inf-results-2024,金融・保険業
kansai,kansai-informatics,2024,池田泉州銀行,,1,ku-inf-results-2024,金融・保険業
kansai,kansai-informatics,2024,大阪信用金庫,,1,ku-inf-results-2024,金融・保険業
kansai,kansai-informatics,2024,関西みらい銀行,,1,ku-inf-results-2024,金融・保険業
kansai,kansai-informatics,2024,北おおさか信用金庫,,1,ku-inf-results-2024,金融・保険業
kansai,kansai-informatics,2024,住友生命保険,,1,ku-inf-results-2024,金融・保険業
kansai,kansai-informatics,2024,太陽生命保険,,1,ku-inf-results-2024,金融・保険業
kansai,kansai-informatics,2024,大和証券,,1,ku-inf-results-2024,金融・保険業
kansai,kansai-informatics,2024,南都銀行,,1,ku-inf-results-2024,金融・保険業
kansai,kansai-informatics,2024,日本生命保険,,1,ku-inf-results-2024,金融・保険業
kansai,kansai-informatics,2024,三井住友海上火災保険,,1,ku-inf-results-2024,金融・保険業
kansai,kansai-informatics,2024,三井住友銀行,,1,ku-inf-results-2024,金融・保険業
kansai,kansai-informatics,2024,三菱UFJ銀行,,1,ku-inf-results-2024,金融・保険業
kansai,kansai-informatics,2024,明治安田生命保険,,1,ku-inf-results-2024,金融・保険業
kansai,kansai-informatics,2024,国家公務員一般職,,1,ku-inf-results-2024,公務員・公立学校教員
kansai,kansai-informatics,2024,京都市職員,,1,ku-inf-results-2024,公務員・公立学校教員
kansai,kansai-informatics,2024,東京都特別区職員,,1,ku-inf-results-2024,公務員・公立学校教員
kansai,kansai-informatics,2024,宇治市職員,,1,ku-inf-results-2024,公務員・公立学校教員
kansai,kansai-informatics,2024,奈良市職員,,1,ku-inf-results-2024,公務員・公立学校教員
kansai,kansai-informatics,2024,苫小牧市消防吏員,,1,ku-inf-results-2024,公務員・公立学校教員
kansai,kansai-informatics,2024,一条工務店,,1,ku-inf-results-2024,建設業
kansai,kansai-informatics,2024,ダイキンエアテクノ,,1,ku-inf-results-2024,建設業
kansai,kansai-informatics,2024,大和ハウス工業,,1,ku-inf-results-2024,建設業
kansai,kansai-informatics,2024,Daigasエナジー,,1,ku-inf-results-2024,電気・ガス・熱供給・水道業
kansai,kansai-informatics,2024,東京電力ホールディングス,,1,ku-inf-results-2024,電気・ガス・熱供給・水道業
kansai,kansai-informatics,2024,大阪モノレール,,1,ku-inf-results-2024,運輸業・郵便業
kansai,kansai-informatics,2024,JALスカイ大阪,,1,ku-inf-results-2024,運輸業・郵便業
kansai,kansai-informatics,2024,日本年金機構,,1,ku-inf-results-2024,その他
kansai,kansai-informatics,2024,日本音楽著作権協会,,1,ku-inf-results-2024,その他
kansai,kansai-informatics,2024,日本自動車連盟,,1,ku-inf-results-2024,その他
kansai,kansai-safety,2024,アイリスオーヤマ,,1,ku-ss-newest-2024,製造業
kansai,kansai-safety,2024,オカムラ,,1,ku-ss-newest-2024,製造業
kansai,kansai-safety,2024,オリンパスマーケティング,,1,ku-ss-newest-2024,製造業
kansai,kansai-safety,2024,カナデビア,,1,ku-ss-newest-2024,製造業
kansai,kansai-safety,2024,関西ペイント,,1,ku-ss-newest-2024,製造業
kansai,kansai-safety,2024,北川鉄工所,,1,ku-ss-newest-2024,製造業
kansai,kansai-safety,2024,近畿車輛,,1,ku-ss-newest-2024,製造業
kansai,kansai-safety,2024,第一工業製薬,,1,ku-ss-newest-2024,製造業
kansai,kansai-safety,2024,ダイキン工業,,1,ku-ss-newest-2024,製造業
kansai,kansai-safety,2024,タダノ,,1,ku-ss-newest-2024,製造業
kansai,kansai-safety,2024,テルモ,,1,ku-ss-newest-2024,製造業
kansai,kansai-safety,2024,東京製綱,,1,ku-ss-newest-2024,製造業
kansai,kansai-safety,2024,酉島製作所,,1,ku-ss-newest-2024,製造業
kansai,kansai-safety,2024,ニチバン,,1,ku-ss-newest-2024,製造業
kansai,kansai-safety,2024,日産自動車,,1,ku-ss-newest-2024,製造業
kansai,kansai-safety,2024,ニプロ,,1,ku-ss-newest-2024,製造業
kansai,kansai-safety,2024,能美防災,,1,ku-ss-newest-2024,製造業
kansai,kansai-safety,2024,ホーチキ,,1,ku-ss-newest-2024,製造業
kansai,kansai-safety,2024,三菱ロジスネクスト,,1,ku-ss-newest-2024,製造業
kansai,kansai-safety,2024,ミラタップ,,1,ku-ss-newest-2024,製造業
kansai,kansai-safety,2024,村田製作所,,1,ku-ss-newest-2024,製造業
kansai,kansai-safety,2024,Ｍｅｉｊｉ Ｓｅｉｋａ ファルマ,,1,ku-ss-newest-2024,製造業
kansai,kansai-safety,2024,モリタホールディングス,,1,ku-ss-newest-2024,製造業
kansai,kansai-safety,2024,理研計器,,1,ku-ss-newest-2024,製造業
kansai,kansai-safety,2024,ロート製薬,,1,ku-ss-newest-2024,製造業
kansai,kansai-safety,2024,イオンディライト,,1,ku-ss-newest-2024,教育・広告・その他サービス業
kansai,kansai-safety,2024,甲子園学院中学校・高等学校,,1,ku-ss-newest-2024,教育・広告・その他サービス業
kansai,kansai-safety,2024,サイネックス,,1,ku-ss-newest-2024,教育・広告・その他サービス業
kansai,kansai-safety,2024,静岡県立病院機構,,1,ku-ss-newest-2024,教育・広告・その他サービス業
kansai,kansai-safety,2024,須磨学園,,1,ku-ss-newest-2024,教育・広告・その他サービス業
kansai,kansai-safety,2024,セコム,,1,ku-ss-newest-2024,教育・広告・その他サービス業
kansai,kansai-safety,2024,帝国ホテル,,1,ku-ss-newest-2024,教育・広告・その他サービス業
kansai,kansai-safety,2024,東洋テック,,1,ku-ss-newest-2024,教育・広告・その他サービス業
kansai,kansai-safety,2024,西日本高速道路（ＮＥＸＣＯ西日本）,,1,ku-ss-newest-2024,教育・広告・その他サービス業
kansai,kansai-safety,2024,日本赤十字社大阪府支部,,1,ku-ss-newest-2024,教育・広告・その他サービス業
kansai,kansai-safety,2024,因幡電機産業,,1,ku-ss-newest-2024,卸売業・小売業
kansai,kansai-safety,2024,キヤノンシステムアンドサポート,,1,ku-ss-newest-2024,卸売業・小売業
kansai,kansai-safety,2024,コーナン商事,,1,ku-ss-newest-2024,卸売業・小売業
kansai,kansai-safety,2024,日本ハムマーケティング,,1,ku-ss-newest-2024,卸売業・小売業
kansai,kansai-safety,2024,ニトリ,,1,ku-ss-newest-2024,卸売業・小売業
kansai,kansai-safety,2024,日本紙パルプ商事,,1,ku-ss-newest-2024,卸売業・小売業
kansai,kansai-safety,2024,ファーストリテイリンググループ,,1,ku-ss-newest-2024,卸売業・小売業
kansai,kansai-safety,2024,富士興産,,1,ku-ss-newest-2024,卸売業・小売業
kansai,kansai-safety,2024,三菱食品,,1,ku-ss-newest-2024,卸売業・小売業
kansai,kansai-safety,2024,メディセオ,,1,ku-ss-newest-2024,卸売業・小売業
kansai,kansai-safety,2024,モリタ,,1,ku-ss-newest-2024,卸売業・小売業
kansai,kansai-safety,2024,ユアサ商事,,1,ku-ss-newest-2024,卸売業・小売業
kansai,kansai-safety,2024,国家公務員一般職,,1,ku-ss-newest-2024,公務員・公立学校教員
kansai,kansai-safety,2024,国税専門官,,1,ku-ss-newest-2024,公務員・公立学校教員
kansai,kansai-safety,2024,防衛省自衛隊 幹部候補生,,1,ku-ss-newest-2024,公務員・公立学校教員
kansai,kansai-safety,2024,大阪府職員,,1,ku-ss-newest-2024,公務員・公立学校教員
kansai,kansai-safety,2024,広島県職員,,1,ku-ss-newest-2024,公務員・公立学校教員
kansai,kansai-safety,2024,徳島県職員,,1,ku-ss-newest-2024,公務員・公立学校教員
kansai,kansai-safety,2024,香川県職員,,1,ku-ss-newest-2024,公務員・公立学校教員
kansai,kansai-safety,2024,大阪市職員,,1,ku-ss-newest-2024,公務員・公立学校教員
kansai,kansai-safety,2024,八幡市職員,,1,ku-ss-newest-2024,公務員・公立学校教員
kansai,kansai-safety,2024,高槻市職員,,1,ku-ss-newest-2024,公務員・公立学校教員
kansai,kansai-safety,2024,高砂市職員,,1,ku-ss-newest-2024,公務員・公立学校教員
kansai,kansai-safety,2024,米子市職員,,1,ku-ss-newest-2024,公務員・公立学校教員
kansai,kansai-safety,2024,愛媛県教員,,1,ku-ss-newest-2024,公務員・公立学校教員
kansai,kansai-safety,2024,警視庁,,1,ku-ss-newest-2024,公務員・公立学校教員
kansai,kansai-safety,2024,大阪府警察官,,1,ku-ss-newest-2024,公務員・公立学校教員
kansai,kansai-safety,2024,東京消防庁,,1,ku-ss-newest-2024,公務員・公立学校教員
kansai,kansai-safety,2024,京都市消防吏員,,1,ku-ss-newest-2024,公務員・公立学校教員
kansai,kansai-safety,2024,大阪市消防吏員,,1,ku-ss-newest-2024,公務員・公立学校教員
kansai,kansai-safety,2024,堺市消防吏員,,1,ku-ss-newest-2024,公務員・公立学校教員
kansai,kansai-safety,2024,高槻市消防吏員,,1,ku-ss-newest-2024,公務員・公立学校教員
kansai,kansai-safety,2024,豊中市消防吏員,,1,ku-ss-newest-2024,公務員・公立学校教員
kansai,kansai-safety,2024,守口門真消防吏員,,1,ku-ss-newest-2024,公務員・公立学校教員
kansai,kansai-safety,2024,尼崎市消防吏員,,1,ku-ss-newest-2024,公務員・公立学校教員
kansai,kansai-safety,2024,田辺市消防吏員,,1,ku-ss-newest-2024,公務員・公立学校教員
kansai,kansai-safety,2024,アドソル日進,,1,ku-ss-newest-2024,情報通信業
kansai,kansai-safety,2024,ＡＲアドバンストテクノロジ,,1,ku-ss-newest-2024,情報通信業
kansai,kansai-safety,2024,ＮＥＣネッツエスアイ,,1,ku-ss-newest-2024,情報通信業
kansai,kansai-safety,2024,オービックビジネスコンサルタント,,1,ku-ss-newest-2024,情報通信業
kansai,kansai-safety,2024,京セラコミュニケーションシステム,,1,ku-ss-newest-2024,情報通信業
kansai,kansai-safety,2024,ゼンリン,,1,ku-ss-newest-2024,情報通信業
kansai,kansai-safety,2024,デジタルアーツ,,1,ku-ss-newest-2024,情報通信業
kansai,kansai-safety,2024,日本総合研究所,,1,ku-ss-newest-2024,情報通信業
kansai,kansai-safety,2024,富士ソフト,,1,ku-ss-newest-2024,情報通信業
kansai,kansai-safety,2024,富士フイルムビジネスイノベーションジャパン,,1,ku-ss-newest-2024,情報通信業
kansai,kansai-safety,2024,リクルート,,1,ku-ss-newest-2024,情報通信業
kansai,kansai-safety,2024,大阪市高速電気軌道,,1,ku-ss-newest-2024,運輸業・郵便業
kansai,kansai-safety,2024,上組,,1,ku-ss-newest-2024,運輸業・郵便業
kansai,kansai-safety,2024,近鉄グループホールディングス,,1,ku-ss-newest-2024,運輸業・郵便業
kansai,kansai-safety,2024,鴻池運輸,,1,ku-ss-newest-2024,運輸業・郵便業
kansai,kansai-safety,2024,山九,,1,ku-ss-newest-2024,運輸業・郵便業
kansai,kansai-safety,2024,西濃運輸,,1,ku-ss-newest-2024,運輸業・郵便業
kansai,kansai-safety,2024,全日本空輸（ＡＮＡ）,,1,ku-ss-newest-2024,運輸業・郵便業
kansai,kansai-safety,2024,東海旅客鉄道（ＪＲ東海）,,1,ku-ss-newest-2024,運輸業・郵便業
kansai,kansai-safety,2024,南海電気鉄道,,1,ku-ss-newest-2024,運輸業・郵便業
kansai,kansai-safety,2024,西日本旅客鉄道（ＪＲ西日本）,,1,ku-ss-newest-2024,運輸業・郵便業
kansai,kansai-safety,2024,日本郵便,,1,ku-ss-newest-2024,運輸業・郵便業
kansai,kansai-safety,2024,日本航空（ＪＡＬ）,,1,ku-ss-newest-2024,運輸業・郵便業
kansai,kansai-safety,2024,東日本旅客鉄道（ＪＲ東日本）,,1,ku-ss-newest-2024,運輸業・郵便業
kansai,kansai-safety,2024,あいおいニッセイ同和損害保険,,1,ku-ss-newest-2024,金融業・保険業
kansai,kansai-safety,2024,あいち銀行,,1,ku-ss-newest-2024,金融業・保険業
kansai,kansai-safety,2024,朝日生命保険,,1,ku-ss-newest-2024,金融業・保険業
kansai,kansai-safety,2024,伊予銀行,,1,ku-ss-newest-2024,金融業・保険業
kansai,kansai-safety,2024,関西みらい銀行,,1,ku-ss-newest-2024,金融業・保険業
kansai,kansai-safety,2024,かんぽ生命保険,,1,ku-ss-newest-2024,金融業・保険業
kansai,kansai-safety,2024,静岡銀行,,1,ku-ss-newest-2024,金融業・保険業
kansai,kansai-safety,2024,商工組合中央金庫,,1,ku-ss-newest-2024,金融業・保険業
kansai,kansai-safety,2024,損害保険ジャパン,,1,ku-ss-newest-2024,金融業・保険業
kansai,kansai-safety,2024,日本生命保険,,1,ku-ss-newest-2024,金融業・保険業
kansai,kansai-safety,2024,野村證券,,1,ku-ss-newest-2024,金融業・保険業
kansai,kansai-safety,2024,三井住友海上火災保険,,1,ku-ss-newest-2024,金融業・保険業
kansai,kansai-safety,2024,関電工,,1,ku-ss-newest-2024,建設業
kansai,kansai-safety,2024,熊谷組,,1,ku-ss-newest-2024,建設業
kansai,kansai-safety,2024,大末建設,,1,ku-ss-newest-2024,建設業
kansai,kansai-safety,2024,大和ハウス工業,,1,ku-ss-newest-2024,建設業
kansai,kansai-safety,2024,日本ドライケミカル,,1,ku-ss-newest-2024,建設業
kansai,kansai-safety,2024,長谷工コーポレーション,,1,ku-ss-newest-2024,建設業
kansai,kansai-safety,2024,綿半ソリューションズ,,1,ku-ss-newest-2024,建設業
kansai,kansai-safety,2024,エスリード,,1,ku-ss-newest-2024,不動産業・物品賃貸業
kansai,kansai-safety,2024,ＮＴＴ・ＴＣリース,,1,ku-ss-newest-2024,不動産業・物品賃貸業
kansai,kansai-safety,2024,北陸電力,,1,ku-ss-newest-2024,電気・ガス・熱供給・水道業
kansai,kansai-safety,2024,住宅金融支援機構,,1,ku-ss-newest-2024,その他
kansai,kansai-safety,2024,日本年金機構,,1,ku-ss-newest-2024,その他
kansai,kansai-safety,2024,日本自動車連盟,,1,ku-ss-newest-2024,その他
kansai,kansai-engsci,2024,(株)オプテージ,3,1,ku-stem-career-2024,情報通信業
kansai,kansai-engsci,2024,(株)アイヴィス,2,1,ku-stem-career-2024,情報通信業
kansai,kansai-engsci,2024,アステック(株),2,1,ku-stem-career-2024,情報通信業
kansai,kansai-engsci,2024,(株)ＳＣＣ,1,1,ku-stem-career-2024,情報通信業
kansai,kansai-engsci,2024,エヌ・ティ・ティ・データ・カスタマサービス(株),1,1,ku-stem-career-2024,情報通信業
kansai,kansai-engsci,2024,サイボウズ(株),1,1,ku-stem-career-2024,情報通信業
kansai,kansai-engsci,2024,(株)リボルブ・シス,1,1,ku-stem-career-2024,情報通信業
kansai,kansai-engsci,2024,(株)テクノプロ　テクノプロ・デザイン社,1,1,ku-stem-career-2024,教育・広告・その他サービス業
kansai,kansai-engsci,2024,パーソルクロステクノロジー(株),4,1,ku-stem-career-2024,教育・広告・その他サービス業
kansai,kansai-engsci,2024,(株)アウトソーシングテクノロジー,2,1,ku-stem-career-2024,教育・広告・その他サービス業
kansai,kansai-engsci,2024,(株)エイジェック,1,1,ku-stem-career-2024,教育・広告・その他サービス業
kansai,kansai-engsci,2024,(株)クイック,1,1,ku-stem-career-2024,教育・広告・その他サービス業
kansai,kansai-engsci,2024,(株)テクノプロ　テクノプロ・エンジニアリング社,1,1,ku-stem-career-2024,教育・広告・その他サービス業
kansai,kansai-engsci,2024,パーソルＡＶＣテクノロジー(株),1,1,ku-stem-career-2024,製造業
kansai,kansai-engsci,2024,中央自動車工業(株),1,1,ku-stem-career-2024,製造業
kansai,kansai-engsci,2024,(株)セガ,1,1,ku-stem-career-2024,製造業
kansai,kansai-engsci,2024,(株)フロンティアホールディングス,1,1,ku-stem-career-2024,不動産業・物品賃貸業
kansai,kansai-engsci,2024,国家公務員一般職,1,1,ku-stem-career-2024,公務員・公立学校教員
kansai,kansai-engsci,2024,大阪府教員,2,1,ku-stem-career-2024,公務員・公立学校教員
kansai,kansai-engsci,2024,大阪市教員,1,1,ku-stem-career-2024,公務員・公立学校教員
kansai,kansai-engsci,2024,和歌山県教員,1,1,ku-stem-career-2024,公務員・公立学校教員
kansai,kansai-engsci,2024,ＴＯＰＰＡＮ(株),1,1,ku-stem-career-2024,製造業
kansai,kansai-engsci,2024,オーケー器材(株),1,1,ku-stem-career-2024,製造業
kansai,kansai-engsci,2024,ダイキン工業(株),2,1,ku-stem-career-2024,製造業
kansai,kansai-engsci,2024,理水化学(株),1,1,ku-stem-career-2024,製造業
kansai,kansai-engsci,2024,(株)小野測器,1,1,ku-stem-career-2024,製造業
kansai,kansai-engsci,2024,シャープ(株),1,1,ku-stem-career-2024,製造業
kansai,kansai-engsci,2024,寺崎電気産業(株),2,1,ku-stem-career-2024,製造業
kansai,kansai-engsci,2024,三菱電機(株),8,1,ku-stem-career-2024,製造業
kansai,kansai-engsci,2024,(株)モトヤマ,1,1,ku-stem-career-2024,製造業
kansai,kansai-engsci,2024,サイレックス・テクノロジー(株),1,1,ku-stem-career-2024,製造業
kansai,kansai-engsci,2024,川崎重工業(株),2,1,ku-stem-career-2024,製造業
kansai,kansai-engsci,2024,ソフトバンク(株),1,1,ku-stem-career-2024,情報通信業
kansai,kansai-engsci,2024,インフォコム(株),1,1,ku-stem-career-2024,情報通信業
kansai,kansai-engsci,2024,エヌ・ティ・ティ・コムウェア(株),4,1,ku-stem-career-2024,情報通信業
kansai,kansai-engsci,2024,(株)オービック,1,1,ku-stem-career-2024,情報通信業
kansai,kansai-engsci,2024,日鉄ソリューションズサービスアンドテクノロジー(株),2,1,ku-stem-career-2024,情報通信業
kansai,kansai-engsci,2024,富士フイルムビジネスイノベーションジャパン(株),1,1,ku-stem-career-2024,情報通信業
kansai,kansai-engsci,2024,北港情報サービス(株),1,1,ku-stem-career-2024,情報通信業
kansai,kansai-engsci,2024,三菱電機ソフトウエア(株),6,1,ku-stem-career-2024,情報通信業
kansai,kansai-engsci,2024,明治安田システム・テクノロジー(株),1,1,ku-stem-career-2024,情報通信業
kansai,kansai-engsci,2024,(株)ユー・エス・イー,2,1,ku-stem-career-2024,情報通信業
kansai,kansai-engsci,2024,パーソルエクセルＨＲパートナーズ(株),3,1,ku-stem-career-2024,教育・広告・その他サービス業
kansai,kansai-engsci,2024,(株)メイテック,2,1,ku-stem-career-2024,教育・広告・その他サービス業
kansai,kansai-engsci,2024,キヤノンマーケティングジャパン(株),1,1,ku-stem-career-2024,卸売業・小売業
kansai,kansai-engsci,2024,島津メディカルシステムズ(株),1,1,ku-stem-career-2024,卸売業・小売業
kansai,kansai-engsci,2024,日本シグマックス(株),1,1,ku-stem-career-2024,卸売業・小売業
kansai,kansai-engsci,2024,ラムリサーチ(同),1,1,ku-stem-career-2024,卸売業・小売業
kansai,kansai-engsci,2024,(株)紀陽銀行,1,1,ku-stem-career-2024,金融業・保険業
kansai,kansai-engsci,2024,大和証券(株),1,1,ku-stem-career-2024,金融業・保険業
kansai,kansai-engsci,2024,住電通信エンジニアリング(株),1,1,ku-stem-career-2024,建設業
kansai,kansai-engsci,2024,日清食品(株),1,1,ku-stem-career-2024,製造業
kansai,kansai-engsci,2024,シキボウ(株),1,1,ku-stem-career-2024,製造業
kansai,kansai-engsci,2024,(株)エフピコ,1,1,ku-stem-career-2024,製造業
kansai,kansai-engsci,2024,(株)コーセー,1,1,ku-stem-career-2024,製造業
kansai,kansai-engsci,2024,東洋紡(株),1,1,ku-stem-career-2024,製造業
kansai,kansai-engsci,2024,日本伸銅(株),1,1,ku-stem-career-2024,製造業
kansai,kansai-engsci,2024,ＮＴＮ(株),1,1,ku-stem-career-2024,製造業
kansai,kansai-engsci,2024,(株)荏原製作所,2,1,ku-stem-career-2024,製造業
kansai,kansai-engsci,2024,(株)クボタ,1,1,ku-stem-career-2024,製造業
kansai,kansai-engsci,2024,(株)コベルコＥ＆Ｍ,1,1,ku-stem-career-2024,製造業
kansai,kansai-engsci,2024,(株)小松製作所,1,1,ku-stem-career-2024,製造業
kansai,kansai-engsci,2024,住友重機械ギヤボックス(株),1,1,ku-stem-career-2024,製造業
kansai,kansai-engsci,2024,(株)ツバキ・ナカシマ,1,1,ku-stem-career-2024,製造業
kansai,kansai-engsci,2024,巴工業(株),1,1,ku-stem-career-2024,製造業
kansai,kansai-engsci,2024,フードテクノエンジニアリング(株),1,1,ku-stem-career-2024,製造業
kansai,kansai-engsci,2024,(株)不二越,2,1,ku-stem-career-2024,製造業
kansai,kansai-engsci,2024,フジテック(株),2,1,ku-stem-career-2024,製造業
kansai,kansai-engsci,2024,(株)ＰＥＧＡＳＵＳ,2,1,ku-stem-career-2024,製造業
kansai,kansai-engsci,2024,ホソカワミクロン(株),1,1,ku-stem-career-2024,製造業
kansai,kansai-engsci,2024,マックス(株),1,1,ku-stem-career-2024,製造業
kansai,kansai-engsci,2024,三菱重工業(株),1,1,ku-stem-career-2024,製造業
kansai,kansai-engsci,2024,三菱ロジスネクスト(株),1,1,ku-stem-career-2024,製造業
kansai,kansai-engsci,2024,宮崎機械システム(株),1,1,ku-stem-career-2024,製造業
kansai,kansai-engsci,2024,村田機械(株),1,1,ku-stem-career-2024,製造業
kansai,kansai-engsci,2024,(株)ヤスナ設計工房,1,1,ku-stem-career-2024,製造業
kansai,kansai-engsci,2024,ヤンマーホールディングス(株),2,1,ku-stem-career-2024,製造業
kansai,kansai-engsci,2024,シスメックス(株),1,1,ku-stem-career-2024,製造業
kansai,kansai-engsci,2024,大和製衡(株),1,1,ku-stem-career-2024,製造業
kansai,kansai-engsci,2024,(株)デンソーテン,1,1,ku-stem-career-2024,製造業
kansai,kansai-engsci,2024,ニデック(株),1,1,ku-stem-career-2024,製造業
kansai,kansai-engsci,2024,パナソニック ライティングシステムズ(株),1,1,ku-stem-career-2024,製造業
kansai,kansai-engsci,2024,ローム(株),1,1,ku-stem-career-2024,製造業
kansai,kansai-engsci,2024,アイリスオーヤマ(株),1,1,ku-stem-career-2024,製造業
kansai,kansai-engsci,2024,伊東電機(株),1,1,ku-stem-career-2024,製造業
kansai,kansai-engsci,2024,(株)片岡製作所,1,1,ku-stem-career-2024,製造業
kansai,kansai-engsci,2024,象印マホービン(株),1,1,ku-stem-career-2024,製造業
kansai,kansai-engsci,2024,滝川工業(株),1,1,ku-stem-career-2024,製造業
kansai,kansai-engsci,2024,日立グローバルライフソリューションズ(株),1,1,ku-stem-career-2024,製造業
kansai,kansai-engsci,2024,(株)日立産機システム,1,1,ku-stem-career-2024,製造業
kansai,kansai-engsci,2024,三菱電機エンジニアリング(株),3,1,ku-stem-career-2024,製造業
kansai,kansai-engsci,2024,芦森工業(株),1,1,ku-stem-career-2024,製造業
kansai,kansai-engsci,2024,いすゞ自動車(株),1,1,ku-stem-career-2024,製造業
kansai,kansai-engsci,2024,(株)ＳＵＢＡＲＵ,1,1,ku-stem-career-2024,製造業
kansai,kansai-engsci,2024,ダイハツ工業(株),5,1,ku-stem-career-2024,製造業
kansai,kansai-engsci,2024,(株)ダイハツメタル,1,1,ku-stem-career-2024,製造業
kansai,kansai-engsci,2024,(株)デンソー,1,1,ku-stem-career-2024,製造業
kansai,kansai-engsci,2024,トヨタ車体(株),1,1,ku-stem-career-2024,製造業
kansai,kansai-engsci,2024,トヨタ紡織(株),1,1,ku-stem-career-2024,製造業
kansai,kansai-engsci,2024,プライムプラネットエナジー＆ソリューションズ(株),2,1,ku-stem-career-2024,製造業
kansai,kansai-engsci,2024,本田技研工業(株),1,1,ku-stem-career-2024,製造業
kansai,kansai-engsci,2024,三菱自動車工業(株),1,1,ku-stem-career-2024,製造業
kansai,kansai-engsci,2024,(株)安永,1,1,ku-stem-career-2024,製造業
kansai,kansai-engsci,2024,(株)ＳＫＢ,1,1,ku-stem-career-2024,製造業
kansai,kansai-engsci,2024,(株)空研,1,1,ku-stem-career-2024,製造業
kansai,kansai-engsci,2024,コクヨ(株),1,1,ku-stem-career-2024,製造業
kansai,kansai-engsci,2024,タカラスタンダード(株),1,1,ku-stem-career-2024,製造業
kansai,kansai-engsci,2024,東リ(株),1,1,ku-stem-career-2024,製造業
kansai,kansai-engsci,2024,兼松エレクトロニクス(株),1,1,ku-stem-career-2024,情報通信業
kansai,kansai-engsci,2024,キヤノンＩＴソリューションズ(株),1,1,ku-stem-career-2024,情報通信業
kansai,kansai-engsci,2024,勤次郎(株),1,1,ku-stem-career-2024,情報通信業
kansai,kansai-engsci,2024,ＣＬＩＮＫＳ(株),1,1,ku-stem-career-2024,情報通信業
kansai,kansai-engsci,2024,(株)テクノスジャパン,1,1,ku-stem-career-2024,情報通信業
kansai,kansai-engsci,2024,日本アイ・ビー・エム(株),1,1,ku-stem-career-2024,情報通信業
kansai,kansai-engsci,2024,(株)ビジネスブレイン太田昭和,1,1,ku-stem-career-2024,情報通信業
kansai,kansai-engsci,2024,(株)日立ソリューションズ,2,1,ku-stem-career-2024,情報通信業
kansai,kansai-engsci,2024,フォーサイトシステム(株),1,1,ku-stem-career-2024,情報通信業
kansai,kansai-engsci,2024,富士ソフト(株),2,1,ku-stem-career-2024,情報通信業
kansai,kansai-engsci,2024,富士通(株),3,1,ku-stem-career-2024,情報通信業
kansai,kansai-engsci,2024,(株)ブレインジェネシス,1,1,ku-stem-career-2024,情報通信業
kansai,kansai-engsci,2024,(株)Ｗｏｒｋｓ Ｈｕｍａｎ Ｉｎｔｅｌｌｉｇｅｎｃｅ,1,1,ku-stem-career-2024,情報通信業
kansai,kansai-engsci,2024,船井総研ロジ(株),1,1,ku-stem-career-2024,教育・広告・その他サービス業
kansai,kansai-engsci,2024,日本ヒルトン(株),1,1,ku-stem-career-2024,教育・広告・その他サービス業
kansai,kansai-engsci,2024,(株)トゥモローウォーター,1,1,ku-stem-career-2024,教育・広告・その他サービス業
kansai,kansai-engsci,2024,(株)トップエンジニアリング,1,1,ku-stem-career-2024,教育・広告・その他サービス業
kansai,kansai-engsci,2024,(株)パソナグループ,1,1,ku-stem-career-2024,教育・広告・その他サービス業
kansai,kansai-engsci,2024,(株)ヒューマンパワー,1,1,ku-stem-career-2024,教育・広告・その他サービス業
kansai,kansai-engsci,2024,カワサキロボットサービス(株),1,1,ku-stem-career-2024,教育・広告・その他サービス業
kansai,kansai-engsci,2024,(株)大林組,3,1,ku-stem-career-2024,建設業
kansai,kansai-engsci,2024,五洋建設(株),1,1,ku-stem-career-2024,建設業
kansai,kansai-engsci,2024,大和ハウス工業(株),1,1,ku-stem-career-2024,建設業
kansai,kansai-engsci,2024,戸田建設(株),1,1,ku-stem-career-2024,建設業
kansai,kansai-engsci,2024,(株)大気社,1,1,ku-stem-career-2024,建設業
kansai,kansai-engsci,2024,ダイキンエアテクノ(株),1,1,ku-stem-career-2024,建設業
kansai,kansai-engsci,2024,大阪市高速電気軌道(株),1,1,ku-stem-career-2024,運輸業・郵便業
kansai,kansai-engsci,2024,近畿日本鉄道(株),2,1,ku-stem-career-2024,運輸業・郵便業
kansai,kansai-engsci,2024,東武鉄道(株),1,1,ku-stem-career-2024,運輸業・郵便業
kansai,kansai-engsci,2024,西日本旅客鉄道(株)（ＪＲ西日本）,1,1,ku-stem-career-2024,運輸業・郵便業
kansai,kansai-engsci,2024,日本通運(株),1,1,ku-stem-career-2024,運輸業・郵便業
kansai,kansai-engsci,2024,(株)ミスミ,1,1,ku-stem-career-2024,卸売業・小売業
kansai,kansai-engsci,2024,(株)いーふらん,1,1,ku-stem-career-2024,卸売業・小売業
kansai,kansai-engsci,2024,(株)関電エネルギーソリューション,1,1,ku-stem-career-2024,電気・ガス・熱供給・水道業
kansai,kansai-engsci,2024,大阪府警察官,1,1,ku-stem-career-2024,公務員・公立学校教員
kansai,kansai-engsci,2024,西菱電機(株),1,1,ku-stem-career-2024,情報通信業
kansai,kansai-engsci,2024,(株)ドコモＣＳ関西,1,1,ku-stem-career-2024,情報通信業
kansai,kansai-engsci,2024,西日本電信電話(株)（ＮＴＴ西日本）,1,1,ku-stem-career-2024,情報通信業
kansai,kansai-engsci,2024,アイテック阪急阪神(株),2,1,ku-stem-career-2024,情報通信業
kansai,kansai-engsci,2024,(株)アイネス,1,1,ku-stem-career-2024,情報通信業
kansai,kansai-engsci,2024,(株)アスコット,2,1,ku-stem-career-2024,情報通信業
kansai,kansai-engsci,2024,(株)ＳＩ＆Ｃ,1,1,ku-stem-career-2024,情報通信業
kansai,kansai-engsci,2024,ＮＥＣネッツエスアイ(株),2,1,ku-stem-career-2024,情報通信業
kansai,kansai-engsci,2024,ＮＣＤソリューションズ(株),1,1,ku-stem-career-2024,情報通信業
kansai,kansai-engsci,2024,(株)ＮＴＴデータＭＳＥ,1,1,ku-stem-career-2024,情報通信業
kansai,kansai-engsci,2024,ＭＳ＆ＡＤシステムズ(株),1,1,ku-stem-career-2024,情報通信業
kansai,kansai-engsci,2024,エムオーテックス(株),1,1,ku-stem-career-2024,情報通信業
kansai,kansai-engsci,2024,(株)オービックビジネスコンサルタント,1,1,ku-stem-career-2024,情報通信業
kansai,kansai-engsci,2024,(株)ＣＳＭソリューション,1,1,ku-stem-career-2024,情報通信業
kansai,kansai-engsci,2024,Ｓｋｙ(株),2,1,ku-stem-career-2024,情報通信業
kansai,kansai-engsci,2024,東芝システムテクノロジー(株),1,1,ku-stem-career-2024,情報通信業
kansai,kansai-engsci,2024,トーテックアメニティ(株),1,1,ku-stem-career-2024,情報通信業
kansai,kansai-engsci,2024,(株)トヨタシステムズ,1,1,ku-stem-career-2024,情報通信業
kansai,kansai-engsci,2024,日本電気通信システム(株),1,1,ku-stem-career-2024,情報通信業
kansai,kansai-engsci,2024,日本電子計算(株),1,1,ku-stem-career-2024,情報通信業
kansai,kansai-engsci,2024,ネットワンシステムズ(株),1,1,ku-stem-career-2024,情報通信業
kansai,kansai-engsci,2024,ノバシステム(株),1,1,ku-stem-career-2024,情報通信業
kansai,kansai-engsci,2024,ＰＣＩソリューションズ(株),1,1,ku-stem-career-2024,情報通信業
kansai,kansai-engsci,2024,(株)日立システムズ,1,1,ku-stem-career-2024,情報通信業
kansai,kansai-engsci,2024,三菱総研ＤＣＳ(株),1,1,ku-stem-career-2024,情報通信業
kansai,kansai-engsci,2024,(株)ルートゼロ,1,1,ku-stem-career-2024,情報通信業
kansai,kansai-engsci,2024,アマゾンウェブサービスジャパン(同),1,1,ku-stem-career-2024,情報通信業
kansai,kansai-engsci,2024,グリーホールディングス(株),1,1,ku-stem-career-2024,情報通信業
kansai,kansai-engsci,2024,(株)湯山製作所,1,1,ku-stem-career-2024,製造業
kansai,kansai-engsci,2024,(株)ナカキン,1,1,ku-stem-career-2024,製造業
kansai,kansai-engsci,2024,(株)中田製作所,1,1,ku-stem-career-2024,製造業
kansai,kansai-engsci,2024,三菱重工機械システム(株),1,1,ku-stem-career-2024,製造業
kansai,kansai-engsci,2024,ＴＤＫ(株),1,1,ku-stem-career-2024,製造業
kansai,kansai-engsci,2024,京セラ(株),2,1,ku-stem-career-2024,製造業
kansai,kansai-engsci,2024,大王電機(株),1,1,ku-stem-career-2024,製造業
kansai,kansai-engsci,2024,(株)ＴＭＥＩＣ,2,1,ku-stem-career-2024,製造業
kansai,kansai-engsci,2024,東洋技研(株),1,1,ku-stem-career-2024,製造業
kansai,kansai-engsci,2024,パナソニックグループ,2,1,ku-stem-career-2024,製造業
kansai,kansai-engsci,2024,富士電機(株),2,1,ku-stem-career-2024,製造業
kansai,kansai-engsci,2024,アイコム(株),1,1,ku-stem-career-2024,製造業
kansai,kansai-engsci,2024,(株)バッファロー,1,1,ku-stem-career-2024,製造業
kansai,kansai-engsci,2024,スズキ(株),1,1,ku-stem-career-2024,製造業
kansai,kansai-engsci,2024,(株)大和総研,1,1,ku-stem-career-2024,教育・広告・その他サービス業
kansai,kansai-engsci,2024,シンプレクス・ホールディングス(株),1,1,ku-stem-career-2024,教育・広告・その他サービス業
kansai,kansai-engsci,2024,(株)テクノプロ テクノプロ・デザイン社,1,1,ku-stem-career-2024,教育・広告・その他サービス業
kansai,kansai-engsci,2024,(株)ケーイーシー,1,1,ku-stem-career-2024,教育・広告・その他サービス業
kansai,kansai-engsci,2024,大成建設(株),1,1,ku-stem-career-2024,建設業
kansai,kansai-engsci,2024,リンナイ(株),1,1,ku-stem-career-2024,建設業
kansai,kansai-engsci,2024,三宝電機(株),1,1,ku-stem-career-2024,建設業
kansai,kansai-engsci,2024,(株)阿波銀行,1,1,ku-stem-career-2024,金融業・保険業
kansai,kansai-engsci,2024,大同生命保険(株),1,1,ku-stem-career-2024,金融業・保険業
kansai,kansai-engsci,2024,ＮＴＴアノードエナジー(株),1,1,ku-stem-career-2024,電気・ガス・熱供給・水道業
kansai,kansai-engsci,2024,大阪シティバス(株),1,1,ku-stem-career-2024,運輸業・郵便業
kansai,kansai-engsci,2024,三谷商事(株),1,1,ku-stem-career-2024,卸売・小売業
kansai,kansai-engsci,2024,京阪電鉄不動産(株),1,1,ku-stem-career-2024,不動産業・物品賃貸業
kansai,kansai-engsci,2024,東大阪市職員,1,1,ku-stem-career-2024,公務員・公立学校教員
kansai,kansai-envurban,2024,旭化成ホームズ(株),1,1,ku-stem-career-2024,建設業
kansai,kansai-envurban,2024,(株)一条工務店,2,1,ku-stem-career-2024,建設業
kansai,kansai-envurban,2024,上林建設(株),1,1,ku-stem-career-2024,建設業
kansai,kansai-envurban,2024,(株)大林組,3,1,ku-stem-career-2024,建設業
kansai,kansai-envurban,2024,(株)奥村組,4,1,ku-stem-career-2024,建設業
kansai,kansai-envurban,2024,鹿島建設(株),2,1,ku-stem-career-2024,建設業
kansai,kansai-envurban,2024,(株)鴻池組,3,1,ku-stem-career-2024,建設業
kansai,kansai-envurban,2024,三協フロンテア(株),1,1,ku-stem-career-2024,建設業
kansai,kansai-envurban,2024,ジェコス(株),1,1,ku-stem-career-2024,建設業
kansai,kansai-envurban,2024,スナダ建設(株),1,1,ku-stem-career-2024,建設業
kansai,kansai-envurban,2024,住友林業(株),1,1,ku-stem-career-2024,建設業
kansai,kansai-envurban,2024,生和コーポレーション(株),1,1,ku-stem-career-2024,建設業
kansai,kansai-envurban,2024,積水ハウス(株),8,1,ku-stem-career-2024,建設業
kansai,kansai-envurban,2024,大成建設(株),1,1,ku-stem-career-2024,建設業
kansai,kansai-envurban,2024,大和ハウス工業(株),5,1,ku-stem-career-2024,建設業
kansai,kansai-envurban,2024,(株)竹中工務店,1,1,ku-stem-career-2024,建設業
kansai,kansai-envurban,2024,戸田建設(株),2,1,ku-stem-career-2024,建設業
kansai,kansai-envurban,2024,西松建設(株),1,1,ku-stem-career-2024,建設業
kansai,kansai-envurban,2024,(株)長谷工コーポレーション,4,1,ku-stem-career-2024,建設業
kansai,kansai-envurban,2024,パナソニック　ホームズ(株),1,1,ku-stem-career-2024,建設業
kansai,kansai-envurban,2024,パナソニックリフォーム(株),1,1,ku-stem-career-2024,建設業
kansai,kansai-envurban,2024,(株)ハンシン建設,1,1,ku-stem-career-2024,建設業
kansai,kansai-envurban,2024,(株)フジタ,2,1,ku-stem-career-2024,建設業
kansai,kansai-envurban,2024,ミサワホーム近畿(株),1,1,ku-stem-career-2024,建設業
kansai,kansai-envurban,2024,新菱冷熱工業(株),2,1,ku-stem-career-2024,建設業
kansai,kansai-envurban,2024,(一社)近畿建設協会,2,1,ku-stem-career-2024,教育・広告・その他サービス業
kansai,kansai-envurban,2024,国際航業(株),1,1,ku-stem-career-2024,教育・広告・その他サービス業
kansai,kansai-envurban,2024,(株)スペース,1,1,ku-stem-career-2024,教育・広告・その他サービス業
kansai,kansai-envurban,2024,パーソルクロステクノロジー(株),1,1,ku-stem-career-2024,教育・広告・その他サービス業
kansai,kansai-envurban,2024,阪神高速技研(株),2,1,ku-stem-career-2024,教育・広告・その他サービス業
kansai,kansai-envurban,2024,(株)藤原設計,1,1,ku-stem-career-2024,教育・広告・その他サービス業
kansai,kansai-envurban,2024,(株)アウトソーシングテクノロジー,1,1,ku-stem-career-2024,教育・広告・その他サービス業
kansai,kansai-envurban,2024,関西設計(株),1,1,ku-stem-career-2024,教育・広告・その他サービス業
kansai,kansai-envurban,2024,(株)ナサホーム,1,1,ku-stem-career-2024,教育・広告・その他サービス業
kansai,kansai-envurban,2024,積水化学工業(株),1,1,ku-stem-career-2024,製造業
kansai,kansai-envurban,2024,千代田エクスワンエンジニアリング(株),1,1,ku-stem-career-2024,製造業
kansai,kansai-envurban,2024,三菱マテリアルテクノ(株),1,1,ku-stem-career-2024,製造業
kansai,kansai-envurban,2024,アズビル(株),1,1,ku-stem-career-2024,製造業
kansai,kansai-envurban,2024,パナソニック　ホームズ不動産(株),1,1,ku-stem-career-2024,不動産業・物品賃貸業
kansai,kansai-envurban,2024,阪急阪神不動産(株),3,1,ku-stem-career-2024,不動産業・物品賃貸業
kansai,kansai-envurban,2024,(株)フロンティアホールディングス,2,1,ku-stem-career-2024,不動産業・物品賃貸業
kansai,kansai-envurban,2024,(株)インテック,2,1,ku-stem-career-2024,情報通信業
kansai,kansai-envurban,2024,(株)日立システムズ,2,1,ku-stem-career-2024,情報通信業
kansai,kansai-envurban,2024,(株)ＭＡＰＰＡ,1,1,ku-stem-career-2024,情報通信業
kansai,kansai-envurban,2024,(株)関電エネルギーソリューション,3,1,ku-stem-career-2024,電気・ガス・熱供給・水道業
kansai,kansai-envurban,2024,電源開発(株),1,1,ku-stem-career-2024,電気・ガス・熱供給・水道業
kansai,kansai-envurban,2024,大阪市職員,8,1,ku-stem-career-2024,公務員・公立学校教員
kansai,kansai-envurban,2024,生駒市職員,1,1,ku-stem-career-2024,公務員・公立学校教員
kansai,kansai-envurban,2024,(株)エイト日本技術開発,1,1,ku-stem-career-2024,教育・広告・その他サービス業
kansai,kansai-envurban,2024,(株)ＮＪＳ,1,1,ku-stem-career-2024,教育・広告・その他サービス業
kansai,kansai-envurban,2024,近畿技術コンサルタンツ(株),1,1,ku-stem-career-2024,教育・広告・その他サービス業
kansai,kansai-envurban,2024,ジェイアール西日本コンサルタンツ(株),1,1,ku-stem-career-2024,教育・広告・その他サービス業
kansai,kansai-envurban,2024,(株)修成建設コンサルタント,1,1,ku-stem-career-2024,教育・広告・その他サービス業
kansai,kansai-envurban,2024,(株)スリーエスコンサルタンツ,1,1,ku-stem-career-2024,教育・広告・その他サービス業
kansai,kansai-envurban,2024,大日本ダイヤコンサルタント(株),1,1,ku-stem-career-2024,教育・広告・その他サービス業
kansai,kansai-envurban,2024,中央復建コンサルタンツ(株),1,1,ku-stem-career-2024,教育・広告・その他サービス業
kansai,kansai-envurban,2024,西日本高速道路エンジニアリング関西(株),1,1,ku-stem-career-2024,教育・広告・その他サービス業
kansai,kansai-envurban,2024,日本水工設計(株),1,1,ku-stem-career-2024,教育・広告・その他サービス業
kansai,kansai-envurban,2024,フューチャーアーキテクト(株),1,1,ku-stem-career-2024,教育・広告・その他サービス業
kansai,kansai-envurban,2024,三井共同建設コンサルタント(株),1,1,ku-stem-career-2024,教育・広告・その他サービス業
kansai,kansai-envurban,2024,八千代エンジニヤリング(株),1,1,ku-stem-career-2024,教育・広告・その他サービス業
kansai,kansai-envurban,2024,(株)淀川アクテス,1,1,ku-stem-career-2024,教育・広告・その他サービス業
kansai,kansai-envurban,2024,(株)メイテック,1,1,ku-stem-career-2024,教育・広告・その他サービス業
kansai,kansai-envurban,2024,大和ライフネクスト(株),1,1,ku-stem-career-2024,教育・広告・その他サービス業
kansai,kansai-envurban,2024,中日本高速道路(株)（ＮＥＸＣＯ中日本）,1,1,ku-stem-career-2024,教育・広告・その他サービス業
kansai,kansai-envurban,2024,西日本高速道路(株)（ＮＥＸＣＯ西日本）,1,1,ku-stem-career-2024,教育・広告・その他サービス業
kansai,kansai-envurban,2024,(株)アートリフォーム,1,1,ku-stem-career-2024,建設業
kansai,kansai-envurban,2024,(株)大本組,2,1,ku-stem-career-2024,建設業
kansai,kansai-envurban,2024,ショーボンド建設(株),1,1,ku-stem-career-2024,建設業
kansai,kansai-envurban,2024,スバル興業(株),1,1,ku-stem-career-2024,建設業
kansai,kansai-envurban,2024,大日本土木(株),1,1,ku-stem-career-2024,建設業
kansai,kansai-envurban,2024,三井住友建設(株),1,1,ku-stem-career-2024,建設業
kansai,kansai-envurban,2024,三井デザインテック(株),1,1,ku-stem-career-2024,建設業
kansai,kansai-envurban,2024,(株)米杉建設,1,1,ku-stem-career-2024,建設業
kansai,kansai-envurban,2024,(株)きんでん,1,1,ku-stem-career-2024,建設業
kansai,kansai-envurban,2024,新日本空調(株),1,1,ku-stem-career-2024,建設業
kansai,kansai-envurban,2024,(株)大気社,1,1,ku-stem-career-2024,建設業
kansai,kansai-envurban,2024,ＣＴＣテクノロジー(株),1,1,ku-stem-career-2024,情報通信業
kansai,kansai-envurban,2024,鈴与シンワート(株),1,1,ku-stem-career-2024,情報通信業
kansai,kansai-envurban,2024,住友電工情報システム(株),1,1,ku-stem-career-2024,情報通信業
kansai,kansai-envurban,2024,(株)ソフトウェア・サービス,1,1,ku-stem-career-2024,情報通信業
kansai,kansai-envurban,2024,ＴＩＳ(株),1,1,ku-stem-career-2024,情報通信業
kansai,kansai-envurban,2024,パナソニックシステムデザイン(株),1,1,ku-stem-career-2024,情報通信業
kansai,kansai-envurban,2024,(株)日立ソリューションズ,1,1,ku-stem-career-2024,情報通信業
kansai,kansai-envurban,2024,三菱電機ソフトウエア(株),1,1,ku-stem-career-2024,情報通信業
kansai,kansai-envurban,2024,東レ(株),1,1,ku-stem-career-2024,製造業
kansai,kansai-envurban,2024,日本コンベヤ(株),1,1,ku-stem-career-2024,製造業
kansai,kansai-envurban,2024,(株)村田製作所,1,1,ku-stem-career-2024,製造業
kansai,kansai-envurban,2024,ＮＥＣプラットフォームズ(株),1,1,ku-stem-career-2024,製造業
kansai,kansai-envurban,2024,関電不動産開発(株),1,1,ku-stem-career-2024,不動産業・物品賃貸業
kansai,kansai-envurban,2024,ＪＲ西日本アーバン開発(株),1,1,ku-stem-career-2024,不動産業・物品賃貸業
kansai,kansai-envurban,2024,(株)長谷工不動産,1,1,ku-stem-career-2024,不動産業・物品賃貸業
kansai,kansai-envurban,2024,東海旅客鉄道(株)（ＪＲ東海）,1,1,ku-stem-career-2024,運輸業・郵便業
kansai,kansai-envurban,2024,西日本旅客鉄道(株)（ＪＲ西日本）,1,1,ku-stem-career-2024,運輸業・郵便業
kansai,kansai-envurban,2024,ＪＦＥ物流(株),1,1,ku-stem-career-2024,運輸業・郵便業
kansai,kansai-envurban,2024,(株)関西みらい銀行,1,1,ku-stem-career-2024,金融業・保険業
kansai,kansai-envurban,2024,(株)ジェーシービー,1,1,ku-stem-career-2024,金融業・保険業
kansai,kansai-envurban,2024,関西電力(株),1,1,ku-stem-career-2024,電気・ガス・熱供給・水道業
kansai,kansai-envurban,2024,石川県職員,1,1,ku-stem-career-2024,公務員・公立学校教員
kansai,kansai-envurban,2024,福井市職員,1,1,ku-stem-career-2024,公務員・公立学校教員
kansai,kansai-envurban,2024,大阪府職員,5,1,ku-stem-career-2024,公務員・公立学校教員
kansai,kansai-envurban,2024,堺市職員,2,1,ku-stem-career-2024,公務員・公立学校教員
kansai,kansai-envurban,2024,和泉市職員,2,1,ku-stem-career-2024,公務員・公立学校教員
kansai,kansai-envurban,2024,吹田市職員,3,1,ku-stem-career-2024,公務員・公立学校教員
kansai,kansai-envurban,2024,豊中市職員,2,1,ku-stem-career-2024,公務員・公立学校教員
kansai,kansai-envurban,2024,八尾市職員,1,1,ku-stem-career-2024,公務員・公立学校教員
kansai,kansai-envurban,2024,神戸市職員,1,1,ku-stem-career-2024,公務員・公立学校教員
kansai,kansai-envurban,2024,明石市職員,1,1,ku-stem-career-2024,公務員・公立学校教員
kansai,kansai-envurban,2024,奈良県職員,2,1,ku-stem-career-2024,公務員・公立学校教員
kansai,kansai-envurban,2024,大阪府教員,1,1,ku-stem-career-2024,公務員・公立学校教員
kansai,kansai-envurban,2024,(株)ロック・フィールド,1,1,ku-stem-career-2024,製造業
kansai,kansai-envurban,2024,田中紙管(株),1,1,ku-stem-career-2024,製造業
kansai,kansai-envurban,2024,岩谷瓦斯(株),1,1,ku-stem-career-2024,製造業
kansai,kansai-envurban,2024,(株)ダイゾー,1,1,ku-stem-career-2024,製造業
kansai,kansai-envurban,2024,リンテック(株),1,1,ku-stem-career-2024,製造業
kansai,kansai-envurban,2024,(株)栗本鐵工所,1,1,ku-stem-career-2024,製造業
kansai,kansai-envurban,2024,栗田工業(株),1,1,ku-stem-career-2024,製造業
kansai,kansai-envurban,2024,ダイキン工業(株),1,1,ku-stem-career-2024,製造業
kansai,kansai-envurban,2024,(株)タクマ,2,1,ku-stem-career-2024,製造業
kansai,kansai-envurban,2024,中外炉工業(株),1,1,ku-stem-career-2024,製造業
kansai,kansai-envurban,2024,日揮グローバル(株),1,1,ku-stem-career-2024,製造業
kansai,kansai-envurban,2024,アプライドマテリアルズジャパン(株),1,1,ku-stem-career-2024,製造業
kansai,kansai-envurban,2024,Ｊａｐａｎ Ａｄｖａｎｃｅｄ Ｓｅｍｉｃｏｎｄｕｃｔｏｒ Ｍａｎｕｆａｃｔｕｒｉｎｇ(株),1,1,ku-stem-career-2024,製造業
kansai,kansai-envurban,2024,日本電気(株)（ＮＥＣ）,1,1,ku-stem-career-2024,製造業
kansai,kansai-envurban,2024,マツダ(株),1,1,ku-stem-career-2024,製造業
kansai,kansai-envurban,2024,タカラスタンダード(株),1,1,ku-stem-career-2024,製造業
kansai,kansai-envurban,2024,東急建設(株),1,1,ku-stem-career-2024,建設業
kansai,kansai-envurban,2024,(株)カクダイ,1,1,ku-stem-career-2024,建設業
kansai,kansai-envurban,2024,東洋熱工業(株),1,1,ku-stem-career-2024,建設業
kansai,kansai-envurban,2024,Ｄａｉｇａｓエナジー(株),1,1,ku-stem-career-2024,電気・ガス・熱供給・水道業
kansai,kansai-envurban,2024,東京ガスエンジニアリングソリューションズ(株),1,1,ku-stem-career-2024,電気・ガス・熱供給・水道業
kansai,kansai-envurban,2024,(株)昭和丸筒,1,1,ku-stem-career-2024,卸売・小売業
kansai,kansai-envurban,2024,(株)たけびし,2,1,ku-stem-career-2024,卸売・小売業
kansai,kansai-envurban,2024,(株)立花エレテック,1,1,ku-stem-career-2024,卸売・小売業
kansai,kansai-envurban,2024,(株)システムサポート,1,1,ku-stem-career-2024,情報通信業
kansai,kansai-envurban,2024,(株)アトックス,1,1,ku-stem-career-2024,教育・広告・その他サービス業
kansai,kansai-chembio,2024,芦森工業(株),1,1,ku-stem-career-2024,製造業
kansai,kansai-chembio,2024,アトムメディカル(株),1,1,ku-stem-career-2024,製造業
kansai,kansai-chembio,2024,アルファー食品(株),1,1,ku-stem-career-2024,製造業
kansai,kansai-chembio,2024,アンファー(株),1,1,ku-stem-career-2024,製造業
kansai,kansai-chembio,2024,(株)イシダ,1,1,ku-stem-career-2024,製造業
kansai,kansai-chembio,2024,いすゞ自動車(株),1,1,ku-stem-career-2024,製造業
kansai,kansai-chembio,2024,(株)ＦＴＣ ＪＡＰＡＮ,1,1,ku-stem-career-2024,製造業
kansai,kansai-chembio,2024,(株)ＭＴＧ,1,1,ku-stem-career-2024,製造業
kansai,kansai-chembio,2024,奥野製薬工業(株),1,1,ku-stem-career-2024,製造業
kansai,kansai-chembio,2024,カナデビア(株),1,1,ku-stem-career-2024,製造業
kansai,kansai-chembio,2024,京セラドキュメントソリューションズ(株),1,1,ku-stem-career-2024,製造業
kansai,kansai-chembio,2024,(株)栗本鐵工所,2,1,ku-stem-career-2024,製造業
kansai,kansai-chembio,2024,ケイミュー(株),1,1,ku-stem-career-2024,製造業
kansai,kansai-chembio,2024,高圧ガス工業(株),1,1,ku-stem-career-2024,製造業
kansai,kansai-chembio,2024,三栄源エフ・エフ・アイ(株),1,1,ku-stem-career-2024,製造業
kansai,kansai-chembio,2024,三協立山(株),1,1,ku-stem-career-2024,製造業
kansai,kansai-chembio,2024,ＪＦＥスチール(株),2,1,ku-stem-career-2024,製造業
kansai,kansai-chembio,2024,住友ゴム工業(株),1,1,ku-stem-career-2024,製造業
kansai,kansai-chembio,2024,積水テクノ成型(株),1,1,ku-stem-career-2024,製造業
kansai,kansai-chembio,2024,ダイキン工業(株),1,1,ku-stem-career-2024,製造業
kansai,kansai-chembio,2024,大成化工(株),1,1,ku-stem-career-2024,製造業
kansai,kansai-chembio,2024,ダイハツ工業(株),5,1,ku-stem-career-2024,製造業
kansai,kansai-chembio,2024,(株)ダイフク,1,1,ku-stem-career-2024,製造業
kansai,kansai-chembio,2024,太陽ファルマテック(株),1,1,ku-stem-career-2024,製造業
kansai,kansai-chembio,2024,タカラスタンダード(株),1,1,ku-stem-career-2024,製造業
kansai,kansai-chembio,2024,テイボー(株),1,1,ku-stem-career-2024,製造業
kansai,kansai-chembio,2024,中西金属工業(株),1,1,ku-stem-career-2024,製造業
kansai,kansai-chembio,2024,日華化学(株),1,1,ku-stem-career-2024,製造業
kansai,kansai-chembio,2024,日東電工(株),1,1,ku-stem-career-2024,製造業
kansai,kansai-chembio,2024,日本ペイントホールディングス(株),1,1,ku-stem-career-2024,製造業
kansai,kansai-chembio,2024,ニプロ(株),1,1,ku-stem-career-2024,製造業
kansai,kansai-chembio,2024,日本エア・リキード(同),1,1,ku-stem-career-2024,製造業
kansai,kansai-chembio,2024,日本伸銅(株),2,1,ku-stem-career-2024,製造業
kansai,kansai-chembio,2024,日本精蝋(株),1,1,ku-stem-career-2024,製造業
kansai,kansai-chembio,2024,(株)日本マイクロニクス,1,1,ku-stem-career-2024,製造業
kansai,kansai-chembio,2024,ノリタケ(株),1,1,ku-stem-career-2024,製造業
kansai,kansai-chembio,2024,パナソニックグループ,1,1,ku-stem-career-2024,製造業
kansai,kansai-chembio,2024,富士フイルムマニュファクチャリング(株),1,1,ku-stem-career-2024,製造業
kansai,kansai-chembio,2024,扶桑薬品工業(株),1,1,ku-stem-career-2024,製造業
kansai,kansai-chembio,2024,プライムプラネットエナジー＆ソリューションズ(株),2,1,ku-stem-career-2024,製造業
kansai,kansai-chembio,2024,ホソカワミクロン(株),1,1,ku-stem-career-2024,製造業
kansai,kansai-chembio,2024,(株)村田製作所,1,1,ku-stem-career-2024,製造業
kansai,kansai-chembio,2024,山崎製パン(株),1,1,ku-stem-career-2024,製造業
kansai,kansai-chembio,2024,(株)淀川製鋼所,1,1,ku-stem-career-2024,製造業
kansai,kansai-chembio,2024,和信化学工業(株),1,1,ku-stem-career-2024,製造業
kansai,kansai-chembio,2024,(株)アイル,2,1,ku-stem-career-2024,情報通信業
kansai,kansai-chembio,2024,(株)アクト,1,1,ku-stem-career-2024,情報通信業
kansai,kansai-chembio,2024,京セラコミュニケーションシステム(株),1,1,ku-stem-career-2024,情報通信業
kansai,kansai-chembio,2024,日本電気通信システム(株),1,1,ku-stem-career-2024,情報通信業
kansai,kansai-chembio,2024,岩谷産業(株),1,1,ku-stem-career-2024,卸売・小売業
kansai,kansai-chembio,2024,小西医療器(株),1,1,ku-stem-career-2024,卸売・小売業
kansai,kansai-chembio,2024,(株)コンフォートジャパン,1,1,ku-stem-career-2024,卸売・小売業
kansai,kansai-chembio,2024,ダイキンＨＶＡＣソリューション近畿(株),1,1,ku-stem-career-2024,卸売・小売業
kansai,kansai-chembio,2024,(株)日立プラントサービス,1,1,ku-stem-career-2024,卸売・小売業
kansai,kansai-chembio,2024,(株)ＬＩＸＩＬ,1,1,ku-stem-career-2024,卸売・小売業
kansai,kansai-chembio,2024,東京セキスイハイム(株),1,1,ku-stem-career-2024,建設業
kansai,kansai-chembio,2024,(株)日立プラントサービス,1,1,ku-stem-career-2024,建設業
kansai,kansai-chembio,2024,(株)りのぶる,1,1,ku-stem-career-2024,建設業
kansai,kansai-chembio,2024,スタッフサービスグループ,1,1,ku-stem-career-2024,教育・広告・その他サービス業
kansai,kansai-chembio,2024,ＷＤＢ工学(株),1,1,ku-stem-career-2024,教育・広告・その他サービス業
kansai,kansai-chembio,2024,大阪ガスネットワーク(株),1,1,ku-stem-career-2024,電気・ガス・熱供給・水道業
kansai,kansai-chembio,2024,(株)オリエントコーポレーション,1,1,ku-stem-career-2024,金融業・保険業
kansai,kansai-chembio,2024,(株)フロンティアホールディングス,1,1,ku-stem-career-2024,不動産業・物品賃貸業
kansai,kansai-chembio,2024,大阪市職員,1,1,ku-stem-career-2024,公務員・公立学校教員
kansai,kansai-chembio,2024,大阪府教員,2,1,ku-stem-career-2024,公務員・公立学校教員
kansai,kansai-chembio,2024,Ｉ・Ｔ・Ｏ(株),1,1,ku-stem-career-2024,製造業
kansai,kansai-chembio,2024,ＡＧＣグラスプロダクツ(株),1,1,ku-stem-career-2024,製造業
kansai,kansai-chembio,2024,キャタピラージャパン(同),1,1,ku-stem-career-2024,製造業
kansai,kansai-chembio,2024,クボタ環境エンジニアリング(株),1,1,ku-stem-career-2024,製造業
kansai,kansai-chembio,2024,クリタ西日本(株),2,1,ku-stem-career-2024,製造業
kansai,kansai-chembio,2024,(株)コスモビューティー,1,1,ku-stem-career-2024,製造業
kansai,kansai-chembio,2024,小林製薬(株),1,1,ku-stem-career-2024,製造業
kansai,kansai-chembio,2024,ＳＵＭＩＮＯＥ(株),1,1,ku-stem-career-2024,製造業
kansai,kansai-chembio,2024,全星薬品工業(株),1,1,ku-stem-career-2024,製造業
kansai,kansai-chembio,2024,タカラバイオ(株),1,1,ku-stem-career-2024,製造業
kansai,kansai-chembio,2024,デンカ(株),1,1,ku-stem-career-2024,製造業
kansai,kansai-chembio,2024,東洋製薬化成(株),1,1,ku-stem-career-2024,製造業
kansai,kansai-chembio,2024,ニプロファーマ(株),1,1,ku-stem-career-2024,製造業
kansai,kansai-chembio,2024,パーソルＡＶＣテクノロジー(株),1,1,ku-stem-career-2024,製造業
kansai,kansai-chembio,2024,(株)不二家,1,1,ku-stem-career-2024,製造業
kansai,kansai-chembio,2024,マイクロンメモリジャパン(株),1,1,ku-stem-career-2024,製造業
kansai,kansai-chembio,2024,マルホ(株),1,1,ku-stem-career-2024,製造業
kansai,kansai-chembio,2024,三菱商事ライフサイエンス(株),1,1,ku-stem-career-2024,製造業
kansai,kansai-chembio,2024,(株)ユーハイム,1,1,ku-stem-career-2024,製造業
kansai,kansai-chembio,2024,(株)ウイルテック,1,1,ku-stem-career-2024,教育・広告・その他サービス業
kansai,kansai-chembio,2024,キャムコムグループ,1,1,ku-stem-career-2024,教育・広告・その他サービス業
kansai,kansai-chembio,2024,(株)消費科学研究所,1,1,ku-stem-career-2024,教育・広告・その他サービス業
kansai,kansai-chembio,2024,(株)東京海上日動コミュニケーションズ,1,1,ku-stem-career-2024,教育・広告・その他サービス業
kansai,kansai-chembio,2024,(一財)日本食品分析センター,1,1,ku-stem-career-2024,教育・広告・その他サービス業
kansai,kansai-chembio,2024,(株)リアブロード,1,1,ku-stem-career-2024,教育・広告・その他サービス業
kansai,kansai-chembio,2024,アズワン(株),1,1,ku-stem-career-2024,卸売・小売業
kansai,kansai-chembio,2024,(株)アダストリア,1,1,ku-stem-career-2024,卸売・小売業
kansai,kansai-chembio,2024,エプソン販売(株),1,1,ku-stem-career-2024,卸売・小売業
kansai,kansai-chembio,2024,オー・ジー(株),1,1,ku-stem-career-2024,卸売・小売業
kansai,kansai-chembio,2024,(株)ＩＤホールディングス,1,1,ku-stem-career-2024,情報通信業
kansai,kansai-chembio,2024,(株)電通総研,1,1,ku-stem-career-2024,情報通信業
kansai,kansai-chembio,2024,(株)一条工務店,1,1,ku-stem-career-2024,建設業
kansai,kansai-chembio,2024,和歌山県職員,1,1,ku-stem-career-2024,公務員・公立学校教員
kansai,kansai-chembio,2024,(地独)鳥取県産業技術センター,1,1,ku-stem-career-2024,公務員・公立学校教員
