university_id,faculty_id,year,industry,count,ratio,source_id
doshisha,doshisha-theology,2025,農業,0,0.0,dsh-gyoshu-2025
doshisha,doshisha-theology,2025,林業・狩猟業,0,0.0,dsh-gyoshu-2025
doshisha,doshisha-theology,2025,漁業・水産養殖業,0,0.0,dsh-gyoshu-2025
doshisha,doshisha-theology,2025,鉱業,0,0.0,dsh-gyoshu-2025
doshisha,doshisha-theology,2025,建設・土木工事業,4,0.0909,dsh-gyoshu-2025
doshisha,doshisha-theology,2025,繊維工業,0,0.0,dsh-gyoshu-2025
doshisha,doshisha-theology,2025,化学肥料・化学工業製品・塗料製造業,0,0.0,dsh-gyoshu-2025
doshisha,doshisha-theology,2025,石油製品・石炭製品製造業,0,0.0,dsh-gyoshu-2025
doshisha,doshisha-theology,2025,ゴム製品製造業,0,0.0,dsh-gyoshu-2025
doshisha,doshisha-theology,2025,窯業・土石製品製造業,0,0.0,dsh-gyoshu-2025
doshisha,doshisha-theology,2025,鉄鋼業,0,0.0,dsh-gyoshu-2025
doshisha,doshisha-theology,2025,非鉄金属製造業,0,0.0,dsh-gyoshu-2025
doshisha,doshisha-theology,2025,金属製品製造業,0,0.0,dsh-gyoshu-2025
doshisha,doshisha-theology,2025,一般機械器具製造業,0,0.0,dsh-gyoshu-2025
doshisha,doshisha-theology,2025,電気・情報通信機械器具製造業,2,0.0455,dsh-gyoshu-2025
doshisha,doshisha-theology,2025,電子部品・デバイス製造業,1,0.0227,dsh-gyoshu-2025
doshisha,doshisha-theology,2025,輸送用機械器具製造業,0,0.0,dsh-gyoshu-2025
doshisha,doshisha-theology,2025,精密機械器具製造業,0,0.0,dsh-gyoshu-2025
doshisha,doshisha-theology,2025,食料品・たばこ製造業,1,0.0227,dsh-gyoshu-2025
doshisha,doshisha-theology,2025,衣服・その他の繊維製品製造業,0,0.0,dsh-gyoshu-2025
doshisha,doshisha-theology,2025,木材・木製品・家具製備品製造業,0,0.0,dsh-gyoshu-2025
doshisha,doshisha-theology,2025,パルプ・紙・紙加工品製造業,0,0.0,dsh-gyoshu-2025
doshisha,doshisha-theology,2025,印刷・同関連産業,0,0.0,dsh-gyoshu-2025
doshisha,doshisha-theology,2025,化粧品・医薬品製造業,0,0.0,dsh-gyoshu-2025
doshisha,doshisha-theology,2025,その他の製造業,0,0.0,dsh-gyoshu-2025
doshisha,doshisha-theology,2025,各種商品卸売業,0,0.0,dsh-gyoshu-2025
doshisha,doshisha-theology,2025,食品卸売業,0,0.0,dsh-gyoshu-2025
doshisha,doshisha-theology,2025,繊維製品卸売業,0,0.0,dsh-gyoshu-2025
doshisha,doshisha-theology,2025,建築材料、鉱物・金属材料等卸売業,0,0.0,dsh-gyoshu-2025
doshisha,doshisha-theology,2025,機械器具製品卸売業,1,0.0227,dsh-gyoshu-2025
doshisha,doshisha-theology,2025,その他の卸売業,0,0.0,dsh-gyoshu-2025
doshisha,doshisha-theology,2025,各種商品小売業,2,0.0455,dsh-gyoshu-2025
doshisha,doshisha-theology,2025,織物・衣服・身の回り品の小売業,0,0.0,dsh-gyoshu-2025
doshisha,doshisha-theology,2025,飲食料品小売業,0,0.0,dsh-gyoshu-2025
doshisha,doshisha-theology,2025,自動車・自転車小売業,0,0.0,dsh-gyoshu-2025
doshisha,doshisha-theology,2025,その他の小売業,4,0.0909,dsh-gyoshu-2025
doshisha,doshisha-theology,2025,銀行業,4,0.0909,dsh-gyoshu-2025
doshisha,doshisha-theology,2025,信用金庫・信用組合・労働金庫業 等,0,0.0,dsh-gyoshu-2025
doshisha,doshisha-theology,2025,政府関係金融機関,0,0.0,dsh-gyoshu-2025
doshisha,doshisha-theology,2025,証券業,0,0.0,dsh-gyoshu-2025
doshisha,doshisha-theology,2025,商品取引業,0,0.0,dsh-gyoshu-2025
doshisha,doshisha-theology,2025,保険業,1,0.0227,dsh-gyoshu-2025
doshisha,doshisha-theology,2025,貸金業・クレジットカード業,0,0.0,dsh-gyoshu-2025
doshisha,doshisha-theology,2025,その他の金融業,0,0.0,dsh-gyoshu-2025
doshisha,doshisha-theology,2025,通信業,0,0.0,dsh-gyoshu-2025
doshisha,doshisha-theology,2025,放送業,0,0.0,dsh-gyoshu-2025
doshisha,doshisha-theology,2025,新聞・出版業,2,0.0455,dsh-gyoshu-2025
doshisha,doshisha-theology,2025,映像・音声情報制作業,0,0.0,dsh-gyoshu-2025
doshisha,doshisha-theology,2025,ソフトウェアサービス業,7,0.1591,dsh-gyoshu-2025
doshisha,doshisha-theology,2025,インターネット付随サービス業,2,0.0455,dsh-gyoshu-2025
doshisha,doshisha-theology,2025,その他情報通信業,0,0.0,dsh-gyoshu-2025
doshisha,doshisha-theology,2025,国公立学校教員・職員,0,0.0,dsh-gyoshu-2025
doshisha,doshisha-theology,2025,私立学校教員・職員,1,0.0227,dsh-gyoshu-2025
doshisha,doshisha-theology,2025,各種学校・専修学校等,0,0.0,dsh-gyoshu-2025
doshisha,doshisha-theology,2025,社会教育・学習塾等,0,0.0,dsh-gyoshu-2025
doshisha,doshisha-theology,2025,その他教育・学習支援業,0,0.0,dsh-gyoshu-2025
doshisha,doshisha-theology,2025,飲食店・旅館・宿泊業等,0,0.0,dsh-gyoshu-2025
doshisha,doshisha-theology,2025,広告業,0,0.0,dsh-gyoshu-2025
doshisha,doshisha-theology,2025,旅行・観光・娯楽業,2,0.0455,dsh-gyoshu-2025
doshisha,doshisha-theology,2025,その他のサービス業,4,0.0909,dsh-gyoshu-2025
doshisha,doshisha-theology,2025,郵便局・協同組合業,0,0.0,dsh-gyoshu-2025
doshisha,doshisha-theology,2025,法律事務所、司法書士事務所,0,0.0,dsh-gyoshu-2025
doshisha,doshisha-theology,2025,会計事務所、経営コンサルタント 等,1,0.0227,dsh-gyoshu-2025
doshisha,doshisha-theology,2025,学術・開発研究機関,0,0.0,dsh-gyoshu-2025
doshisha,doshisha-theology,2025,非営利的団体,0,0.0,dsh-gyoshu-2025
doshisha,doshisha-theology,2025,宗教,0,0.0,dsh-gyoshu-2025
doshisha,doshisha-theology,2025,不動産業,0,0.0,dsh-gyoshu-2025
doshisha,doshisha-theology,2025,物品賃貸業,0,0.0,dsh-gyoshu-2025
doshisha,doshisha-theology,2025,医療・保健業,0,0.0,dsh-gyoshu-2025
doshisha,doshisha-theology,2025,社会保険・社会福祉・介護事業等,0,0.0,dsh-gyoshu-2025
doshisha,doshisha-theology,2025,運輸業・郵便事業,3,0.0682,dsh-gyoshu-2025
doshisha,doshisha-theology,2025,国家公務員,1,0.0227,dsh-gyoshu-2025
doshisha,doshisha-theology,2025,地方公務員,0,0.0,dsh-gyoshu-2025
doshisha,doshisha-theology,2025,電気・ガス・水道・熱供給業,1,0.0227,dsh-gyoshu-2025
doshisha,doshisha-theology,2025,分類不能,0,0.0,dsh-gyoshu-2025
doshisha,doshisha-letters,2025,農業,0,0.0,dsh-gyoshu-2025
doshisha,doshisha-letters,2025,林業・狩猟業,0,0.0,dsh-gyoshu-2025
doshisha,doshisha-letters,2025,漁業・水産養殖業,0,0.0,dsh-gyoshu-2025
doshisha,doshisha-letters,2025,鉱業,0,0.0,dsh-gyoshu-2025
doshisha,doshisha-letters,2025,建設・土木工事業,9,0.0166,dsh-gyoshu-2025
doshisha,doshisha-letters,2025,繊維工業,1,0.0018,dsh-gyoshu-2025
doshisha,doshisha-letters,2025,化学肥料・化学工業製品・塗料製造業,7,0.0129,dsh-gyoshu-2025
doshisha,doshisha-letters,2025,石油製品・石炭製品製造業,1,0.0018,dsh-gyoshu-2025
doshisha,doshisha-letters,2025,ゴム製品製造業,1,0.0018,dsh-gyoshu-2025
doshisha,doshisha-letters,2025,窯業・土石製品製造業,0,0.0,dsh-gyoshu-2025
doshisha,doshisha-letters,2025,鉄鋼業,1,0.0018,dsh-gyoshu-2025
doshisha,doshisha-letters,2025,非鉄金属製造業,3,0.0055,dsh-gyoshu-2025
doshisha,doshisha-letters,2025,金属製品製造業,3,0.0055,dsh-gyoshu-2025
doshisha,doshisha-letters,2025,一般機械器具製造業,5,0.0092,dsh-gyoshu-2025
doshisha,doshisha-letters,2025,電気・情報通信機械器具製造業,25,0.0462,dsh-gyoshu-2025
doshisha,doshisha-letters,2025,電子部品・デバイス製造業,2,0.0037,dsh-gyoshu-2025
doshisha,doshisha-letters,2025,輸送用機械器具製造業,5,0.0092,dsh-gyoshu-2025
doshisha,doshisha-letters,2025,精密機械器具製造業,3,0.0055,dsh-gyoshu-2025
doshisha,doshisha-letters,2025,食料品・たばこ製造業,14,0.0259,dsh-gyoshu-2025
doshisha,doshisha-letters,2025,衣服・その他の繊維製品製造業,3,0.0055,dsh-gyoshu-2025
doshisha,doshisha-letters,2025,木材・木製品・家具製備品製造業,0,0.0,dsh-gyoshu-2025
doshisha,doshisha-letters,2025,パルプ・紙・紙加工品製造業,2,0.0037,dsh-gyoshu-2025
doshisha,doshisha-letters,2025,印刷・同関連産業,4,0.0074,dsh-gyoshu-2025
doshisha,doshisha-letters,2025,化粧品・医薬品製造業,3,0.0055,dsh-gyoshu-2025
doshisha,doshisha-letters,2025,その他の製造業,13,0.024,dsh-gyoshu-2025
doshisha,doshisha-letters,2025,各種商品卸売業,4,0.0074,dsh-gyoshu-2025
doshisha,doshisha-letters,2025,食品卸売業,5,0.0092,dsh-gyoshu-2025
doshisha,doshisha-letters,2025,繊維製品卸売業,2,0.0037,dsh-gyoshu-2025
doshisha,doshisha-letters,2025,建築材料、鉱物・金属材料等卸売業,6,0.0111,dsh-gyoshu-2025
doshisha,doshisha-letters,2025,機械器具製品卸売業,15,0.0277,dsh-gyoshu-2025
doshisha,doshisha-letters,2025,その他の卸売業,7,0.0129,dsh-gyoshu-2025
doshisha,doshisha-letters,2025,各種商品小売業,7,0.0129,dsh-gyoshu-2025
doshisha,doshisha-letters,2025,織物・衣服・身の回り品の小売業,3,0.0055,dsh-gyoshu-2025
doshisha,doshisha-letters,2025,飲食料品小売業,2,0.0037,dsh-gyoshu-2025
doshisha,doshisha-letters,2025,自動車・自転車小売業,1,0.0018,dsh-gyoshu-2025
doshisha,doshisha-letters,2025,その他の小売業,10,0.0185,dsh-gyoshu-2025
doshisha,doshisha-letters,2025,銀行業,18,0.0333,dsh-gyoshu-2025
doshisha,doshisha-letters,2025,信用金庫・信用組合・労働金庫業 等,9,0.0166,dsh-gyoshu-2025
doshisha,doshisha-letters,2025,政府関係金融機関,1,0.0018,dsh-gyoshu-2025
doshisha,doshisha-letters,2025,証券業,3,0.0055,dsh-gyoshu-2025
doshisha,doshisha-letters,2025,商品取引業,0,0.0,dsh-gyoshu-2025
doshisha,doshisha-letters,2025,保険業,12,0.0222,dsh-gyoshu-2025
doshisha,doshisha-letters,2025,貸金業・クレジットカード業,2,0.0037,dsh-gyoshu-2025
doshisha,doshisha-letters,2025,その他の金融業,1,0.0018,dsh-gyoshu-2025
doshisha,doshisha-letters,2025,通信業,3,0.0055,dsh-gyoshu-2025
doshisha,doshisha-letters,2025,放送業,8,0.0148,dsh-gyoshu-2025
doshisha,doshisha-letters,2025,新聞・出版業,12,0.0222,dsh-gyoshu-2025
doshisha,doshisha-letters,2025,映像・音声情報制作業,5,0.0092,dsh-gyoshu-2025
doshisha,doshisha-letters,2025,ソフトウェアサービス業,54,0.0998,dsh-gyoshu-2025
doshisha,doshisha-letters,2025,インターネット付随サービス業,12,0.0222,dsh-gyoshu-2025
doshisha,doshisha-letters,2025,その他情報通信業,4,0.0074,dsh-gyoshu-2025
doshisha,doshisha-letters,2025,国公立学校教員・職員,10,0.0185,dsh-gyoshu-2025
doshisha,doshisha-letters,2025,私立学校教員・職員,7,0.0129,dsh-gyoshu-2025
doshisha,doshisha-letters,2025,各種学校・専修学校等,0,0.0,dsh-gyoshu-2025
doshisha,doshisha-letters,2025,社会教育・学習塾等,10,0.0185,dsh-gyoshu-2025
doshisha,doshisha-letters,2025,その他教育・学習支援業,3,0.0055,dsh-gyoshu-2025
doshisha,doshisha-letters,2025,飲食店・旅館・宿泊業等,5,0.0092,dsh-gyoshu-2025
doshisha,doshisha-letters,2025,広告業,9,0.0166,dsh-gyoshu-2025
doshisha,doshisha-letters,2025,旅行・観光・娯楽業,17,0.0314,dsh-gyoshu-2025
doshisha,doshisha-letters,2025,その他のサービス業,30,0.0555,dsh-gyoshu-2025
doshisha,doshisha-letters,2025,郵便局・協同組合業,3,0.0055,dsh-gyoshu-2025
doshisha,doshisha-letters,2025,法律事務所、司法書士事務所,2,0.0037,dsh-gyoshu-2025
doshisha,doshisha-letters,2025,会計事務所、経営コンサルタント 等,20,0.037,dsh-gyoshu-2025
doshisha,doshisha-letters,2025,学術・開発研究機関,0,0.0,dsh-gyoshu-2025
doshisha,doshisha-letters,2025,非営利的団体,10,0.0185,dsh-gyoshu-2025
doshisha,doshisha-letters,2025,宗教,2,0.0037,dsh-gyoshu-2025
doshisha,doshisha-letters,2025,不動産業,8,0.0148,dsh-gyoshu-2025
doshisha,doshisha-letters,2025,物品賃貸業,1,0.0018,dsh-gyoshu-2025
doshisha,doshisha-letters,2025,医療・保健業,2,0.0037,dsh-gyoshu-2025
doshisha,doshisha-letters,2025,社会保険・社会福祉・介護事業等,4,0.0074,dsh-gyoshu-2025
doshisha,doshisha-letters,2025,運輸業・郵便事業,33,0.061,dsh-gyoshu-2025
doshisha,doshisha-letters,2025,国家公務員,13,0.024,dsh-gyoshu-2025
doshisha,doshisha-letters,2025,地方公務員,32,0.0591,dsh-gyoshu-2025
doshisha,doshisha-letters,2025,電気・ガス・水道・熱供給業,7,0.0129,dsh-gyoshu-2025
doshisha,doshisha-letters,2025,分類不能,2,0.0037,dsh-gyoshu-2025
doshisha,doshisha-sociology,2025,農業,1,0.0027,dsh-gyoshu-2025
doshisha,doshisha-sociology,2025,林業・狩猟業,0,0.0,dsh-gyoshu-2025
doshisha,doshisha-sociology,2025,漁業・水産養殖業,0,0.0,dsh-gyoshu-2025
doshisha,doshisha-sociology,2025,鉱業,0,0.0,dsh-gyoshu-2025
doshisha,doshisha-sociology,2025,建設・土木工事業,8,0.0215,dsh-gyoshu-2025
doshisha,doshisha-sociology,2025,繊維工業,0,0.0,dsh-gyoshu-2025
doshisha,doshisha-sociology,2025,化学肥料・化学工業製品・塗料製造業,0,0.0,dsh-gyoshu-2025
doshisha,doshisha-sociology,2025,石油製品・石炭製品製造業,1,0.0027,dsh-gyoshu-2025
doshisha,doshisha-sociology,2025,ゴム製品製造業,1,0.0027,dsh-gyoshu-2025
doshisha,doshisha-sociology,2025,窯業・土石製品製造業,2,0.0054,dsh-gyoshu-2025
doshisha,doshisha-sociology,2025,鉄鋼業,4,0.0108,dsh-gyoshu-2025
doshisha,doshisha-sociology,2025,非鉄金属製造業,0,0.0,dsh-gyoshu-2025
doshisha,doshisha-sociology,2025,金属製品製造業,2,0.0054,dsh-gyoshu-2025
doshisha,doshisha-sociology,2025,一般機械器具製造業,12,0.0323,dsh-gyoshu-2025
doshisha,doshisha-sociology,2025,電気・情報通信機械器具製造業,19,0.0511,dsh-gyoshu-2025
doshisha,doshisha-sociology,2025,電子部品・デバイス製造業,5,0.0134,dsh-gyoshu-2025
doshisha,doshisha-sociology,2025,輸送用機械器具製造業,14,0.0376,dsh-gyoshu-2025
doshisha,doshisha-sociology,2025,精密機械器具製造業,4,0.0108,dsh-gyoshu-2025
doshisha,doshisha-sociology,2025,食料品・たばこ製造業,9,0.0242,dsh-gyoshu-2025
doshisha,doshisha-sociology,2025,衣服・その他の繊維製品製造業,2,0.0054,dsh-gyoshu-2025
doshisha,doshisha-sociology,2025,木材・木製品・家具製備品製造業,1,0.0027,dsh-gyoshu-2025
doshisha,doshisha-sociology,2025,パルプ・紙・紙加工品製造業,0,0.0,dsh-gyoshu-2025
doshisha,doshisha-sociology,2025,印刷・同関連産業,2,0.0054,dsh-gyoshu-2025
doshisha,doshisha-sociology,2025,化粧品・医薬品製造業,10,0.0269,dsh-gyoshu-2025
doshisha,doshisha-sociology,2025,その他の製造業,4,0.0108,dsh-gyoshu-2025
doshisha,doshisha-sociology,2025,各種商品卸売業,0,0.0,dsh-gyoshu-2025
doshisha,doshisha-sociology,2025,食品卸売業,3,0.0081,dsh-gyoshu-2025
doshisha,doshisha-sociology,2025,繊維製品卸売業,2,0.0054,dsh-gyoshu-2025
doshisha,doshisha-sociology,2025,建築材料、鉱物・金属材料等卸売業,5,0.0134,dsh-gyoshu-2025
doshisha,doshisha-sociology,2025,機械器具製品卸売業,8,0.0215,dsh-gyoshu-2025
doshisha,doshisha-sociology,2025,その他の卸売業,5,0.0134,dsh-gyoshu-2025
doshisha,doshisha-sociology,2025,各種商品小売業,1,0.0027,dsh-gyoshu-2025
doshisha,doshisha-sociology,2025,織物・衣服・身の回り品の小売業,4,0.0108,dsh-gyoshu-2025
doshisha,doshisha-sociology,2025,飲食料品小売業,0,0.0,dsh-gyoshu-2025
doshisha,doshisha-sociology,2025,自動車・自転車小売業,2,0.0054,dsh-gyoshu-2025
doshisha,doshisha-sociology,2025,その他の小売業,7,0.0188,dsh-gyoshu-2025
doshisha,doshisha-sociology,2025,銀行業,15,0.0403,dsh-gyoshu-2025
doshisha,doshisha-sociology,2025,信用金庫・信用組合・労働金庫業 等,1,0.0027,dsh-gyoshu-2025
doshisha,doshisha-sociology,2025,政府関係金融機関,1,0.0027,dsh-gyoshu-2025
doshisha,doshisha-sociology,2025,証券業,3,0.0081,dsh-gyoshu-2025
doshisha,doshisha-sociology,2025,商品取引業,0,0.0,dsh-gyoshu-2025
doshisha,doshisha-sociology,2025,保険業,14,0.0376,dsh-gyoshu-2025
doshisha,doshisha-sociology,2025,貸金業・クレジットカード業,3,0.0081,dsh-gyoshu-2025
doshisha,doshisha-sociology,2025,その他の金融業,1,0.0027,dsh-gyoshu-2025
doshisha,doshisha-sociology,2025,通信業,7,0.0188,dsh-gyoshu-2025
doshisha,doshisha-sociology,2025,放送業,6,0.0161,dsh-gyoshu-2025
doshisha,doshisha-sociology,2025,新聞・出版業,4,0.0108,dsh-gyoshu-2025
doshisha,doshisha-sociology,2025,映像・音声情報制作業,4,0.0108,dsh-gyoshu-2025
doshisha,doshisha-sociology,2025,ソフトウェアサービス業,29,0.078,dsh-gyoshu-2025
doshisha,doshisha-sociology,2025,インターネット付随サービス業,1,0.0027,dsh-gyoshu-2025
doshisha,doshisha-sociology,2025,その他情報通信業,3,0.0081,dsh-gyoshu-2025
doshisha,doshisha-sociology,2025,国公立学校教員・職員,4,0.0108,dsh-gyoshu-2025
doshisha,doshisha-sociology,2025,私立学校教員・職員,2,0.0054,dsh-gyoshu-2025
doshisha,doshisha-sociology,2025,各種学校・専修学校等,0,0.0,dsh-gyoshu-2025
doshisha,doshisha-sociology,2025,社会教育・学習塾等,2,0.0054,dsh-gyoshu-2025
doshisha,doshisha-sociology,2025,その他教育・学習支援業,1,0.0027,dsh-gyoshu-2025
doshisha,doshisha-sociology,2025,飲食店・旅館・宿泊業等,3,0.0081,dsh-gyoshu-2025
doshisha,doshisha-sociology,2025,広告業,4,0.0108,dsh-gyoshu-2025
doshisha,doshisha-sociology,2025,旅行・観光・娯楽業,3,0.0081,dsh-gyoshu-2025
doshisha,doshisha-sociology,2025,その他のサービス業,25,0.0672,dsh-gyoshu-2025
doshisha,doshisha-sociology,2025,郵便局・協同組合業,0,0.0,dsh-gyoshu-2025
doshisha,doshisha-sociology,2025,法律事務所、司法書士事務所,0,0.0,dsh-gyoshu-2025
doshisha,doshisha-sociology,2025,会計事務所、経営コンサルタント 等,15,0.0403,dsh-gyoshu-2025
doshisha,doshisha-sociology,2025,学術・開発研究機関,0,0.0,dsh-gyoshu-2025
doshisha,doshisha-sociology,2025,非営利的団体,4,0.0108,dsh-gyoshu-2025
doshisha,doshisha-sociology,2025,宗教,0,0.0,dsh-gyoshu-2025
doshisha,doshisha-sociology,2025,不動産業,15,0.0403,dsh-gyoshu-2025
doshisha,doshisha-sociology,2025,物品賃貸業,2,0.0054,dsh-gyoshu-2025
doshisha,doshisha-sociology,2025,医療・保健業,4,0.0108,dsh-gyoshu-2025
doshisha,doshisha-sociology,2025,社会保険・社会福祉・介護事業等,6,0.0161,dsh-gyoshu-2025
doshisha,doshisha-sociology,2025,運輸業・郵便事業,21,0.0565,dsh-gyoshu-2025
doshisha,doshisha-sociology,2025,国家公務員,7,0.0188,dsh-gyoshu-2025
doshisha,doshisha-sociology,2025,地方公務員,14,0.0376,dsh-gyoshu-2025
doshisha,doshisha-sociology,2025,電気・ガス・水道・熱供給業,5,0.0134,dsh-gyoshu-2025
doshisha,doshisha-sociology,2025,分類不能,5,0.0134,dsh-gyoshu-2025
doshisha,doshisha-law,2025,農業,0,0.0,dsh-gyoshu-2025
doshisha,doshisha-law,2025,林業・狩猟業,0,0.0,dsh-gyoshu-2025
doshisha,doshisha-law,2025,漁業・水産養殖業,1,0.0017,dsh-gyoshu-2025
doshisha,doshisha-law,2025,鉱業,1,0.0017,dsh-gyoshu-2025
doshisha,doshisha-law,2025,建設・土木工事業,14,0.0232,dsh-gyoshu-2025
doshisha,doshisha-law,2025,繊維工業,1,0.0017,dsh-gyoshu-2025
doshisha,doshisha-law,2025,化学肥料・化学工業製品・塗料製造業,6,0.01,dsh-gyoshu-2025
doshisha,doshisha-law,2025,石油製品・石炭製品製造業,3,0.005,dsh-gyoshu-2025
doshisha,doshisha-law,2025,ゴム製品製造業,2,0.0033,dsh-gyoshu-2025
doshisha,doshisha-law,2025,窯業・土石製品製造業,3,0.005,dsh-gyoshu-2025
doshisha,doshisha-law,2025,鉄鋼業,2,0.0033,dsh-gyoshu-2025
doshisha,doshisha-law,2025,非鉄金属製造業,3,0.005,dsh-gyoshu-2025
doshisha,doshisha-law,2025,金属製品製造業,1,0.0017,dsh-gyoshu-2025
doshisha,doshisha-law,2025,一般機械器具製造業,15,0.0249,dsh-gyoshu-2025
doshisha,doshisha-law,2025,電気・情報通信機械器具製造業,30,0.0498,dsh-gyoshu-2025
doshisha,doshisha-law,2025,電子部品・デバイス製造業,9,0.0149,dsh-gyoshu-2025
doshisha,doshisha-law,2025,輸送用機械器具製造業,13,0.0216,dsh-gyoshu-2025
doshisha,doshisha-law,2025,精密機械器具製造業,5,0.0083,dsh-gyoshu-2025
doshisha,doshisha-law,2025,食料品・たばこ製造業,11,0.0182,dsh-gyoshu-2025
doshisha,doshisha-law,2025,衣服・その他の繊維製品製造業,3,0.005,dsh-gyoshu-2025
doshisha,doshisha-law,2025,木材・木製品・家具製備品製造業,2,0.0033,dsh-gyoshu-2025
doshisha,doshisha-law,2025,パルプ・紙・紙加工品製造業,1,0.0017,dsh-gyoshu-2025
doshisha,doshisha-law,2025,印刷・同関連産業,1,0.0017,dsh-gyoshu-2025
doshisha,doshisha-law,2025,化粧品・医薬品製造業,4,0.0066,dsh-gyoshu-2025
doshisha,doshisha-law,2025,その他の製造業,10,0.0166,dsh-gyoshu-2025
doshisha,doshisha-law,2025,各種商品卸売業,2,0.0033,dsh-gyoshu-2025
doshisha,doshisha-law,2025,食品卸売業,2,0.0033,dsh-gyoshu-2025
doshisha,doshisha-law,2025,繊維製品卸売業,1,0.0017,dsh-gyoshu-2025
doshisha,doshisha-law,2025,建築材料、鉱物・金属材料等卸売業,7,0.0116,dsh-gyoshu-2025
doshisha,doshisha-law,2025,機械器具製品卸売業,14,0.0232,dsh-gyoshu-2025
doshisha,doshisha-law,2025,その他の卸売業,2,0.0033,dsh-gyoshu-2025
doshisha,doshisha-law,2025,各種商品小売業,4,0.0066,dsh-gyoshu-2025
doshisha,doshisha-law,2025,織物・衣服・身の回り品の小売業,4,0.0066,dsh-gyoshu-2025
doshisha,doshisha-law,2025,飲食料品小売業,2,0.0033,dsh-gyoshu-2025
doshisha,doshisha-law,2025,自動車・自転車小売業,5,0.0083,dsh-gyoshu-2025
doshisha,doshisha-law,2025,その他の小売業,5,0.0083,dsh-gyoshu-2025
doshisha,doshisha-law,2025,銀行業,59,0.0978,dsh-gyoshu-2025
doshisha,doshisha-law,2025,信用金庫・信用組合・労働金庫業 等,5,0.0083,dsh-gyoshu-2025
doshisha,doshisha-law,2025,政府関係金融機関,2,0.0033,dsh-gyoshu-2025
doshisha,doshisha-law,2025,証券業,16,0.0265,dsh-gyoshu-2025
doshisha,doshisha-law,2025,商品取引業,0,0.0,dsh-gyoshu-2025
doshisha,doshisha-law,2025,保険業,28,0.0464,dsh-gyoshu-2025
doshisha,doshisha-law,2025,貸金業・クレジットカード業,5,0.0083,dsh-gyoshu-2025
doshisha,doshisha-law,2025,その他の金融業,1,0.0017,dsh-gyoshu-2025
doshisha,doshisha-law,2025,通信業,8,0.0133,dsh-gyoshu-2025
doshisha,doshisha-law,2025,放送業,2,0.0033,dsh-gyoshu-2025
doshisha,doshisha-law,2025,新聞・出版業,11,0.0182,dsh-gyoshu-2025
doshisha,doshisha-law,2025,映像・音声情報制作業,0,0.0,dsh-gyoshu-2025
doshisha,doshisha-law,2025,ソフトウェアサービス業,47,0.0779,dsh-gyoshu-2025
doshisha,doshisha-law,2025,インターネット付随サービス業,3,0.005,dsh-gyoshu-2025
doshisha,doshisha-law,2025,その他情報通信業,9,0.0149,dsh-gyoshu-2025
doshisha,doshisha-law,2025,国公立学校教員・職員,3,0.005,dsh-gyoshu-2025
doshisha,doshisha-law,2025,私立学校教員・職員,3,0.005,dsh-gyoshu-2025
doshisha,doshisha-law,2025,各種学校・専修学校等,0,0.0,dsh-gyoshu-2025
doshisha,doshisha-law,2025,社会教育・学習塾等,2,0.0033,dsh-gyoshu-2025
doshisha,doshisha-law,2025,その他教育・学習支援業,0,0.0,dsh-gyoshu-2025
doshisha,doshisha-law,2025,飲食店・旅館・宿泊業等,6,0.01,dsh-gyoshu-2025
doshisha,doshisha-law,2025,広告業,6,0.01,dsh-gyoshu-2025
doshisha,doshisha-law,2025,旅行・観光・娯楽業,2,0.0033,dsh-gyoshu-2025
doshisha,doshisha-law,2025,その他のサービス業,24,0.0398,dsh-gyoshu-2025
doshisha,doshisha-law,2025,郵便局・協同組合業,0,0.0,dsh-gyoshu-2025
doshisha,doshisha-law,2025,法律事務所、司法書士事務所,2,0.0033,dsh-gyoshu-2025
doshisha,doshisha-law,2025,会計事務所、経営コンサルタント 等,22,0.0365,dsh-gyoshu-2025
doshisha,doshisha-law,2025,学術・開発研究機関,0,0.0,dsh-gyoshu-2025
doshisha,doshisha-law,2025,非営利的団体,10,0.0166,dsh-gyoshu-2025
doshisha,doshisha-law,2025,宗教,0,0.0,dsh-gyoshu-2025
doshisha,doshisha-law,2025,不動産業,29,0.0481,dsh-gyoshu-2025
doshisha,doshisha-law,2025,物品賃貸業,4,0.0066,dsh-gyoshu-2025
doshisha,doshisha-law,2025,医療・保健業,1,0.0017,dsh-gyoshu-2025
doshisha,doshisha-law,2025,社会保険・社会福祉・介護事業等,1,0.0017,dsh-gyoshu-2025
doshisha,doshisha-law,2025,運輸業・郵便事業,25,0.0415,dsh-gyoshu-2025
doshisha,doshisha-law,2025,国家公務員,37,0.0614,dsh-gyoshu-2025
doshisha,doshisha-law,2025,地方公務員,30,0.0498,dsh-gyoshu-2025
doshisha,doshisha-law,2025,電気・ガス・水道・熱供給業,6,0.01,dsh-gyoshu-2025
doshisha,doshisha-law,2025,分類不能,5,0.0083,dsh-gyoshu-2025
doshisha,doshisha-economics,2025,農業,0,0.0,dsh-gyoshu-2025
doshisha,doshisha-economics,2025,林業・狩猟業,0,0.0,dsh-gyoshu-2025
doshisha,doshisha-economics,2025,漁業・水産養殖業,1,0.0014,dsh-gyoshu-2025
doshisha,doshisha-economics,2025,鉱業,0,0.0,dsh-gyoshu-2025
doshisha,doshisha-economics,2025,建設・土木工事業,22,0.0307,dsh-gyoshu-2025
doshisha,doshisha-economics,2025,繊維工業,4,0.0056,dsh-gyoshu-2025
doshisha,doshisha-economics,2025,化学肥料・化学工業製品・塗料製造業,9,0.0126,dsh-gyoshu-2025
doshisha,doshisha-economics,2025,石油製品・石炭製品製造業,1,0.0014,dsh-gyoshu-2025
doshisha,doshisha-economics,2025,ゴム製品製造業,1,0.0014,dsh-gyoshu-2025
doshisha,doshisha-economics,2025,窯業・土石製品製造業,1,0.0014,dsh-gyoshu-2025
doshisha,doshisha-economics,2025,鉄鋼業,0,0.0,dsh-gyoshu-2025
doshisha,doshisha-economics,2025,非鉄金属製造業,4,0.0056,dsh-gyoshu-2025
doshisha,doshisha-economics,2025,金属製品製造業,3,0.0042,dsh-gyoshu-2025
doshisha,doshisha-economics,2025,一般機械器具製造業,11,0.0154,dsh-gyoshu-2025
doshisha,doshisha-economics,2025,電気・情報通信機械器具製造業,36,0.0503,dsh-gyoshu-2025
doshisha,doshisha-economics,2025,電子部品・デバイス製造業,9,0.0126,dsh-gyoshu-2025
doshisha,doshisha-economics,2025,輸送用機械器具製造業,11,0.0154,dsh-gyoshu-2025
doshisha,doshisha-economics,2025,精密機械器具製造業,7,0.0098,dsh-gyoshu-2025
doshisha,doshisha-economics,2025,食料品・たばこ製造業,18,0.0251,dsh-gyoshu-2025
doshisha,doshisha-economics,2025,衣服・その他の繊維製品製造業,2,0.0028,dsh-gyoshu-2025
doshisha,doshisha-economics,2025,木材・木製品・家具製備品製造業,0,0.0,dsh-gyoshu-2025
doshisha,doshisha-economics,2025,パルプ・紙・紙加工品製造業,0,0.0,dsh-gyoshu-2025
doshisha,doshisha-economics,2025,印刷・同関連産業,1,0.0014,dsh-gyoshu-2025
doshisha,doshisha-economics,2025,化粧品・医薬品製造業,4,0.0056,dsh-gyoshu-2025
doshisha,doshisha-economics,2025,その他の製造業,12,0.0168,dsh-gyoshu-2025
doshisha,doshisha-economics,2025,各種商品卸売業,4,0.0056,dsh-gyoshu-2025
doshisha,doshisha-economics,2025,食品卸売業,4,0.0056,dsh-gyoshu-2025
doshisha,doshisha-economics,2025,繊維製品卸売業,4,0.0056,dsh-gyoshu-2025
doshisha,doshisha-economics,2025,建築材料、鉱物・金属材料等卸売業,7,0.0098,dsh-gyoshu-2025
doshisha,doshisha-economics,2025,機械器具製品卸売業,14,0.0196,dsh-gyoshu-2025
doshisha,doshisha-economics,2025,その他の卸売業,4,0.0056,dsh-gyoshu-2025
doshisha,doshisha-economics,2025,各種商品小売業,6,0.0084,dsh-gyoshu-2025
doshisha,doshisha-economics,2025,織物・衣服・身の回り品の小売業,2,0.0028,dsh-gyoshu-2025
doshisha,doshisha-economics,2025,飲食料品小売業,1,0.0014,dsh-gyoshu-2025
doshisha,doshisha-economics,2025,自動車・自転車小売業,2,0.0028,dsh-gyoshu-2025
doshisha,doshisha-economics,2025,その他の小売業,8,0.0112,dsh-gyoshu-2025
doshisha,doshisha-economics,2025,銀行業,72,0.1006,dsh-gyoshu-2025
doshisha,doshisha-economics,2025,信用金庫・信用組合・労働金庫業 等,8,0.0112,dsh-gyoshu-2025
doshisha,doshisha-economics,2025,政府関係金融機関,7,0.0098,dsh-gyoshu-2025
doshisha,doshisha-economics,2025,証券業,23,0.0321,dsh-gyoshu-2025
doshisha,doshisha-economics,2025,商品取引業,2,0.0028,dsh-gyoshu-2025
doshisha,doshisha-economics,2025,保険業,34,0.0475,dsh-gyoshu-2025
doshisha,doshisha-economics,2025,貸金業・クレジットカード業,8,0.0112,dsh-gyoshu-2025
doshisha,doshisha-economics,2025,その他の金融業,2,0.0028,dsh-gyoshu-2025
doshisha,doshisha-economics,2025,通信業,18,0.0251,dsh-gyoshu-2025
doshisha,doshisha-economics,2025,放送業,3,0.0042,dsh-gyoshu-2025
doshisha,doshisha-economics,2025,新聞・出版業,2,0.0028,dsh-gyoshu-2025
doshisha,doshisha-economics,2025,映像・音声情報制作業,0,0.0,dsh-gyoshu-2025
doshisha,doshisha-economics,2025,ソフトウェアサービス業,90,0.1257,dsh-gyoshu-2025
doshisha,doshisha-economics,2025,インターネット付随サービス業,9,0.0126,dsh-gyoshu-2025
doshisha,doshisha-economics,2025,その他情報通信業,6,0.0084,dsh-gyoshu-2025
doshisha,doshisha-economics,2025,国公立学校教員・職員,2,0.0028,dsh-gyoshu-2025
doshisha,doshisha-economics,2025,私立学校教員・職員,1,0.0014,dsh-gyoshu-2025
doshisha,doshisha-economics,2025,各種学校・専修学校等,0,0.0,dsh-gyoshu-2025
doshisha,doshisha-economics,2025,社会教育・学習塾等,1,0.0014,dsh-gyoshu-2025
doshisha,doshisha-economics,2025,その他教育・学習支援業,0,0.0,dsh-gyoshu-2025
doshisha,doshisha-economics,2025,飲食店・旅館・宿泊業等,2,0.0028,dsh-gyoshu-2025
doshisha,doshisha-economics,2025,広告業,14,0.0196,dsh-gyoshu-2025
doshisha,doshisha-economics,2025,旅行・観光・娯楽業,2,0.0028,dsh-gyoshu-2025
doshisha,doshisha-economics,2025,その他のサービス業,38,0.0531,dsh-gyoshu-2025
doshisha,doshisha-economics,2025,郵便局・協同組合業,2,0.0028,dsh-gyoshu-2025
doshisha,doshisha-economics,2025,法律事務所、司法書士事務所,1,0.0014,dsh-gyoshu-2025
doshisha,doshisha-economics,2025,会計事務所、経営コンサルタント 等,51,0.0712,dsh-gyoshu-2025
doshisha,doshisha-economics,2025,学術・開発研究機関,1,0.0014,dsh-gyoshu-2025
doshisha,doshisha-economics,2025,非営利的団体,3,0.0042,dsh-gyoshu-2025
doshisha,doshisha-economics,2025,宗教,1,0.0014,dsh-gyoshu-2025
doshisha,doshisha-economics,2025,不動産業,24,0.0335,dsh-gyoshu-2025
doshisha,doshisha-economics,2025,物品賃貸業,6,0.0084,dsh-gyoshu-2025
doshisha,doshisha-economics,2025,医療・保健業,1,0.0014,dsh-gyoshu-2025
doshisha,doshisha-economics,2025,社会保険・社会福祉・介護事業等,2,0.0028,dsh-gyoshu-2025
doshisha,doshisha-economics,2025,運輸業・郵便事業,14,0.0196,dsh-gyoshu-2025
doshisha,doshisha-economics,2025,国家公務員,15,0.0209,dsh-gyoshu-2025
doshisha,doshisha-economics,2025,地方公務員,23,0.0321,dsh-gyoshu-2025
doshisha,doshisha-economics,2025,電気・ガス・水道・熱供給業,13,0.0182,dsh-gyoshu-2025
doshisha,doshisha-economics,2025,分類不能,2,0.0028,dsh-gyoshu-2025
doshisha,doshisha-commerce,2025,農業,0,0.0,dsh-gyoshu-2025
doshisha,doshisha-commerce,2025,林業・狩猟業,0,0.0,dsh-gyoshu-2025
doshisha,doshisha-commerce,2025,漁業・水産養殖業,0,0.0,dsh-gyoshu-2025
doshisha,doshisha-commerce,2025,鉱業,0,0.0,dsh-gyoshu-2025
doshisha,doshisha-commerce,2025,建設・土木工事業,13,0.0164,dsh-gyoshu-2025
doshisha,doshisha-commerce,2025,繊維工業,4,0.0051,dsh-gyoshu-2025
doshisha,doshisha-commerce,2025,化学肥料・化学工業製品・塗料製造業,7,0.0088,dsh-gyoshu-2025
doshisha,doshisha-commerce,2025,石油製品・石炭製品製造業,1,0.0013,dsh-gyoshu-2025
doshisha,doshisha-commerce,2025,ゴム製品製造業,0,0.0,dsh-gyoshu-2025
doshisha,doshisha-commerce,2025,窯業・土石製品製造業,2,0.0025,dsh-gyoshu-2025
doshisha,doshisha-commerce,2025,鉄鋼業,3,0.0038,dsh-gyoshu-2025
doshisha,doshisha-commerce,2025,非鉄金属製造業,5,0.0063,dsh-gyoshu-2025
doshisha,doshisha-commerce,2025,金属製品製造業,1,0.0013,dsh-gyoshu-2025
doshisha,doshisha-commerce,2025,一般機械器具製造業,20,0.0253,dsh-gyoshu-2025
doshisha,doshisha-commerce,2025,電気・情報通信機械器具製造業,33,0.0417,dsh-gyoshu-2025
doshisha,doshisha-commerce,2025,電子部品・デバイス製造業,12,0.0152,dsh-gyoshu-2025
doshisha,doshisha-commerce,2025,輸送用機械器具製造業,21,0.0265,dsh-gyoshu-2025
doshisha,doshisha-commerce,2025,精密機械器具製造業,13,0.0164,dsh-gyoshu-2025
doshisha,doshisha-commerce,2025,食料品・たばこ製造業,28,0.0354,dsh-gyoshu-2025
doshisha,doshisha-commerce,2025,衣服・その他の繊維製品製造業,2,0.0025,dsh-gyoshu-2025
doshisha,doshisha-commerce,2025,木材・木製品・家具製備品製造業,2,0.0025,dsh-gyoshu-2025
doshisha,doshisha-commerce,2025,パルプ・紙・紙加工品製造業,2,0.0025,dsh-gyoshu-2025
doshisha,doshisha-commerce,2025,印刷・同関連産業,3,0.0038,dsh-gyoshu-2025
doshisha,doshisha-commerce,2025,化粧品・医薬品製造業,9,0.0114,dsh-gyoshu-2025
doshisha,doshisha-commerce,2025,その他の製造業,8,0.0101,dsh-gyoshu-2025
doshisha,doshisha-commerce,2025,各種商品卸売業,5,0.0063,dsh-gyoshu-2025
doshisha,doshisha-commerce,2025,食品卸売業,3,0.0038,dsh-gyoshu-2025
doshisha,doshisha-commerce,2025,繊維製品卸売業,6,0.0076,dsh-gyoshu-2025
doshisha,doshisha-commerce,2025,建築材料、鉱物・金属材料等卸売業,15,0.0189,dsh-gyoshu-2025
doshisha,doshisha-commerce,2025,機械器具製品卸売業,23,0.029,dsh-gyoshu-2025
doshisha,doshisha-commerce,2025,その他の卸売業,2,0.0025,dsh-gyoshu-2025
doshisha,doshisha-commerce,2025,各種商品小売業,3,0.0038,dsh-gyoshu-2025
doshisha,doshisha-commerce,2025,織物・衣服・身の回り品の小売業,6,0.0076,dsh-gyoshu-2025
doshisha,doshisha-commerce,2025,飲食料品小売業,0,0.0,dsh-gyoshu-2025
doshisha,doshisha-commerce,2025,自動車・自転車小売業,2,0.0025,dsh-gyoshu-2025
doshisha,doshisha-commerce,2025,その他の小売業,9,0.0114,dsh-gyoshu-2025
doshisha,doshisha-commerce,2025,銀行業,82,0.1035,dsh-gyoshu-2025
doshisha,doshisha-commerce,2025,信用金庫・信用組合・労働金庫業 等,10,0.0126,dsh-gyoshu-2025
doshisha,doshisha-commerce,2025,政府関係金融機関,8,0.0101,dsh-gyoshu-2025
doshisha,doshisha-commerce,2025,証券業,16,0.0202,dsh-gyoshu-2025
doshisha,doshisha-commerce,2025,商品取引業,1,0.0013,dsh-gyoshu-2025
doshisha,doshisha-commerce,2025,保険業,52,0.0657,dsh-gyoshu-2025
doshisha,doshisha-commerce,2025,貸金業・クレジットカード業,15,0.0189,dsh-gyoshu-2025
doshisha,doshisha-commerce,2025,その他の金融業,3,0.0038,dsh-gyoshu-2025
doshisha,doshisha-commerce,2025,通信業,19,0.024,dsh-gyoshu-2025
doshisha,doshisha-commerce,2025,放送業,4,0.0051,dsh-gyoshu-2025
doshisha,doshisha-commerce,2025,新聞・出版業,4,0.0051,dsh-gyoshu-2025
doshisha,doshisha-commerce,2025,映像・音声情報制作業,1,0.0013,dsh-gyoshu-2025
doshisha,doshisha-commerce,2025,ソフトウェアサービス業,63,0.0795,dsh-gyoshu-2025
doshisha,doshisha-commerce,2025,インターネット付随サービス業,13,0.0164,dsh-gyoshu-2025
doshisha,doshisha-commerce,2025,その他情報通信業,8,0.0101,dsh-gyoshu-2025
doshisha,doshisha-commerce,2025,国公立学校教員・職員,2,0.0025,dsh-gyoshu-2025
doshisha,doshisha-commerce,2025,私立学校教員・職員,2,0.0025,dsh-gyoshu-2025
doshisha,doshisha-commerce,2025,各種学校・専修学校等,0,0.0,dsh-gyoshu-2025
doshisha,doshisha-commerce,2025,社会教育・学習塾等,2,0.0025,dsh-gyoshu-2025
doshisha,doshisha-commerce,2025,その他教育・学習支援業,1,0.0013,dsh-gyoshu-2025
doshisha,doshisha-commerce,2025,飲食店・旅館・宿泊業等,4,0.0051,dsh-gyoshu-2025
doshisha,doshisha-commerce,2025,広告業,9,0.0114,dsh-gyoshu-2025
doshisha,doshisha-commerce,2025,旅行・観光・娯楽業,7,0.0088,dsh-gyoshu-2025
doshisha,doshisha-commerce,2025,その他のサービス業,47,0.0593,dsh-gyoshu-2025
doshisha,doshisha-commerce,2025,郵便局・協同組合業,1,0.0013,dsh-gyoshu-2025
doshisha,doshisha-commerce,2025,法律事務所、司法書士事務所,2,0.0025,dsh-gyoshu-2025
doshisha,doshisha-commerce,2025,会計事務所、経営コンサルタント 等,43,0.0543,dsh-gyoshu-2025
doshisha,doshisha-commerce,2025,学術・開発研究機関,0,0.0,dsh-gyoshu-2025
doshisha,doshisha-commerce,2025,非営利的団体,1,0.0013,dsh-gyoshu-2025
doshisha,doshisha-commerce,2025,宗教,0,0.0,dsh-gyoshu-2025
doshisha,doshisha-commerce,2025,不動産業,28,0.0354,dsh-gyoshu-2025
doshisha,doshisha-commerce,2025,物品賃貸業,12,0.0152,dsh-gyoshu-2025
doshisha,doshisha-commerce,2025,医療・保健業,2,0.0025,dsh-gyoshu-2025
doshisha,doshisha-commerce,2025,社会保険・社会福祉・介護事業等,2,0.0025,dsh-gyoshu-2025
doshisha,doshisha-commerce,2025,運輸業・郵便事業,25,0.0316,dsh-gyoshu-2025
doshisha,doshisha-commerce,2025,国家公務員,6,0.0076,dsh-gyoshu-2025
doshisha,doshisha-commerce,2025,地方公務員,16,0.0202,dsh-gyoshu-2025
doshisha,doshisha-commerce,2025,電気・ガス・水道・熱供給業,14,0.0177,dsh-gyoshu-2025
doshisha,doshisha-commerce,2025,分類不能,4,0.0051,dsh-gyoshu-2025
doshisha,doshisha-policy,2025,農業,0,0.0,dsh-gyoshu-2025
doshisha,doshisha-policy,2025,林業・狩猟業,0,0.0,dsh-gyoshu-2025
doshisha,doshisha-policy,2025,漁業・水産養殖業,0,0.0,dsh-gyoshu-2025
doshisha,doshisha-policy,2025,鉱業,0,0.0,dsh-gyoshu-2025
doshisha,doshisha-policy,2025,建設・土木工事業,15,0.0403,dsh-gyoshu-2025
doshisha,doshisha-policy,2025,繊維工業,1,0.0027,dsh-gyoshu-2025
doshisha,doshisha-policy,2025,化学肥料・化学工業製品・塗料製造業,4,0.0108,dsh-gyoshu-2025
doshisha,doshisha-policy,2025,石油製品・石炭製品製造業,2,0.0054,dsh-gyoshu-2025
doshisha,doshisha-policy,2025,ゴム製品製造業,0,0.0,dsh-gyoshu-2025
doshisha,doshisha-policy,2025,窯業・土石製品製造業,4,0.0108,dsh-gyoshu-2025
doshisha,doshisha-policy,2025,鉄鋼業,1,0.0027,dsh-gyoshu-2025
doshisha,doshisha-policy,2025,非鉄金属製造業,0,0.0,dsh-gyoshu-2025
doshisha,doshisha-policy,2025,金属製品製造業,4,0.0108,dsh-gyoshu-2025
doshisha,doshisha-policy,2025,一般機械器具製造業,7,0.0188,dsh-gyoshu-2025
doshisha,doshisha-policy,2025,電気・情報通信機械器具製造業,18,0.0484,dsh-gyoshu-2025
doshisha,doshisha-policy,2025,電子部品・デバイス製造業,3,0.0081,dsh-gyoshu-2025
doshisha,doshisha-policy,2025,輸送用機械器具製造業,10,0.0269,dsh-gyoshu-2025
doshisha,doshisha-policy,2025,精密機械器具製造業,3,0.0081,dsh-gyoshu-2025
doshisha,doshisha-policy,2025,食料品・たばこ製造業,9,0.0242,dsh-gyoshu-2025
doshisha,doshisha-policy,2025,衣服・その他の繊維製品製造業,1,0.0027,dsh-gyoshu-2025
doshisha,doshisha-policy,2025,木材・木製品・家具製備品製造業,0,0.0,dsh-gyoshu-2025
doshisha,doshisha-policy,2025,パルプ・紙・紙加工品製造業,0,0.0,dsh-gyoshu-2025
doshisha,doshisha-policy,2025,印刷・同関連産業,3,0.0081,dsh-gyoshu-2025
doshisha,doshisha-policy,2025,化粧品・医薬品製造業,6,0.0161,dsh-gyoshu-2025
doshisha,doshisha-policy,2025,その他の製造業,3,0.0081,dsh-gyoshu-2025
doshisha,doshisha-policy,2025,各種商品卸売業,1,0.0027,dsh-gyoshu-2025
doshisha,doshisha-policy,2025,食品卸売業,1,0.0027,dsh-gyoshu-2025
doshisha,doshisha-policy,2025,繊維製品卸売業,2,0.0054,dsh-gyoshu-2025
doshisha,doshisha-policy,2025,建築材料、鉱物・金属材料等卸売業,5,0.0134,dsh-gyoshu-2025
doshisha,doshisha-policy,2025,機械器具製品卸売業,11,0.0296,dsh-gyoshu-2025
doshisha,doshisha-policy,2025,その他の卸売業,4,0.0108,dsh-gyoshu-2025
doshisha,doshisha-policy,2025,各種商品小売業,2,0.0054,dsh-gyoshu-2025
doshisha,doshisha-policy,2025,織物・衣服・身の回り品の小売業,2,0.0054,dsh-gyoshu-2025
doshisha,doshisha-policy,2025,飲食料品小売業,1,0.0027,dsh-gyoshu-2025
doshisha,doshisha-policy,2025,自動車・自転車小売業,2,0.0054,dsh-gyoshu-2025
doshisha,doshisha-policy,2025,その他の小売業,6,0.0161,dsh-gyoshu-2025
doshisha,doshisha-policy,2025,銀行業,28,0.0753,dsh-gyoshu-2025
doshisha,doshisha-policy,2025,信用金庫・信用組合・労働金庫業 等,3,0.0081,dsh-gyoshu-2025
doshisha,doshisha-policy,2025,政府関係金融機関,4,0.0108,dsh-gyoshu-2025
doshisha,doshisha-policy,2025,証券業,3,0.0081,dsh-gyoshu-2025
doshisha,doshisha-policy,2025,商品取引業,0,0.0,dsh-gyoshu-2025
doshisha,doshisha-policy,2025,保険業,13,0.0349,dsh-gyoshu-2025
doshisha,doshisha-policy,2025,貸金業・クレジットカード業,7,0.0188,dsh-gyoshu-2025
doshisha,doshisha-policy,2025,その他の金融業,3,0.0081,dsh-gyoshu-2025
doshisha,doshisha-policy,2025,通信業,6,0.0161,dsh-gyoshu-2025
doshisha,doshisha-policy,2025,放送業,3,0.0081,dsh-gyoshu-2025
doshisha,doshisha-policy,2025,新聞・出版業,6,0.0161,dsh-gyoshu-2025
doshisha,doshisha-policy,2025,映像・音声情報制作業,0,0.0,dsh-gyoshu-2025
doshisha,doshisha-policy,2025,ソフトウェアサービス業,25,0.0672,dsh-gyoshu-2025
doshisha,doshisha-policy,2025,インターネット付随サービス業,6,0.0161,dsh-gyoshu-2025
doshisha,doshisha-policy,2025,その他情報通信業,3,0.0081,dsh-gyoshu-2025
doshisha,doshisha-policy,2025,国公立学校教員・職員,1,0.0027,dsh-gyoshu-2025
doshisha,doshisha-policy,2025,私立学校教員・職員,1,0.0027,dsh-gyoshu-2025
doshisha,doshisha-policy,2025,各種学校・専修学校等,0,0.0,dsh-gyoshu-2025
doshisha,doshisha-policy,2025,社会教育・学習塾等,1,0.0027,dsh-gyoshu-2025
doshisha,doshisha-policy,2025,その他教育・学習支援業,0,0.0,dsh-gyoshu-2025
doshisha,doshisha-policy,2025,飲食店・旅館・宿泊業等,0,0.0,dsh-gyoshu-2025
doshisha,doshisha-policy,2025,広告業,4,0.0108,dsh-gyoshu-2025
doshisha,doshisha-policy,2025,旅行・観光・娯楽業,7,0.0188,dsh-gyoshu-2025
doshisha,doshisha-policy,2025,その他のサービス業,23,0.0618,dsh-gyoshu-2025
doshisha,doshisha-policy,2025,郵便局・協同組合業,1,0.0027,dsh-gyoshu-2025
doshisha,doshisha-policy,2025,法律事務所、司法書士事務所,0,0.0,dsh-gyoshu-2025
doshisha,doshisha-policy,2025,会計事務所、経営コンサルタント 等,15,0.0403,dsh-gyoshu-2025
doshisha,doshisha-policy,2025,学術・開発研究機関,0,0.0,dsh-gyoshu-2025
doshisha,doshisha-policy,2025,非営利的団体,5,0.0134,dsh-gyoshu-2025
doshisha,doshisha-policy,2025,宗教,0,0.0,dsh-gyoshu-2025
doshisha,doshisha-policy,2025,不動産業,15,0.0403,dsh-gyoshu-2025
doshisha,doshisha-policy,2025,物品賃貸業,3,0.0081,dsh-gyoshu-2025
doshisha,doshisha-policy,2025,医療・保健業,1,0.0027,dsh-gyoshu-2025
doshisha,doshisha-policy,2025,社会保険・社会福祉・介護事業等,2,0.0054,dsh-gyoshu-2025
doshisha,doshisha-policy,2025,運輸業・郵便事業,20,0.0538,dsh-gyoshu-2025
doshisha,doshisha-policy,2025,国家公務員,5,0.0134,dsh-gyoshu-2025
doshisha,doshisha-policy,2025,地方公務員,21,0.0565,dsh-gyoshu-2025
doshisha,doshisha-policy,2025,電気・ガス・水道・熱供給業,6,0.0161,dsh-gyoshu-2025
doshisha,doshisha-policy,2025,分類不能,0,0.0,dsh-gyoshu-2025
doshisha,doshisha-culture-info,2025,農業,0,0.0,dsh-gyoshu-2025
doshisha,doshisha-culture-info,2025,林業・狩猟業,0,0.0,dsh-gyoshu-2025
doshisha,doshisha-culture-info,2025,漁業・水産養殖業,0,0.0,dsh-gyoshu-2025
doshisha,doshisha-culture-info,2025,鉱業,0,0.0,dsh-gyoshu-2025
doshisha,doshisha-culture-info,2025,建設・土木工事業,7,0.0298,dsh-gyoshu-2025
doshisha,doshisha-culture-info,2025,繊維工業,0,0.0,dsh-gyoshu-2025
doshisha,doshisha-culture-info,2025,化学肥料・化学工業製品・塗料製造業,3,0.0128,dsh-gyoshu-2025
doshisha,doshisha-culture-info,2025,石油製品・石炭製品製造業,0,0.0,dsh-gyoshu-2025
doshisha,doshisha-culture-info,2025,ゴム製品製造業,0,0.0,dsh-gyoshu-2025
doshisha,doshisha-culture-info,2025,窯業・土石製品製造業,1,0.0043,dsh-gyoshu-2025
doshisha,doshisha-culture-info,2025,鉄鋼業,0,0.0,dsh-gyoshu-2025
doshisha,doshisha-culture-info,2025,非鉄金属製造業,1,0.0043,dsh-gyoshu-2025
doshisha,doshisha-culture-info,2025,金属製品製造業,1,0.0043,dsh-gyoshu-2025
doshisha,doshisha-culture-info,2025,一般機械器具製造業,2,0.0085,dsh-gyoshu-2025
doshisha,doshisha-culture-info,2025,電気・情報通信機械器具製造業,16,0.0681,dsh-gyoshu-2025
doshisha,doshisha-culture-info,2025,電子部品・デバイス製造業,3,0.0128,dsh-gyoshu-2025
doshisha,doshisha-culture-info,2025,輸送用機械器具製造業,3,0.0128,dsh-gyoshu-2025
doshisha,doshisha-culture-info,2025,精密機械器具製造業,1,0.0043,dsh-gyoshu-2025
doshisha,doshisha-culture-info,2025,食料品・たばこ製造業,5,0.0213,dsh-gyoshu-2025
doshisha,doshisha-culture-info,2025,衣服・その他の繊維製品製造業,0,0.0,dsh-gyoshu-2025
doshisha,doshisha-culture-info,2025,木材・木製品・家具製備品製造業,0,0.0,dsh-gyoshu-2025
doshisha,doshisha-culture-info,2025,パルプ・紙・紙加工品製造業,2,0.0085,dsh-gyoshu-2025
doshisha,doshisha-culture-info,2025,印刷・同関連産業,0,0.0,dsh-gyoshu-2025
doshisha,doshisha-culture-info,2025,化粧品・医薬品製造業,4,0.017,dsh-gyoshu-2025
doshisha,doshisha-culture-info,2025,その他の製造業,1,0.0043,dsh-gyoshu-2025
doshisha,doshisha-culture-info,2025,各種商品卸売業,0,0.0,dsh-gyoshu-2025
doshisha,doshisha-culture-info,2025,食品卸売業,1,0.0043,dsh-gyoshu-2025
doshisha,doshisha-culture-info,2025,繊維製品卸売業,1,0.0043,dsh-gyoshu-2025
doshisha,doshisha-culture-info,2025,建築材料、鉱物・金属材料等卸売業,0,0.0,dsh-gyoshu-2025
doshisha,doshisha-culture-info,2025,機械器具製品卸売業,8,0.034,dsh-gyoshu-2025
doshisha,doshisha-culture-info,2025,その他の卸売業,0,0.0,dsh-gyoshu-2025
doshisha,doshisha-culture-info,2025,各種商品小売業,2,0.0085,dsh-gyoshu-2025
doshisha,doshisha-culture-info,2025,織物・衣服・身の回り品の小売業,1,0.0043,dsh-gyoshu-2025
doshisha,doshisha-culture-info,2025,飲食料品小売業,0,0.0,dsh-gyoshu-2025
doshisha,doshisha-culture-info,2025,自動車・自転車小売業,0,0.0,dsh-gyoshu-2025
doshisha,doshisha-culture-info,2025,その他の小売業,2,0.0085,dsh-gyoshu-2025
doshisha,doshisha-culture-info,2025,銀行業,10,0.0426,dsh-gyoshu-2025
doshisha,doshisha-culture-info,2025,信用金庫・信用組合・労働金庫業 等,0,0.0,dsh-gyoshu-2025
doshisha,doshisha-culture-info,2025,政府関係金融機関,0,0.0,dsh-gyoshu-2025
doshisha,doshisha-culture-info,2025,証券業,4,0.017,dsh-gyoshu-2025
doshisha,doshisha-culture-info,2025,商品取引業,0,0.0,dsh-gyoshu-2025
doshisha,doshisha-culture-info,2025,保険業,8,0.034,dsh-gyoshu-2025
doshisha,doshisha-culture-info,2025,貸金業・クレジットカード業,0,0.0,dsh-gyoshu-2025
doshisha,doshisha-culture-info,2025,その他の金融業,0,0.0,dsh-gyoshu-2025
doshisha,doshisha-culture-info,2025,通信業,10,0.0426,dsh-gyoshu-2025
doshisha,doshisha-culture-info,2025,放送業,4,0.017,dsh-gyoshu-2025
doshisha,doshisha-culture-info,2025,新聞・出版業,0,0.0,dsh-gyoshu-2025
doshisha,doshisha-culture-info,2025,映像・音声情報制作業,0,0.0,dsh-gyoshu-2025
doshisha,doshisha-culture-info,2025,ソフトウェアサービス業,54,0.2298,dsh-gyoshu-2025
doshisha,doshisha-culture-info,2025,インターネット付随サービス業,8,0.034,dsh-gyoshu-2025
doshisha,doshisha-culture-info,2025,その他情報通信業,8,0.034,dsh-gyoshu-2025
doshisha,doshisha-culture-info,2025,国公立学校教員・職員,1,0.0043,dsh-gyoshu-2025
doshisha,doshisha-culture-info,2025,私立学校教員・職員,0,0.0,dsh-gyoshu-2025
doshisha,doshisha-culture-info,2025,各種学校・専修学校等,0,0.0,dsh-gyoshu-2025
doshisha,doshisha-culture-info,2025,社会教育・学習塾等,0,0.0,dsh-gyoshu-2025
doshisha,doshisha-culture-info,2025,その他教育・学習支援業,0,0.0,dsh-gyoshu-2025
doshisha,doshisha-culture-info,2025,飲食店・旅館・宿泊業等,0,0.0,dsh-gyoshu-2025
doshisha,doshisha-culture-info,2025,広告業,2,0.0085,dsh-gyoshu-2025
doshisha,doshisha-culture-info,2025,旅行・観光・娯楽業,1,0.0043,dsh-gyoshu-2025
doshisha,doshisha-culture-info,2025,その他のサービス業,14,0.0596,dsh-gyoshu-2025
doshisha,doshisha-culture-info,2025,郵便局・協同組合業,0,0.0,dsh-gyoshu-2025
doshisha,doshisha-culture-info,2025,法律事務所、司法書士事務所,0,0.0,dsh-gyoshu-2025
doshisha,doshisha-culture-info,2025,会計事務所、経営コンサルタント 等,14,0.0596,dsh-gyoshu-2025
doshisha,doshisha-culture-info,2025,学術・開発研究機関,0,0.0,dsh-gyoshu-2025
doshisha,doshisha-culture-info,2025,非営利的団体,1,0.0043,dsh-gyoshu-2025
doshisha,doshisha-culture-info,2025,宗教,0,0.0,dsh-gyoshu-2025
doshisha,doshisha-culture-info,2025,不動産業,7,0.0298,dsh-gyoshu-2025
doshisha,doshisha-culture-info,2025,物品賃貸業,1,0.0043,dsh-gyoshu-2025
doshisha,doshisha-culture-info,2025,医療・保健業,1,0.0043,dsh-gyoshu-2025
doshisha,doshisha-culture-info,2025,社会保険・社会福祉・介護事業等,0,0.0,dsh-gyoshu-2025
doshisha,doshisha-culture-info,2025,運輸業・郵便事業,5,0.0213,dsh-gyoshu-2025
doshisha,doshisha-culture-info,2025,国家公務員,3,0.0128,dsh-gyoshu-2025
doshisha,doshisha-culture-info,2025,地方公務員,10,0.0426,dsh-gyoshu-2025
doshisha,doshisha-culture-info,2025,電気・ガス・水道・熱供給業,3,0.0128,dsh-gyoshu-2025
doshisha,doshisha-culture-info,2025,分類不能,1,0.0043,dsh-gyoshu-2025
doshisha,doshisha-sports-health,2025,農業,0,0.0,dsh-gyoshu-2025
doshisha,doshisha-sports-health,2025,林業・狩猟業,0,0.0,dsh-gyoshu-2025
doshisha,doshisha-sports-health,2025,漁業・水産養殖業,0,0.0,dsh-gyoshu-2025
doshisha,doshisha-sports-health,2025,鉱業,0,0.0,dsh-gyoshu-2025
doshisha,doshisha-sports-health,2025,建設・土木工事業,15,0.0794,dsh-gyoshu-2025
doshisha,doshisha-sports-health,2025,繊維工業,0,0.0,dsh-gyoshu-2025
doshisha,doshisha-sports-health,2025,化学肥料・化学工業製品・塗料製造業,2,0.0106,dsh-gyoshu-2025
doshisha,doshisha-sports-health,2025,石油製品・石炭製品製造業,0,0.0,dsh-gyoshu-2025
doshisha,doshisha-sports-health,2025,ゴム製品製造業,0,0.0,dsh-gyoshu-2025
doshisha,doshisha-sports-health,2025,窯業・土石製品製造業,2,0.0106,dsh-gyoshu-2025
doshisha,doshisha-sports-health,2025,鉄鋼業,1,0.0053,dsh-gyoshu-2025
doshisha,doshisha-sports-health,2025,非鉄金属製造業,0,0.0,dsh-gyoshu-2025
doshisha,doshisha-sports-health,2025,金属製品製造業,0,0.0,dsh-gyoshu-2025
doshisha,doshisha-sports-health,2025,一般機械器具製造業,3,0.0159,dsh-gyoshu-2025
doshisha,doshisha-sports-health,2025,電気・情報通信機械器具製造業,6,0.0317,dsh-gyoshu-2025
doshisha,doshisha-sports-health,2025,電子部品・デバイス製造業,3,0.0159,dsh-gyoshu-2025
doshisha,doshisha-sports-health,2025,輸送用機械器具製造業,4,0.0212,dsh-gyoshu-2025
doshisha,doshisha-sports-health,2025,精密機械器具製造業,2,0.0106,dsh-gyoshu-2025
doshisha,doshisha-sports-health,2025,食料品・たばこ製造業,10,0.0529,dsh-gyoshu-2025
doshisha,doshisha-sports-health,2025,衣服・その他の繊維製品製造業,2,0.0106,dsh-gyoshu-2025
doshisha,doshisha-sports-health,2025,木材・木製品・家具製備品製造業,0,0.0,dsh-gyoshu-2025
doshisha,doshisha-sports-health,2025,パルプ・紙・紙加工品製造業,1,0.0053,dsh-gyoshu-2025
doshisha,doshisha-sports-health,2025,印刷・同関連産業,0,0.0,dsh-gyoshu-2025
doshisha,doshisha-sports-health,2025,化粧品・医薬品製造業,2,0.0106,dsh-gyoshu-2025
doshisha,doshisha-sports-health,2025,その他の製造業,6,0.0317,dsh-gyoshu-2025
doshisha,doshisha-sports-health,2025,各種商品卸売業,1,0.0053,dsh-gyoshu-2025
doshisha,doshisha-sports-health,2025,食品卸売業,3,0.0159,dsh-gyoshu-2025
doshisha,doshisha-sports-health,2025,繊維製品卸売業,3,0.0159,dsh-gyoshu-2025
doshisha,doshisha-sports-health,2025,建築材料、鉱物・金属材料等卸売業,2,0.0106,dsh-gyoshu-2025
doshisha,doshisha-sports-health,2025,機械器具製品卸売業,4,0.0212,dsh-gyoshu-2025
doshisha,doshisha-sports-health,2025,その他の卸売業,1,0.0053,dsh-gyoshu-2025
doshisha,doshisha-sports-health,2025,各種商品小売業,1,0.0053,dsh-gyoshu-2025
doshisha,doshisha-sports-health,2025,織物・衣服・身の回り品の小売業,2,0.0106,dsh-gyoshu-2025
doshisha,doshisha-sports-health,2025,飲食料品小売業,0,0.0,dsh-gyoshu-2025
doshisha,doshisha-sports-health,2025,自動車・自転車小売業,2,0.0106,dsh-gyoshu-2025
doshisha,doshisha-sports-health,2025,その他の小売業,6,0.0317,dsh-gyoshu-2025
doshisha,doshisha-sports-health,2025,銀行業,7,0.037,dsh-gyoshu-2025
doshisha,doshisha-sports-health,2025,信用金庫・信用組合・労働金庫業 等,1,0.0053,dsh-gyoshu-2025
doshisha,doshisha-sports-health,2025,政府関係金融機関,0,0.0,dsh-gyoshu-2025
doshisha,doshisha-sports-health,2025,証券業,3,0.0159,dsh-gyoshu-2025
doshisha,doshisha-sports-health,2025,商品取引業,0,0.0,dsh-gyoshu-2025
doshisha,doshisha-sports-health,2025,保険業,6,0.0317,dsh-gyoshu-2025
doshisha,doshisha-sports-health,2025,貸金業・クレジットカード業,0,0.0,dsh-gyoshu-2025
doshisha,doshisha-sports-health,2025,その他の金融業,0,0.0,dsh-gyoshu-2025
doshisha,doshisha-sports-health,2025,通信業,4,0.0212,dsh-gyoshu-2025
doshisha,doshisha-sports-health,2025,放送業,5,0.0265,dsh-gyoshu-2025
doshisha,doshisha-sports-health,2025,新聞・出版業,1,0.0053,dsh-gyoshu-2025
doshisha,doshisha-sports-health,2025,映像・音声情報制作業,1,0.0053,dsh-gyoshu-2025
doshisha,doshisha-sports-health,2025,ソフトウェアサービス業,13,0.0688,dsh-gyoshu-2025
doshisha,doshisha-sports-health,2025,インターネット付随サービス業,4,0.0212,dsh-gyoshu-2025
doshisha,doshisha-sports-health,2025,その他情報通信業,5,0.0265,dsh-gyoshu-2025
doshisha,doshisha-sports-health,2025,国公立学校教員・職員,4,0.0212,dsh-gyoshu-2025
doshisha,doshisha-sports-health,2025,私立学校教員・職員,2,0.0106,dsh-gyoshu-2025
doshisha,doshisha-sports-health,2025,各種学校・専修学校等,0,0.0,dsh-gyoshu-2025
doshisha,doshisha-sports-health,2025,社会教育・学習塾等,1,0.0053,dsh-gyoshu-2025
doshisha,doshisha-sports-health,2025,その他教育・学習支援業,1,0.0053,dsh-gyoshu-2025
doshisha,doshisha-sports-health,2025,飲食店・旅館・宿泊業等,2,0.0106,dsh-gyoshu-2025
doshisha,doshisha-sports-health,2025,広告業,1,0.0053,dsh-gyoshu-2025
doshisha,doshisha-sports-health,2025,旅行・観光・娯楽業,2,0.0106,dsh-gyoshu-2025
doshisha,doshisha-sports-health,2025,その他のサービス業,11,0.0582,dsh-gyoshu-2025
doshisha,doshisha-sports-health,2025,郵便局・協同組合業,0,0.0,dsh-gyoshu-2025
doshisha,doshisha-sports-health,2025,法律事務所、司法書士事務所,0,0.0,dsh-gyoshu-2025
doshisha,doshisha-sports-health,2025,会計事務所、経営コンサルタント 等,5,0.0265,dsh-gyoshu-2025
doshisha,doshisha-sports-health,2025,学術・開発研究機関,0,0.0,dsh-gyoshu-2025
doshisha,doshisha-sports-health,2025,非営利的団体,0,0.0,dsh-gyoshu-2025
doshisha,doshisha-sports-health,2025,宗教,0,0.0,dsh-gyoshu-2025
doshisha,doshisha-sports-health,2025,不動産業,14,0.0741,dsh-gyoshu-2025
doshisha,doshisha-sports-health,2025,物品賃貸業,1,0.0053,dsh-gyoshu-2025
doshisha,doshisha-sports-health,2025,医療・保健業,0,0.0,dsh-gyoshu-2025
doshisha,doshisha-sports-health,2025,社会保険・社会福祉・介護事業等,0,0.0,dsh-gyoshu-2025
doshisha,doshisha-sports-health,2025,運輸業・郵便事業,3,0.0159,dsh-gyoshu-2025
doshisha,doshisha-sports-health,2025,国家公務員,0,0.0,dsh-gyoshu-2025
doshisha,doshisha-sports-health,2025,地方公務員,4,0.0212,dsh-gyoshu-2025
doshisha,doshisha-sports-health,2025,電気・ガス・水道・熱供給業,2,0.0106,dsh-gyoshu-2025
doshisha,doshisha-sports-health,2025,分類不能,2,0.0106,dsh-gyoshu-2025
doshisha,doshisha-psychology,2025,農業,0,0.0,dsh-gyoshu-2025
doshisha,doshisha-psychology,2025,林業・狩猟業,0,0.0,dsh-gyoshu-2025
doshisha,doshisha-psychology,2025,漁業・水産養殖業,0,0.0,dsh-gyoshu-2025
doshisha,doshisha-psychology,2025,鉱業,0,0.0,dsh-gyoshu-2025
doshisha,doshisha-psychology,2025,建設・土木工事業,3,0.0256,dsh-gyoshu-2025
doshisha,doshisha-psychology,2025,繊維工業,0,0.0,dsh-gyoshu-2025
doshisha,doshisha-psychology,2025,化学肥料・化学工業製品・塗料製造業,1,0.0085,dsh-gyoshu-2025
doshisha,doshisha-psychology,2025,石油製品・石炭製品製造業,0,0.0,dsh-gyoshu-2025
doshisha,doshisha-psychology,2025,ゴム製品製造業,0,0.0,dsh-gyoshu-2025
doshisha,doshisha-psychology,2025,窯業・土石製品製造業,1,0.0085,dsh-gyoshu-2025
doshisha,doshisha-psychology,2025,鉄鋼業,0,0.0,dsh-gyoshu-2025
doshisha,doshisha-psychology,2025,非鉄金属製造業,0,0.0,dsh-gyoshu-2025
doshisha,doshisha-psychology,2025,金属製品製造業,0,0.0,dsh-gyoshu-2025
doshisha,doshisha-psychology,2025,一般機械器具製造業,2,0.0171,dsh-gyoshu-2025
doshisha,doshisha-psychology,2025,電気・情報通信機械器具製造業,2,0.0171,dsh-gyoshu-2025
doshisha,doshisha-psychology,2025,電子部品・デバイス製造業,1,0.0085,dsh-gyoshu-2025
doshisha,doshisha-psychology,2025,輸送用機械器具製造業,0,0.0,dsh-gyoshu-2025
doshisha,doshisha-psychology,2025,精密機械器具製造業,2,0.0171,dsh-gyoshu-2025
doshisha,doshisha-psychology,2025,食料品・たばこ製造業,7,0.0598,dsh-gyoshu-2025
doshisha,doshisha-psychology,2025,衣服・その他の繊維製品製造業,0,0.0,dsh-gyoshu-2025
doshisha,doshisha-psychology,2025,木材・木製品・家具製備品製造業,0,0.0,dsh-gyoshu-2025
doshisha,doshisha-psychology,2025,パルプ・紙・紙加工品製造業,0,0.0,dsh-gyoshu-2025
doshisha,doshisha-psychology,2025,印刷・同関連産業,0,0.0,dsh-gyoshu-2025
doshisha,doshisha-psychology,2025,化粧品・医薬品製造業,3,0.0256,dsh-gyoshu-2025
doshisha,doshisha-psychology,2025,その他の製造業,0,0.0,dsh-gyoshu-2025
doshisha,doshisha-psychology,2025,各種商品卸売業,0,0.0,dsh-gyoshu-2025
doshisha,doshisha-psychology,2025,食品卸売業,1,0.0085,dsh-gyoshu-2025
doshisha,doshisha-psychology,2025,繊維製品卸売業,0,0.0,dsh-gyoshu-2025
doshisha,doshisha-psychology,2025,建築材料、鉱物・金属材料等卸売業,0,0.0,dsh-gyoshu-2025
doshisha,doshisha-psychology,2025,機械器具製品卸売業,5,0.0427,dsh-gyoshu-2025
doshisha,doshisha-psychology,2025,その他の卸売業,2,0.0171,dsh-gyoshu-2025
doshisha,doshisha-psychology,2025,各種商品小売業,1,0.0085,dsh-gyoshu-2025
doshisha,doshisha-psychology,2025,織物・衣服・身の回り品の小売業,0,0.0,dsh-gyoshu-2025
doshisha,doshisha-psychology,2025,飲食料品小売業,1,0.0085,dsh-gyoshu-2025
doshisha,doshisha-psychology,2025,自動車・自転車小売業,0,0.0,dsh-gyoshu-2025
doshisha,doshisha-psychology,2025,その他の小売業,2,0.0171,dsh-gyoshu-2025
doshisha,doshisha-psychology,2025,銀行業,5,0.0427,dsh-gyoshu-2025
doshisha,doshisha-psychology,2025,信用金庫・信用組合・労働金庫業 等,1,0.0085,dsh-gyoshu-2025
doshisha,doshisha-psychology,2025,政府関係金融機関,1,0.0085,dsh-gyoshu-2025
doshisha,doshisha-psychology,2025,証券業,0,0.0,dsh-gyoshu-2025
doshisha,doshisha-psychology,2025,商品取引業,0,0.0,dsh-gyoshu-2025
doshisha,doshisha-psychology,2025,保険業,6,0.0513,dsh-gyoshu-2025
doshisha,doshisha-psychology,2025,貸金業・クレジットカード業,2,0.0171,dsh-gyoshu-2025
doshisha,doshisha-psychology,2025,その他の金融業,0,0.0,dsh-gyoshu-2025
doshisha,doshisha-psychology,2025,通信業,0,0.0,dsh-gyoshu-2025
doshisha,doshisha-psychology,2025,放送業,0,0.0,dsh-gyoshu-2025
doshisha,doshisha-psychology,2025,新聞・出版業,2,0.0171,dsh-gyoshu-2025
doshisha,doshisha-psychology,2025,映像・音声情報制作業,0,0.0,dsh-gyoshu-2025
doshisha,doshisha-psychology,2025,ソフトウェアサービス業,15,0.1282,dsh-gyoshu-2025
doshisha,doshisha-psychology,2025,インターネット付随サービス業,2,0.0171,dsh-gyoshu-2025
doshisha,doshisha-psychology,2025,その他情報通信業,1,0.0085,dsh-gyoshu-2025
doshisha,doshisha-psychology,2025,国公立学校教員・職員,1,0.0085,dsh-gyoshu-2025
doshisha,doshisha-psychology,2025,私立学校教員・職員,2,0.0171,dsh-gyoshu-2025
doshisha,doshisha-psychology,2025,各種学校・専修学校等,0,0.0,dsh-gyoshu-2025
doshisha,doshisha-psychology,2025,社会教育・学習塾等,1,0.0085,dsh-gyoshu-2025
doshisha,doshisha-psychology,2025,その他教育・学習支援業,0,0.0,dsh-gyoshu-2025
doshisha,doshisha-psychology,2025,飲食店・旅館・宿泊業等,0,0.0,dsh-gyoshu-2025
doshisha,doshisha-psychology,2025,広告業,1,0.0085,dsh-gyoshu-2025
doshisha,doshisha-psychology,2025,旅行・観光・娯楽業,4,0.0342,dsh-gyoshu-2025
doshisha,doshisha-psychology,2025,その他のサービス業,10,0.0855,dsh-gyoshu-2025
doshisha,doshisha-psychology,2025,郵便局・協同組合業,0,0.0,dsh-gyoshu-2025
doshisha,doshisha-psychology,2025,法律事務所、司法書士事務所,0,0.0,dsh-gyoshu-2025
doshisha,doshisha-psychology,2025,会計事務所、経営コンサルタント 等,6,0.0513,dsh-gyoshu-2025
doshisha,doshisha-psychology,2025,学術・開発研究機関,0,0.0,dsh-gyoshu-2025
doshisha,doshisha-psychology,2025,非営利的団体,1,0.0085,dsh-gyoshu-2025
doshisha,doshisha-psychology,2025,宗教,0,0.0,dsh-gyoshu-2025
doshisha,doshisha-psychology,2025,不動産業,0,0.0,dsh-gyoshu-2025
doshisha,doshisha-psychology,2025,物品賃貸業,3,0.0256,dsh-gyoshu-2025
doshisha,doshisha-psychology,2025,医療・保健業,1,0.0085,dsh-gyoshu-2025
doshisha,doshisha-psychology,2025,社会保険・社会福祉・介護事業等,0,0.0,dsh-gyoshu-2025
doshisha,doshisha-psychology,2025,運輸業・郵便事業,6,0.0513,dsh-gyoshu-2025
doshisha,doshisha-psychology,2025,国家公務員,3,0.0256,dsh-gyoshu-2025
doshisha,doshisha-psychology,2025,地方公務員,9,0.0769,dsh-gyoshu-2025
doshisha,doshisha-psychology,2025,電気・ガス・水道・熱供給業,0,0.0,dsh-gyoshu-2025
doshisha,doshisha-psychology,2025,分類不能,0,0.0,dsh-gyoshu-2025
doshisha,doshisha-global-comm,2025,農業,0,0.0,dsh-gyoshu-2025
doshisha,doshisha-global-comm,2025,林業・狩猟業,0,0.0,dsh-gyoshu-2025
doshisha,doshisha-global-comm,2025,漁業・水産養殖業,0,0.0,dsh-gyoshu-2025
doshisha,doshisha-global-comm,2025,鉱業,0,0.0,dsh-gyoshu-2025
doshisha,doshisha-global-comm,2025,建設・土木工事業,2,0.0175,dsh-gyoshu-2025
doshisha,doshisha-global-comm,2025,繊維工業,0,0.0,dsh-gyoshu-2025
doshisha,doshisha-global-comm,2025,化学肥料・化学工業製品・塗料製造業,1,0.0088,dsh-gyoshu-2025
doshisha,doshisha-global-comm,2025,石油製品・石炭製品製造業,0,0.0,dsh-gyoshu-2025
doshisha,doshisha-global-comm,2025,ゴム製品製造業,1,0.0088,dsh-gyoshu-2025
doshisha,doshisha-global-comm,2025,窯業・土石製品製造業,1,0.0088,dsh-gyoshu-2025
doshisha,doshisha-global-comm,2025,鉄鋼業,1,0.0088,dsh-gyoshu-2025
doshisha,doshisha-global-comm,2025,非鉄金属製造業,1,0.0088,dsh-gyoshu-2025
doshisha,doshisha-global-comm,2025,金属製品製造業,1,0.0088,dsh-gyoshu-2025
doshisha,doshisha-global-comm,2025,一般機械器具製造業,4,0.0351,dsh-gyoshu-2025
doshisha,doshisha-global-comm,2025,電気・情報通信機械器具製造業,8,0.0702,dsh-gyoshu-2025
doshisha,doshisha-global-comm,2025,電子部品・デバイス製造業,3,0.0263,dsh-gyoshu-2025
doshisha,doshisha-global-comm,2025,輸送用機械器具製造業,6,0.0526,dsh-gyoshu-2025
doshisha,doshisha-global-comm,2025,精密機械器具製造業,2,0.0175,dsh-gyoshu-2025
doshisha,doshisha-global-comm,2025,食料品・たばこ製造業,4,0.0351,dsh-gyoshu-2025
doshisha,doshisha-global-comm,2025,衣服・その他の繊維製品製造業,1,0.0088,dsh-gyoshu-2025
doshisha,doshisha-global-comm,2025,木材・木製品・家具製備品製造業,0,0.0,dsh-gyoshu-2025
doshisha,doshisha-global-comm,2025,パルプ・紙・紙加工品製造業,2,0.0175,dsh-gyoshu-2025
doshisha,doshisha-global-comm,2025,印刷・同関連産業,0,0.0,dsh-gyoshu-2025
doshisha,doshisha-global-comm,2025,化粧品・医薬品製造業,2,0.0175,dsh-gyoshu-2025
doshisha,doshisha-global-comm,2025,その他の製造業,1,0.0088,dsh-gyoshu-2025
doshisha,doshisha-global-comm,2025,各種商品卸売業,0,0.0,dsh-gyoshu-2025
doshisha,doshisha-global-comm,2025,食品卸売業,2,0.0175,dsh-gyoshu-2025
doshisha,doshisha-global-comm,2025,繊維製品卸売業,0,0.0,dsh-gyoshu-2025
doshisha,doshisha-global-comm,2025,建築材料、鉱物・金属材料等卸売業,2,0.0175,dsh-gyoshu-2025
doshisha,doshisha-global-comm,2025,機械器具製品卸売業,4,0.0351,dsh-gyoshu-2025
doshisha,doshisha-global-comm,2025,その他の卸売業,3,0.0263,dsh-gyoshu-2025
doshisha,doshisha-global-comm,2025,各種商品小売業,0,0.0,dsh-gyoshu-2025
doshisha,doshisha-global-comm,2025,織物・衣服・身の回り品の小売業,0,0.0,dsh-gyoshu-2025
doshisha,doshisha-global-comm,2025,飲食料品小売業,1,0.0088,dsh-gyoshu-2025
doshisha,doshisha-global-comm,2025,自動車・自転車小売業,1,0.0088,dsh-gyoshu-2025
doshisha,doshisha-global-comm,2025,その他の小売業,1,0.0088,dsh-gyoshu-2025
doshisha,doshisha-global-comm,2025,銀行業,2,0.0175,dsh-gyoshu-2025
doshisha,doshisha-global-comm,2025,信用金庫・信用組合・労働金庫業 等,0,0.0,dsh-gyoshu-2025
doshisha,doshisha-global-comm,2025,政府関係金融機関,1,0.0088,dsh-gyoshu-2025
doshisha,doshisha-global-comm,2025,証券業,2,0.0175,dsh-gyoshu-2025
doshisha,doshisha-global-comm,2025,商品取引業,0,0.0,dsh-gyoshu-2025
doshisha,doshisha-global-comm,2025,保険業,2,0.0175,dsh-gyoshu-2025
doshisha,doshisha-global-comm,2025,貸金業・クレジットカード業,1,0.0088,dsh-gyoshu-2025
doshisha,doshisha-global-comm,2025,その他の金融業,0,0.0,dsh-gyoshu-2025
doshisha,doshisha-global-comm,2025,通信業,0,0.0,dsh-gyoshu-2025
doshisha,doshisha-global-comm,2025,放送業,1,0.0088,dsh-gyoshu-2025
doshisha,doshisha-global-comm,2025,新聞・出版業,1,0.0088,dsh-gyoshu-2025
doshisha,doshisha-global-comm,2025,映像・音声情報制作業,1,0.0088,dsh-gyoshu-2025
doshisha,doshisha-global-comm,2025,ソフトウェアサービス業,6,0.0526,dsh-gyoshu-2025
doshisha,doshisha-global-comm,2025,インターネット付随サービス業,1,0.0088,dsh-gyoshu-2025
doshisha,doshisha-global-comm,2025,その他情報通信業,2,0.0175,dsh-gyoshu-2025
doshisha,doshisha-global-comm,2025,国公立学校教員・職員,0,0.0,dsh-gyoshu-2025
doshisha,doshisha-global-comm,2025,私立学校教員・職員,1,0.0088,dsh-gyoshu-2025
doshisha,doshisha-global-comm,2025,各種学校・専修学校等,0,0.0,dsh-gyoshu-2025
doshisha,doshisha-global-comm,2025,社会教育・学習塾等,0,0.0,dsh-gyoshu-2025
doshisha,doshisha-global-comm,2025,その他教育・学習支援業,0,0.0,dsh-gyoshu-2025
doshisha,doshisha-global-comm,2025,飲食店・旅館・宿泊業等,0,0.0,dsh-gyoshu-2025
doshisha,doshisha-global-comm,2025,広告業,2,0.0175,dsh-gyoshu-2025
doshisha,doshisha-global-comm,2025,旅行・観光・娯楽業,5,0.0439,dsh-gyoshu-2025
doshisha,doshisha-global-comm,2025,その他のサービス業,6,0.0526,dsh-gyoshu-2025
doshisha,doshisha-global-comm,2025,郵便局・協同組合業,0,0.0,dsh-gyoshu-2025
doshisha,doshisha-global-comm,2025,法律事務所、司法書士事務所,0,0.0,dsh-gyoshu-2025
doshisha,doshisha-global-comm,2025,会計事務所、経営コンサルタント 等,4,0.0351,dsh-gyoshu-2025
doshisha,doshisha-global-comm,2025,学術・開発研究機関,0,0.0,dsh-gyoshu-2025
doshisha,doshisha-global-comm,2025,非営利的団体,0,0.0,dsh-gyoshu-2025
doshisha,doshisha-global-comm,2025,宗教,0,0.0,dsh-gyoshu-2025
doshisha,doshisha-global-comm,2025,不動産業,1,0.0088,dsh-gyoshu-2025
doshisha,doshisha-global-comm,2025,物品賃貸業,1,0.0088,dsh-gyoshu-2025
doshisha,doshisha-global-comm,2025,医療・保健業,0,0.0,dsh-gyoshu-2025
doshisha,doshisha-global-comm,2025,社会保険・社会福祉・介護事業等,1,0.0088,dsh-gyoshu-2025
doshisha,doshisha-global-comm,2025,運輸業・郵便事業,10,0.0877,dsh-gyoshu-2025
doshisha,doshisha-global-comm,2025,国家公務員,0,0.0,dsh-gyoshu-2025
doshisha,doshisha-global-comm,2025,地方公務員,4,0.0351,dsh-gyoshu-2025
doshisha,doshisha-global-comm,2025,電気・ガス・水道・熱供給業,3,0.0263,dsh-gyoshu-2025
doshisha,doshisha-global-comm,2025,分類不能,1,0.0088,dsh-gyoshu-2025
doshisha,doshisha-global-regional,2025,農業,0,0.0,dsh-gyoshu-2025
doshisha,doshisha-global-regional,2025,林業・狩猟業,0,0.0,dsh-gyoshu-2025
doshisha,doshisha-global-regional,2025,漁業・水産養殖業,0,0.0,dsh-gyoshu-2025
doshisha,doshisha-global-regional,2025,鉱業,0,0.0,dsh-gyoshu-2025
doshisha,doshisha-global-regional,2025,建設・土木工事業,5,0.0314,dsh-gyoshu-2025
doshisha,doshisha-global-regional,2025,繊維工業,0,0.0,dsh-gyoshu-2025
doshisha,doshisha-global-regional,2025,化学肥料・化学工業製品・塗料製造業,1,0.0063,dsh-gyoshu-2025
doshisha,doshisha-global-regional,2025,石油製品・石炭製品製造業,0,0.0,dsh-gyoshu-2025
doshisha,doshisha-global-regional,2025,ゴム製品製造業,0,0.0,dsh-gyoshu-2025
doshisha,doshisha-global-regional,2025,窯業・土石製品製造業,1,0.0063,dsh-gyoshu-2025
doshisha,doshisha-global-regional,2025,鉄鋼業,1,0.0063,dsh-gyoshu-2025
doshisha,doshisha-global-regional,2025,非鉄金属製造業,4,0.0252,dsh-gyoshu-2025
doshisha,doshisha-global-regional,2025,金属製品製造業,0,0.0,dsh-gyoshu-2025
doshisha,doshisha-global-regional,2025,一般機械器具製造業,8,0.0503,dsh-gyoshu-2025
doshisha,doshisha-global-regional,2025,電気・情報通信機械器具製造業,4,0.0252,dsh-gyoshu-2025
doshisha,doshisha-global-regional,2025,電子部品・デバイス製造業,2,0.0126,dsh-gyoshu-2025
doshisha,doshisha-global-regional,2025,輸送用機械器具製造業,6,0.0377,dsh-gyoshu-2025
doshisha,doshisha-global-regional,2025,精密機械器具製造業,3,0.0189,dsh-gyoshu-2025
doshisha,doshisha-global-regional,2025,食料品・たばこ製造業,3,0.0189,dsh-gyoshu-2025
doshisha,doshisha-global-regional,2025,衣服・その他の繊維製品製造業,1,0.0063,dsh-gyoshu-2025
doshisha,doshisha-global-regional,2025,木材・木製品・家具製備品製造業,2,0.0126,dsh-gyoshu-2025
doshisha,doshisha-global-regional,2025,パルプ・紙・紙加工品製造業,0,0.0,dsh-gyoshu-2025
doshisha,doshisha-global-regional,2025,印刷・同関連産業,1,0.0063,dsh-gyoshu-2025
doshisha,doshisha-global-regional,2025,化粧品・医薬品製造業,3,0.0189,dsh-gyoshu-2025
doshisha,doshisha-global-regional,2025,その他の製造業,3,0.0189,dsh-gyoshu-2025
doshisha,doshisha-global-regional,2025,各種商品卸売業,0,0.0,dsh-gyoshu-2025
doshisha,doshisha-global-regional,2025,食品卸売業,1,0.0063,dsh-gyoshu-2025
doshisha,doshisha-global-regional,2025,繊維製品卸売業,0,0.0,dsh-gyoshu-2025
doshisha,doshisha-global-regional,2025,建築材料、鉱物・金属材料等卸売業,3,0.0189,dsh-gyoshu-2025
doshisha,doshisha-global-regional,2025,機械器具製品卸売業,3,0.0189,dsh-gyoshu-2025
doshisha,doshisha-global-regional,2025,その他の卸売業,2,0.0126,dsh-gyoshu-2025
doshisha,doshisha-global-regional,2025,各種商品小売業,1,0.0063,dsh-gyoshu-2025
doshisha,doshisha-global-regional,2025,織物・衣服・身の回り品の小売業,0,0.0,dsh-gyoshu-2025
doshisha,doshisha-global-regional,2025,飲食料品小売業,0,0.0,dsh-gyoshu-2025
doshisha,doshisha-global-regional,2025,自動車・自転車小売業,0,0.0,dsh-gyoshu-2025
doshisha,doshisha-global-regional,2025,その他の小売業,0,0.0,dsh-gyoshu-2025
doshisha,doshisha-global-regional,2025,銀行業,4,0.0252,dsh-gyoshu-2025
doshisha,doshisha-global-regional,2025,信用金庫・信用組合・労働金庫業 等,0,0.0,dsh-gyoshu-2025
doshisha,doshisha-global-regional,2025,政府関係金融機関,0,0.0,dsh-gyoshu-2025
doshisha,doshisha-global-regional,2025,証券業,0,0.0,dsh-gyoshu-2025
doshisha,doshisha-global-regional,2025,商品取引業,0,0.0,dsh-gyoshu-2025
doshisha,doshisha-global-regional,2025,保険業,8,0.0503,dsh-gyoshu-2025
doshisha,doshisha-global-regional,2025,貸金業・クレジットカード業,1,0.0063,dsh-gyoshu-2025
doshisha,doshisha-global-regional,2025,その他の金融業,1,0.0063,dsh-gyoshu-2025
doshisha,doshisha-global-regional,2025,通信業,1,0.0063,dsh-gyoshu-2025
doshisha,doshisha-global-regional,2025,放送業,1,0.0063,dsh-gyoshu-2025
doshisha,doshisha-global-regional,2025,新聞・出版業,1,0.0063,dsh-gyoshu-2025
doshisha,doshisha-global-regional,2025,映像・音声情報制作業,3,0.0189,dsh-gyoshu-2025
doshisha,doshisha-global-regional,2025,ソフトウェアサービス業,10,0.0629,dsh-gyoshu-2025
doshisha,doshisha-global-regional,2025,インターネット付随サービス業,3,0.0189,dsh-gyoshu-2025
doshisha,doshisha-global-regional,2025,その他情報通信業,4,0.0252,dsh-gyoshu-2025
doshisha,doshisha-global-regional,2025,国公立学校教員・職員,2,0.0126,dsh-gyoshu-2025
doshisha,doshisha-global-regional,2025,私立学校教員・職員,0,0.0,dsh-gyoshu-2025
doshisha,doshisha-global-regional,2025,各種学校・専修学校等,0,0.0,dsh-gyoshu-2025
doshisha,doshisha-global-regional,2025,社会教育・学習塾等,0,0.0,dsh-gyoshu-2025
doshisha,doshisha-global-regional,2025,その他教育・学習支援業,1,0.0063,dsh-gyoshu-2025
doshisha,doshisha-global-regional,2025,飲食店・旅館・宿泊業等,2,0.0126,dsh-gyoshu-2025
doshisha,doshisha-global-regional,2025,広告業,4,0.0252,dsh-gyoshu-2025
doshisha,doshisha-global-regional,2025,旅行・観光・娯楽業,4,0.0252,dsh-gyoshu-2025
doshisha,doshisha-global-regional,2025,その他のサービス業,9,0.0566,dsh-gyoshu-2025
doshisha,doshisha-global-regional,2025,郵便局・協同組合業,1,0.0063,dsh-gyoshu-2025
doshisha,doshisha-global-regional,2025,法律事務所、司法書士事務所,1,0.0063,dsh-gyoshu-2025
doshisha,doshisha-global-regional,2025,会計事務所、経営コンサルタント 等,4,0.0252,dsh-gyoshu-2025
doshisha,doshisha-global-regional,2025,学術・開発研究機関,0,0.0,dsh-gyoshu-2025
doshisha,doshisha-global-regional,2025,非営利的団体,2,0.0126,dsh-gyoshu-2025
doshisha,doshisha-global-regional,2025,宗教,0,0.0,dsh-gyoshu-2025
doshisha,doshisha-global-regional,2025,不動産業,8,0.0503,dsh-gyoshu-2025
doshisha,doshisha-global-regional,2025,物品賃貸業,1,0.0063,dsh-gyoshu-2025
doshisha,doshisha-global-regional,2025,医療・保健業,1,0.0063,dsh-gyoshu-2025
doshisha,doshisha-global-regional,2025,社会保険・社会福祉・介護事業等,0,0.0,dsh-gyoshu-2025
doshisha,doshisha-global-regional,2025,運輸業・郵便事業,17,0.1069,dsh-gyoshu-2025
doshisha,doshisha-global-regional,2025,国家公務員,4,0.0252,dsh-gyoshu-2025
doshisha,doshisha-global-regional,2025,地方公務員,3,0.0189,dsh-gyoshu-2025
doshisha,doshisha-global-regional,2025,電気・ガス・水道・熱供給業,0,0.0,dsh-gyoshu-2025
doshisha,doshisha-global-regional,2025,分類不能,0,0.0,dsh-gyoshu-2025
doshisha,doshisha-sci-eng,2025,農業,0,0.0,dsh-gyoshu-2025
doshisha,doshisha-sci-eng,2025,林業・狩猟業,0,0.0,dsh-gyoshu-2025
doshisha,doshisha-sci-eng,2025,漁業・水産養殖業,0,0.0,dsh-gyoshu-2025
doshisha,doshisha-sci-eng,2025,鉱業,0,0.0,dsh-gyoshu-2025
doshisha,doshisha-sci-eng,2025,建設・土木工事業,20,0.0722,dsh-gyoshu-2025
doshisha,doshisha-sci-eng,2025,繊維工業,1,0.0036,dsh-gyoshu-2025
doshisha,doshisha-sci-eng,2025,化学肥料・化学工業製品・塗料製造業,2,0.0072,dsh-gyoshu-2025
doshisha,doshisha-sci-eng,2025,石油製品・石炭製品製造業,1,0.0036,dsh-gyoshu-2025
doshisha,doshisha-sci-eng,2025,ゴム製品製造業,1,0.0036,dsh-gyoshu-2025
doshisha,doshisha-sci-eng,2025,窯業・土石製品製造業,1,0.0036,dsh-gyoshu-2025
doshisha,doshisha-sci-eng,2025,鉄鋼業,2,0.0072,dsh-gyoshu-2025
doshisha,doshisha-sci-eng,2025,非鉄金属製造業,2,0.0072,dsh-gyoshu-2025
doshisha,doshisha-sci-eng,2025,金属製品製造業,2,0.0072,dsh-gyoshu-2025
doshisha,doshisha-sci-eng,2025,一般機械器具製造業,19,0.0686,dsh-gyoshu-2025
doshisha,doshisha-sci-eng,2025,電気・情報通信機械器具製造業,26,0.0939,dsh-gyoshu-2025
doshisha,doshisha-sci-eng,2025,電子部品・デバイス製造業,12,0.0433,dsh-gyoshu-2025
doshisha,doshisha-sci-eng,2025,輸送用機械器具製造業,22,0.0794,dsh-gyoshu-2025
doshisha,doshisha-sci-eng,2025,精密機械器具製造業,3,0.0108,dsh-gyoshu-2025
doshisha,doshisha-sci-eng,2025,食料品・たばこ製造業,5,0.0181,dsh-gyoshu-2025
doshisha,doshisha-sci-eng,2025,衣服・その他の繊維製品製造業,1,0.0036,dsh-gyoshu-2025
doshisha,doshisha-sci-eng,2025,木材・木製品・家具製備品製造業,1,0.0036,dsh-gyoshu-2025
doshisha,doshisha-sci-eng,2025,パルプ・紙・紙加工品製造業,1,0.0036,dsh-gyoshu-2025
doshisha,doshisha-sci-eng,2025,印刷・同関連産業,0,0.0,dsh-gyoshu-2025
doshisha,doshisha-sci-eng,2025,化粧品・医薬品製造業,4,0.0144,dsh-gyoshu-2025
doshisha,doshisha-sci-eng,2025,その他の製造業,3,0.0108,dsh-gyoshu-2025
doshisha,doshisha-sci-eng,2025,各種商品卸売業,1,0.0036,dsh-gyoshu-2025
doshisha,doshisha-sci-eng,2025,食品卸売業,0,0.0,dsh-gyoshu-2025
doshisha,doshisha-sci-eng,2025,繊維製品卸売業,0,0.0,dsh-gyoshu-2025
doshisha,doshisha-sci-eng,2025,建築材料、鉱物・金属材料等卸売業,1,0.0036,dsh-gyoshu-2025
doshisha,doshisha-sci-eng,2025,機械器具製品卸売業,5,0.0181,dsh-gyoshu-2025
doshisha,doshisha-sci-eng,2025,その他の卸売業,1,0.0036,dsh-gyoshu-2025
doshisha,doshisha-sci-eng,2025,各種商品小売業,0,0.0,dsh-gyoshu-2025
doshisha,doshisha-sci-eng,2025,織物・衣服・身の回り品の小売業,0,0.0,dsh-gyoshu-2025
doshisha,doshisha-sci-eng,2025,飲食料品小売業,0,0.0,dsh-gyoshu-2025
doshisha,doshisha-sci-eng,2025,自動車・自転車小売業,0,0.0,dsh-gyoshu-2025
doshisha,doshisha-sci-eng,2025,その他の小売業,1,0.0036,dsh-gyoshu-2025
doshisha,doshisha-sci-eng,2025,銀行業,5,0.0181,dsh-gyoshu-2025
doshisha,doshisha-sci-eng,2025,信用金庫・信用組合・労働金庫業 等,1,0.0036,dsh-gyoshu-2025
doshisha,doshisha-sci-eng,2025,政府関係金融機関,0,0.0,dsh-gyoshu-2025
doshisha,doshisha-sci-eng,2025,証券業,2,0.0072,dsh-gyoshu-2025
doshisha,doshisha-sci-eng,2025,商品取引業,0,0.0,dsh-gyoshu-2025
doshisha,doshisha-sci-eng,2025,保険業,6,0.0217,dsh-gyoshu-2025
doshisha,doshisha-sci-eng,2025,貸金業・クレジットカード業,0,0.0,dsh-gyoshu-2025
doshisha,doshisha-sci-eng,2025,その他の金融業,0,0.0,dsh-gyoshu-2025
doshisha,doshisha-sci-eng,2025,通信業,6,0.0217,dsh-gyoshu-2025
doshisha,doshisha-sci-eng,2025,放送業,0,0.0,dsh-gyoshu-2025
doshisha,doshisha-sci-eng,2025,新聞・出版業,0,0.0,dsh-gyoshu-2025
doshisha,doshisha-sci-eng,2025,映像・音声情報制作業,0,0.0,dsh-gyoshu-2025
doshisha,doshisha-sci-eng,2025,ソフトウェアサービス業,43,0.1552,dsh-gyoshu-2025
doshisha,doshisha-sci-eng,2025,インターネット付随サービス業,1,0.0036,dsh-gyoshu-2025
doshisha,doshisha-sci-eng,2025,その他情報通信業,6,0.0217,dsh-gyoshu-2025
doshisha,doshisha-sci-eng,2025,国公立学校教員・職員,9,0.0325,dsh-gyoshu-2025
doshisha,doshisha-sci-eng,2025,私立学校教員・職員,2,0.0072,dsh-gyoshu-2025
doshisha,doshisha-sci-eng,2025,各種学校・専修学校等,0,0.0,dsh-gyoshu-2025
doshisha,doshisha-sci-eng,2025,社会教育・学習塾等,0,0.0,dsh-gyoshu-2025
doshisha,doshisha-sci-eng,2025,その他教育・学習支援業,0,0.0,dsh-gyoshu-2025
doshisha,doshisha-sci-eng,2025,飲食店・旅館・宿泊業等,0,0.0,dsh-gyoshu-2025
doshisha,doshisha-sci-eng,2025,広告業,0,0.0,dsh-gyoshu-2025
doshisha,doshisha-sci-eng,2025,旅行・観光・娯楽業,1,0.0036,dsh-gyoshu-2025
doshisha,doshisha-sci-eng,2025,その他のサービス業,17,0.0614,dsh-gyoshu-2025
doshisha,doshisha-sci-eng,2025,郵便局・協同組合業,0,0.0,dsh-gyoshu-2025
doshisha,doshisha-sci-eng,2025,法律事務所、司法書士事務所,0,0.0,dsh-gyoshu-2025
doshisha,doshisha-sci-eng,2025,会計事務所、経営コンサルタント 等,22,0.0794,dsh-gyoshu-2025
doshisha,doshisha-sci-eng,2025,学術・開発研究機関,1,0.0036,dsh-gyoshu-2025
doshisha,doshisha-sci-eng,2025,非営利的団体,0,0.0,dsh-gyoshu-2025
doshisha,doshisha-sci-eng,2025,宗教,0,0.0,dsh-gyoshu-2025
doshisha,doshisha-sci-eng,2025,不動産業,2,0.0072,dsh-gyoshu-2025
doshisha,doshisha-sci-eng,2025,物品賃貸業,0,0.0,dsh-gyoshu-2025
doshisha,doshisha-sci-eng,2025,医療・保健業,0,0.0,dsh-gyoshu-2025
doshisha,doshisha-sci-eng,2025,社会保険・社会福祉・介護事業等,0,0.0,dsh-gyoshu-2025
doshisha,doshisha-sci-eng,2025,運輸業・郵便事業,8,0.0289,dsh-gyoshu-2025
doshisha,doshisha-sci-eng,2025,国家公務員,0,0.0,dsh-gyoshu-2025
doshisha,doshisha-sci-eng,2025,地方公務員,5,0.0181,dsh-gyoshu-2025
doshisha,doshisha-sci-eng,2025,電気・ガス・水道・熱供給業,2,0.0072,dsh-gyoshu-2025
doshisha,doshisha-sci-eng,2025,分類不能,0,0.0,dsh-gyoshu-2025
doshisha,doshisha-life-med,2025,農業,0,0.0,dsh-gyoshu-2025
doshisha,doshisha-life-med,2025,林業・狩猟業,0,0.0,dsh-gyoshu-2025
doshisha,doshisha-life-med,2025,漁業・水産養殖業,0,0.0,dsh-gyoshu-2025
doshisha,doshisha-life-med,2025,鉱業,0,0.0,dsh-gyoshu-2025
doshisha,doshisha-life-med,2025,建設・土木工事業,1,0.0112,dsh-gyoshu-2025
doshisha,doshisha-life-med,2025,繊維工業,0,0.0,dsh-gyoshu-2025
doshisha,doshisha-life-med,2025,化学肥料・化学工業製品・塗料製造業,0,0.0,dsh-gyoshu-2025
doshisha,doshisha-life-med,2025,石油製品・石炭製品製造業,0,0.0,dsh-gyoshu-2025
doshisha,doshisha-life-med,2025,ゴム製品製造業,0,0.0,dsh-gyoshu-2025
doshisha,doshisha-life-med,2025,窯業・土石製品製造業,2,0.0225,dsh-gyoshu-2025
doshisha,doshisha-life-med,2025,鉄鋼業,0,0.0,dsh-gyoshu-2025
doshisha,doshisha-life-med,2025,非鉄金属製造業,0,0.0,dsh-gyoshu-2025
doshisha,doshisha-life-med,2025,金属製品製造業,0,0.0,dsh-gyoshu-2025
doshisha,doshisha-life-med,2025,一般機械器具製造業,4,0.0449,dsh-gyoshu-2025
doshisha,doshisha-life-med,2025,電気・情報通信機械器具製造業,12,0.1348,dsh-gyoshu-2025
doshisha,doshisha-life-med,2025,電子部品・デバイス製造業,3,0.0337,dsh-gyoshu-2025
doshisha,doshisha-life-med,2025,輸送用機械器具製造業,2,0.0225,dsh-gyoshu-2025
doshisha,doshisha-life-med,2025,精密機械器具製造業,8,0.0899,dsh-gyoshu-2025
doshisha,doshisha-life-med,2025,食料品・たばこ製造業,3,0.0337,dsh-gyoshu-2025
doshisha,doshisha-life-med,2025,衣服・その他の繊維製品製造業,0,0.0,dsh-gyoshu-2025
doshisha,doshisha-life-med,2025,木材・木製品・家具製備品製造業,0,0.0,dsh-gyoshu-2025
doshisha,doshisha-life-med,2025,パルプ・紙・紙加工品製造業,0,0.0,dsh-gyoshu-2025
doshisha,doshisha-life-med,2025,印刷・同関連産業,0,0.0,dsh-gyoshu-2025
doshisha,doshisha-life-med,2025,化粧品・医薬品製造業,4,0.0449,dsh-gyoshu-2025
doshisha,doshisha-life-med,2025,その他の製造業,1,0.0112,dsh-gyoshu-2025
doshisha,doshisha-life-med,2025,各種商品卸売業,0,0.0,dsh-gyoshu-2025
doshisha,doshisha-life-med,2025,食品卸売業,0,0.0,dsh-gyoshu-2025
doshisha,doshisha-life-med,2025,繊維製品卸売業,0,0.0,dsh-gyoshu-2025
doshisha,doshisha-life-med,2025,建築材料、鉱物・金属材料等卸売業,1,0.0112,dsh-gyoshu-2025
doshisha,doshisha-life-med,2025,機械器具製品卸売業,3,0.0337,dsh-gyoshu-2025
doshisha,doshisha-life-med,2025,その他の卸売業,1,0.0112,dsh-gyoshu-2025
doshisha,doshisha-life-med,2025,各種商品小売業,0,0.0,dsh-gyoshu-2025
doshisha,doshisha-life-med,2025,織物・衣服・身の回り品の小売業,0,0.0,dsh-gyoshu-2025
doshisha,doshisha-life-med,2025,飲食料品小売業,0,0.0,dsh-gyoshu-2025
doshisha,doshisha-life-med,2025,自動車・自転車小売業,0,0.0,dsh-gyoshu-2025
doshisha,doshisha-life-med,2025,その他の小売業,1,0.0112,dsh-gyoshu-2025
doshisha,doshisha-life-med,2025,銀行業,2,0.0225,dsh-gyoshu-2025
doshisha,doshisha-life-med,2025,信用金庫・信用組合・労働金庫業 等,1,0.0112,dsh-gyoshu-2025
doshisha,doshisha-life-med,2025,政府関係金融機関,0,0.0,dsh-gyoshu-2025
doshisha,doshisha-life-med,2025,証券業,0,0.0,dsh-gyoshu-2025
doshisha,doshisha-life-med,2025,商品取引業,0,0.0,dsh-gyoshu-2025
doshisha,doshisha-life-med,2025,保険業,1,0.0112,dsh-gyoshu-2025
doshisha,doshisha-life-med,2025,貸金業・クレジットカード業,0,0.0,dsh-gyoshu-2025
doshisha,doshisha-life-med,2025,その他の金融業,0,0.0,dsh-gyoshu-2025
doshisha,doshisha-life-med,2025,通信業,4,0.0449,dsh-gyoshu-2025
doshisha,doshisha-life-med,2025,放送業,0,0.0,dsh-gyoshu-2025
doshisha,doshisha-life-med,2025,新聞・出版業,0,0.0,dsh-gyoshu-2025
doshisha,doshisha-life-med,2025,映像・音声情報制作業,0,0.0,dsh-gyoshu-2025
doshisha,doshisha-life-med,2025,ソフトウェアサービス業,18,0.2022,dsh-gyoshu-2025
doshisha,doshisha-life-med,2025,インターネット付随サービス業,1,0.0112,dsh-gyoshu-2025
doshisha,doshisha-life-med,2025,その他情報通信業,1,0.0112,dsh-gyoshu-2025
doshisha,doshisha-life-med,2025,国公立学校教員・職員,0,0.0,dsh-gyoshu-2025
doshisha,doshisha-life-med,2025,私立学校教員・職員,0,0.0,dsh-gyoshu-2025
doshisha,doshisha-life-med,2025,各種学校・専修学校等,0,0.0,dsh-gyoshu-2025
doshisha,doshisha-life-med,2025,社会教育・学習塾等,0,0.0,dsh-gyoshu-2025
doshisha,doshisha-life-med,2025,その他教育・学習支援業,0,0.0,dsh-gyoshu-2025
doshisha,doshisha-life-med,2025,飲食店・旅館・宿泊業等,0,0.0,dsh-gyoshu-2025
doshisha,doshisha-life-med,2025,広告業,0,0.0,dsh-gyoshu-2025
doshisha,doshisha-life-med,2025,旅行・観光・娯楽業,0,0.0,dsh-gyoshu-2025
doshisha,doshisha-life-med,2025,その他のサービス業,3,0.0337,dsh-gyoshu-2025
doshisha,doshisha-life-med,2025,郵便局・協同組合業,0,0.0,dsh-gyoshu-2025
doshisha,doshisha-life-med,2025,法律事務所、司法書士事務所,0,0.0,dsh-gyoshu-2025
doshisha,doshisha-life-med,2025,会計事務所、経営コンサルタント 等,6,0.0674,dsh-gyoshu-2025
doshisha,doshisha-life-med,2025,学術・開発研究機関,0,0.0,dsh-gyoshu-2025
doshisha,doshisha-life-med,2025,非営利的団体,0,0.0,dsh-gyoshu-2025
doshisha,doshisha-life-med,2025,宗教,0,0.0,dsh-gyoshu-2025
doshisha,doshisha-life-med,2025,不動産業,2,0.0225,dsh-gyoshu-2025
doshisha,doshisha-life-med,2025,物品賃貸業,0,0.0,dsh-gyoshu-2025
doshisha,doshisha-life-med,2025,医療・保健業,0,0.0,dsh-gyoshu-2025
doshisha,doshisha-life-med,2025,社会保険・社会福祉・介護事業等,0,0.0,dsh-gyoshu-2025
doshisha,doshisha-life-med,2025,運輸業・郵便事業,0,0.0,dsh-gyoshu-2025
doshisha,doshisha-life-med,2025,国家公務員,0,0.0,dsh-gyoshu-2025
doshisha,doshisha-life-med,2025,地方公務員,2,0.0225,dsh-gyoshu-2025
doshisha,doshisha-life-med,2025,電気・ガス・水道・熱供給業,2,0.0225,dsh-gyoshu-2025
doshisha,doshisha-life-med,2025,分類不能,0,0.0,dsh-gyoshu-2025
doshisha,doshisha-theology,2024,農業,0,0.0,dsh-gyoshu-2024
doshisha,doshisha-theology,2024,林業・狩猟業,0,0.0,dsh-gyoshu-2024
doshisha,doshisha-theology,2024,漁業・水産養殖業,0,0.0,dsh-gyoshu-2024
doshisha,doshisha-theology,2024,鉱業,0,0.0,dsh-gyoshu-2024
doshisha,doshisha-theology,2024,建設・土木工事業,2,0.0488,dsh-gyoshu-2024
doshisha,doshisha-theology,2024,繊維工業,0,0.0,dsh-gyoshu-2024
doshisha,doshisha-theology,2024,化学肥料・化学工業製品・塗料製造業,0,0.0,dsh-gyoshu-2024
doshisha,doshisha-theology,2024,石油製品・石炭製品製造業,0,0.0,dsh-gyoshu-2024
doshisha,doshisha-theology,2024,ゴム製品製造業,0,0.0,dsh-gyoshu-2024
doshisha,doshisha-theology,2024,窯業・土石製品製造業,0,0.0,dsh-gyoshu-2024
doshisha,doshisha-theology,2024,鉄鋼業,0,0.0,dsh-gyoshu-2024
doshisha,doshisha-theology,2024,非鉄金属製造業,0,0.0,dsh-gyoshu-2024
doshisha,doshisha-theology,2024,金属製品製造業,0,0.0,dsh-gyoshu-2024
doshisha,doshisha-theology,2024,一般機械器具製造業,2,0.0488,dsh-gyoshu-2024
doshisha,doshisha-theology,2024,電気・情報通信機械器具製造業,0,0.0,dsh-gyoshu-2024
doshisha,doshisha-theology,2024,電子部品・デバイス製造業,0,0.0,dsh-gyoshu-2024
doshisha,doshisha-theology,2024,輸送用機械器具製造業,0,0.0,dsh-gyoshu-2024
doshisha,doshisha-theology,2024,精密機械器具製造業,1,0.0244,dsh-gyoshu-2024
doshisha,doshisha-theology,2024,食料品・たばこ製造業,0,0.0,dsh-gyoshu-2024
doshisha,doshisha-theology,2024,衣服・その他の繊維製品製造業,0,0.0,dsh-gyoshu-2024
doshisha,doshisha-theology,2024,木材・木製品・家具製備品製造業,0,0.0,dsh-gyoshu-2024
doshisha,doshisha-theology,2024,パルプ・紙・紙加工品製造業,0,0.0,dsh-gyoshu-2024
doshisha,doshisha-theology,2024,印刷・同関連産業,0,0.0,dsh-gyoshu-2024
doshisha,doshisha-theology,2024,化粧品・医薬品製造業,0,0.0,dsh-gyoshu-2024
doshisha,doshisha-theology,2024,その他の製造業,2,0.0488,dsh-gyoshu-2024
doshisha,doshisha-theology,2024,各種商品卸売業,0,0.0,dsh-gyoshu-2024
doshisha,doshisha-theology,2024,食品卸売業,0,0.0,dsh-gyoshu-2024
doshisha,doshisha-theology,2024,繊維製品卸売業,0,0.0,dsh-gyoshu-2024
doshisha,doshisha-theology,2024,建築材料、鉱物・金属材料等卸売業,0,0.0,dsh-gyoshu-2024
doshisha,doshisha-theology,2024,機械器具製品卸売業,1,0.0244,dsh-gyoshu-2024
doshisha,doshisha-theology,2024,その他の卸売業,0,0.0,dsh-gyoshu-2024
doshisha,doshisha-theology,2024,各種商品小売業,1,0.0244,dsh-gyoshu-2024
doshisha,doshisha-theology,2024,織物・衣服・身の回り品の小売業,0,0.0,dsh-gyoshu-2024
doshisha,doshisha-theology,2024,飲食料品小売業,0,0.0,dsh-gyoshu-2024
doshisha,doshisha-theology,2024,自動車・自転車小売業,1,0.0244,dsh-gyoshu-2024
doshisha,doshisha-theology,2024,その他の小売業,0,0.0,dsh-gyoshu-2024
doshisha,doshisha-theology,2024,銀行業,3,0.0732,dsh-gyoshu-2024
doshisha,doshisha-theology,2024,信用金庫・信用組合・労働金庫業 等,2,0.0488,dsh-gyoshu-2024
doshisha,doshisha-theology,2024,政府関係金融機関,0,0.0,dsh-gyoshu-2024
doshisha,doshisha-theology,2024,証券業,0,0.0,dsh-gyoshu-2024
doshisha,doshisha-theology,2024,商品取引業,0,0.0,dsh-gyoshu-2024
doshisha,doshisha-theology,2024,保険業,3,0.0732,dsh-gyoshu-2024
doshisha,doshisha-theology,2024,貸金業・クレジットカード業,0,0.0,dsh-gyoshu-2024
doshisha,doshisha-theology,2024,その他の金融業,1,0.0244,dsh-gyoshu-2024
doshisha,doshisha-theology,2024,通信業,1,0.0244,dsh-gyoshu-2024
doshisha,doshisha-theology,2024,放送業,0,0.0,dsh-gyoshu-2024
doshisha,doshisha-theology,2024,新聞・出版業,1,0.0244,dsh-gyoshu-2024
doshisha,doshisha-theology,2024,映像・音声情報制作業,0,0.0,dsh-gyoshu-2024
doshisha,doshisha-theology,2024,ソフトウェアサービス業,2,0.0488,dsh-gyoshu-2024
doshisha,doshisha-theology,2024,インターネット付随サービス業,0,0.0,dsh-gyoshu-2024
doshisha,doshisha-theology,2024,その他情報通信業,0,0.0,dsh-gyoshu-2024
doshisha,doshisha-theology,2024,国公立学校教員・職員,0,0.0,dsh-gyoshu-2024
doshisha,doshisha-theology,2024,私立学校教員・職員,0,0.0,dsh-gyoshu-2024
doshisha,doshisha-theology,2024,各種学校・専修学校等,0,0.0,dsh-gyoshu-2024
doshisha,doshisha-theology,2024,社会教育・学習塾等,0,0.0,dsh-gyoshu-2024
doshisha,doshisha-theology,2024,その他教育・学習支援業,0,0.0,dsh-gyoshu-2024
doshisha,doshisha-theology,2024,飲食店・旅館・宿泊業等,0,0.0,dsh-gyoshu-2024
doshisha,doshisha-theology,2024,広告業,1,0.0244,dsh-gyoshu-2024
doshisha,doshisha-theology,2024,旅行・観光・娯楽業,0,0.0,dsh-gyoshu-2024
doshisha,doshisha-theology,2024,その他のサービス業,6,0.1463,dsh-gyoshu-2024
doshisha,doshisha-theology,2024,郵便局・協同組合業,0,0.0,dsh-gyoshu-2024
doshisha,doshisha-theology,2024,法律事務所、司法書士事務所,0,0.0,dsh-gyoshu-2024
doshisha,doshisha-theology,2024,会計事務所、経営コンサルタント 等,1,0.0244,dsh-gyoshu-2024
doshisha,doshisha-theology,2024,学術・開発研究機関,0,0.0,dsh-gyoshu-2024
doshisha,doshisha-theology,2024,非営利的団体,1,0.0244,dsh-gyoshu-2024
doshisha,doshisha-theology,2024,宗教,0,0.0,dsh-gyoshu-2024
doshisha,doshisha-theology,2024,不動産業,4,0.0976,dsh-gyoshu-2024
doshisha,doshisha-theology,2024,物品賃貸業,0,0.0,dsh-gyoshu-2024
doshisha,doshisha-theology,2024,医療・保健業,0,0.0,dsh-gyoshu-2024
doshisha,doshisha-theology,2024,社会保険・社会福祉・介護事業等,0,0.0,dsh-gyoshu-2024
doshisha,doshisha-theology,2024,運輸業・郵便事業,4,0.0976,dsh-gyoshu-2024
doshisha,doshisha-theology,2024,国家公務員,0,0.0,dsh-gyoshu-2024
doshisha,doshisha-theology,2024,地方公務員,0,0.0,dsh-gyoshu-2024
doshisha,doshisha-theology,2024,電気・ガス・水道・熱供給業,0,0.0,dsh-gyoshu-2024
doshisha,doshisha-theology,2024,分類不能,1,0.0244,dsh-gyoshu-2024
doshisha,doshisha-letters,2024,農業,1,0.0019,dsh-gyoshu-2024
doshisha,doshisha-letters,2024,林業・狩猟業,0,0.0,dsh-gyoshu-2024
doshisha,doshisha-letters,2024,漁業・水産養殖業,0,0.0,dsh-gyoshu-2024
doshisha,doshisha-letters,2024,鉱業,0,0.0,dsh-gyoshu-2024
doshisha,doshisha-letters,2024,建設・土木工事業,11,0.0214,dsh-gyoshu-2024
doshisha,doshisha-letters,2024,繊維工業,4,0.0078,dsh-gyoshu-2024
doshisha,doshisha-letters,2024,化学肥料・化学工業製品・塗料製造業,7,0.0136,dsh-gyoshu-2024
doshisha,doshisha-letters,2024,石油製品・石炭製品製造業,1,0.0019,dsh-gyoshu-2024
doshisha,doshisha-letters,2024,ゴム製品製造業,1,0.0019,dsh-gyoshu-2024
doshisha,doshisha-letters,2024,窯業・土石製品製造業,4,0.0078,dsh-gyoshu-2024
doshisha,doshisha-letters,2024,鉄鋼業,2,0.0039,dsh-gyoshu-2024
doshisha,doshisha-letters,2024,非鉄金属製造業,3,0.0058,dsh-gyoshu-2024
doshisha,doshisha-letters,2024,金属製品製造業,6,0.0117,dsh-gyoshu-2024
doshisha,doshisha-letters,2024,一般機械器具製造業,13,0.0253,dsh-gyoshu-2024
doshisha,doshisha-letters,2024,電気・情報通信機械器具製造業,21,0.0409,dsh-gyoshu-2024
doshisha,doshisha-letters,2024,電子部品・デバイス製造業,10,0.0195,dsh-gyoshu-2024
doshisha,doshisha-letters,2024,輸送用機械器具製造業,8,0.0156,dsh-gyoshu-2024
doshisha,doshisha-letters,2024,精密機械器具製造業,2,0.0039,dsh-gyoshu-2024
doshisha,doshisha-letters,2024,食料品・たばこ製造業,14,0.0272,dsh-gyoshu-2024
doshisha,doshisha-letters,2024,衣服・その他の繊維製品製造業,4,0.0078,dsh-gyoshu-2024
doshisha,doshisha-letters,2024,木材・木製品・家具製備品製造業,1,0.0019,dsh-gyoshu-2024
doshisha,doshisha-letters,2024,パルプ・紙・紙加工品製造業,1,0.0019,dsh-gyoshu-2024
doshisha,doshisha-letters,2024,印刷・同関連産業,4,0.0078,dsh-gyoshu-2024
doshisha,doshisha-letters,2024,化粧品・医薬品製造業,7,0.0136,dsh-gyoshu-2024
doshisha,doshisha-letters,2024,その他の製造業,6,0.0117,dsh-gyoshu-2024
doshisha,doshisha-letters,2024,各種商品卸売業,2,0.0039,dsh-gyoshu-2024
doshisha,doshisha-letters,2024,食品卸売業,2,0.0039,dsh-gyoshu-2024
doshisha,doshisha-letters,2024,繊維製品卸売業,1,0.0019,dsh-gyoshu-2024
doshisha,doshisha-letters,2024,建築材料、鉱物・金属材料等卸売業,4,0.0078,dsh-gyoshu-2024
doshisha,doshisha-letters,2024,機械器具製品卸売業,8,0.0156,dsh-gyoshu-2024
doshisha,doshisha-letters,2024,その他の卸売業,5,0.0097,dsh-gyoshu-2024
doshisha,doshisha-letters,2024,各種商品小売業,10,0.0195,dsh-gyoshu-2024
doshisha,doshisha-letters,2024,織物・衣服・身の回り品の小売業,4,0.0078,dsh-gyoshu-2024
doshisha,doshisha-letters,2024,飲食料品小売業,0,0.0,dsh-gyoshu-2024
doshisha,doshisha-letters,2024,自動車・自転車小売業,2,0.0039,dsh-gyoshu-2024
doshisha,doshisha-letters,2024,その他の小売業,13,0.0253,dsh-gyoshu-2024
doshisha,doshisha-letters,2024,銀行業,19,0.037,dsh-gyoshu-2024
doshisha,doshisha-letters,2024,信用金庫・信用組合・労働金庫業 等,4,0.0078,dsh-gyoshu-2024
doshisha,doshisha-letters,2024,政府関係金融機関,0,0.0,dsh-gyoshu-2024
doshisha,doshisha-letters,2024,証券業,3,0.0058,dsh-gyoshu-2024
doshisha,doshisha-letters,2024,商品取引業,0,0.0,dsh-gyoshu-2024
doshisha,doshisha-letters,2024,保険業,12,0.0233,dsh-gyoshu-2024
doshisha,doshisha-letters,2024,貸金業・クレジットカード業,3,0.0058,dsh-gyoshu-2024
doshisha,doshisha-letters,2024,その他の金融業,0,0.0,dsh-gyoshu-2024
doshisha,doshisha-letters,2024,通信業,4,0.0078,dsh-gyoshu-2024
doshisha,doshisha-letters,2024,放送業,5,0.0097,dsh-gyoshu-2024
doshisha,doshisha-letters,2024,新聞・出版業,7,0.0136,dsh-gyoshu-2024
doshisha,doshisha-letters,2024,映像・音声情報制作業,4,0.0078,dsh-gyoshu-2024
doshisha,doshisha-letters,2024,ソフトウェアサービス業,41,0.0798,dsh-gyoshu-2024
doshisha,doshisha-letters,2024,インターネット付随サービス業,8,0.0156,dsh-gyoshu-2024
doshisha,doshisha-letters,2024,その他情報通信業,3,0.0058,dsh-gyoshu-2024
doshisha,doshisha-letters,2024,国公立学校教員・職員,11,0.0214,dsh-gyoshu-2024
doshisha,doshisha-letters,2024,私立学校教員・職員,8,0.0156,dsh-gyoshu-2024
doshisha,doshisha-letters,2024,各種学校・専修学校等,0,0.0,dsh-gyoshu-2024
doshisha,doshisha-letters,2024,社会教育・学習塾等,8,0.0156,dsh-gyoshu-2024
doshisha,doshisha-letters,2024,その他教育・学習支援業,0,0.0,dsh-gyoshu-2024
doshisha,doshisha-letters,2024,飲食店・旅館・宿泊業等,5,0.0097,dsh-gyoshu-2024
doshisha,doshisha-letters,2024,広告業,9,0.0175,dsh-gyoshu-2024
doshisha,doshisha-letters,2024,旅行・観光・娯楽業,16,0.0311,dsh-gyoshu-2024
doshisha,doshisha-letters,2024,その他のサービス業,37,0.072,dsh-gyoshu-2024
doshisha,doshisha-letters,2024,郵便局・協同組合業,1,0.0019,dsh-gyoshu-2024
doshisha,doshisha-letters,2024,法律事務所、司法書士事務所,0,0.0,dsh-gyoshu-2024
doshisha,doshisha-letters,2024,会計事務所、経営コンサルタント 等,20,0.0389,dsh-gyoshu-2024
doshisha,doshisha-letters,2024,学術・開発研究機関,0,0.0,dsh-gyoshu-2024
doshisha,doshisha-letters,2024,非営利的団体,5,0.0097,dsh-gyoshu-2024
doshisha,doshisha-letters,2024,宗教,0,0.0,dsh-gyoshu-2024
doshisha,doshisha-letters,2024,不動産業,9,0.0175,dsh-gyoshu-2024
doshisha,doshisha-letters,2024,物品賃貸業,2,0.0039,dsh-gyoshu-2024
doshisha,doshisha-letters,2024,医療・保健業,5,0.0097,dsh-gyoshu-2024
doshisha,doshisha-letters,2024,社会保険・社会福祉・介護事業等,1,0.0019,dsh-gyoshu-2024
doshisha,doshisha-letters,2024,運輸業・郵便事業,32,0.0623,dsh-gyoshu-2024
doshisha,doshisha-letters,2024,国家公務員,12,0.0233,dsh-gyoshu-2024
doshisha,doshisha-letters,2024,地方公務員,29,0.0564,dsh-gyoshu-2024
doshisha,doshisha-letters,2024,電気・ガス・水道・熱供給業,4,0.0078,dsh-gyoshu-2024
doshisha,doshisha-letters,2024,分類不能,5,0.0097,dsh-gyoshu-2024
doshisha,doshisha-sociology,2024,農業,0,0.0,dsh-gyoshu-2024
doshisha,doshisha-sociology,2024,林業・狩猟業,0,0.0,dsh-gyoshu-2024
doshisha,doshisha-sociology,2024,漁業・水産養殖業,0,0.0,dsh-gyoshu-2024
doshisha,doshisha-sociology,2024,鉱業,0,0.0,dsh-gyoshu-2024
doshisha,doshisha-sociology,2024,建設・土木工事業,8,0.023,dsh-gyoshu-2024
doshisha,doshisha-sociology,2024,繊維工業,1,0.0029,dsh-gyoshu-2024
doshisha,doshisha-sociology,2024,化学肥料・化学工業製品・塗料製造業,5,0.0144,dsh-gyoshu-2024
doshisha,doshisha-sociology,2024,石油製品・石炭製品製造業,0,0.0,dsh-gyoshu-2024
doshisha,doshisha-sociology,2024,ゴム製品製造業,1,0.0029,dsh-gyoshu-2024
doshisha,doshisha-sociology,2024,窯業・土石製品製造業,1,0.0029,dsh-gyoshu-2024
doshisha,doshisha-sociology,2024,鉄鋼業,2,0.0057,dsh-gyoshu-2024
doshisha,doshisha-sociology,2024,非鉄金属製造業,0,0.0,dsh-gyoshu-2024
doshisha,doshisha-sociology,2024,金属製品製造業,4,0.0115,dsh-gyoshu-2024
doshisha,doshisha-sociology,2024,一般機械器具製造業,9,0.0259,dsh-gyoshu-2024
doshisha,doshisha-sociology,2024,電気・情報通信機械器具製造業,16,0.046,dsh-gyoshu-2024
doshisha,doshisha-sociology,2024,電子部品・デバイス製造業,4,0.0115,dsh-gyoshu-2024
doshisha,doshisha-sociology,2024,輸送用機械器具製造業,7,0.0201,dsh-gyoshu-2024
doshisha,doshisha-sociology,2024,精密機械器具製造業,0,0.0,dsh-gyoshu-2024
doshisha,doshisha-sociology,2024,食料品・たばこ製造業,9,0.0259,dsh-gyoshu-2024
doshisha,doshisha-sociology,2024,衣服・その他の繊維製品製造業,3,0.0086,dsh-gyoshu-2024
doshisha,doshisha-sociology,2024,木材・木製品・家具製備品製造業,1,0.0029,dsh-gyoshu-2024
doshisha,doshisha-sociology,2024,パルプ・紙・紙加工品製造業,0,0.0,dsh-gyoshu-2024
doshisha,doshisha-sociology,2024,印刷・同関連産業,3,0.0086,dsh-gyoshu-2024
doshisha,doshisha-sociology,2024,化粧品・医薬品製造業,3,0.0086,dsh-gyoshu-2024
doshisha,doshisha-sociology,2024,その他の製造業,3,0.0086,dsh-gyoshu-2024
doshisha,doshisha-sociology,2024,各種商品卸売業,1,0.0029,dsh-gyoshu-2024
doshisha,doshisha-sociology,2024,食品卸売業,1,0.0029,dsh-gyoshu-2024
doshisha,doshisha-sociology,2024,繊維製品卸売業,0,0.0,dsh-gyoshu-2024
doshisha,doshisha-sociology,2024,建築材料、鉱物・金属材料等卸売業,9,0.0259,dsh-gyoshu-2024
doshisha,doshisha-sociology,2024,機械器具製品卸売業,4,0.0115,dsh-gyoshu-2024
doshisha,doshisha-sociology,2024,その他の卸売業,3,0.0086,dsh-gyoshu-2024
doshisha,doshisha-sociology,2024,各種商品小売業,5,0.0144,dsh-gyoshu-2024
doshisha,doshisha-sociology,2024,織物・衣服・身の回り品の小売業,2,0.0057,dsh-gyoshu-2024
doshisha,doshisha-sociology,2024,飲食料品小売業,0,0.0,dsh-gyoshu-2024
doshisha,doshisha-sociology,2024,自動車・自転車小売業,0,0.0,dsh-gyoshu-2024
doshisha,doshisha-sociology,2024,その他の小売業,6,0.0172,dsh-gyoshu-2024
doshisha,doshisha-sociology,2024,銀行業,13,0.0374,dsh-gyoshu-2024
doshisha,doshisha-sociology,2024,信用金庫・信用組合・労働金庫業 等,5,0.0144,dsh-gyoshu-2024
doshisha,doshisha-sociology,2024,政府関係金融機関,0,0.0,dsh-gyoshu-2024
doshisha,doshisha-sociology,2024,証券業,4,0.0115,dsh-gyoshu-2024
doshisha,doshisha-sociology,2024,商品取引業,0,0.0,dsh-gyoshu-2024
doshisha,doshisha-sociology,2024,保険業,14,0.0402,dsh-gyoshu-2024
doshisha,doshisha-sociology,2024,貸金業・クレジットカード業,1,0.0029,dsh-gyoshu-2024
doshisha,doshisha-sociology,2024,その他の金融業,1,0.0029,dsh-gyoshu-2024
doshisha,doshisha-sociology,2024,通信業,4,0.0115,dsh-gyoshu-2024
doshisha,doshisha-sociology,2024,放送業,7,0.0201,dsh-gyoshu-2024
doshisha,doshisha-sociology,2024,新聞・出版業,8,0.023,dsh-gyoshu-2024
doshisha,doshisha-sociology,2024,映像・音声情報制作業,3,0.0086,dsh-gyoshu-2024
doshisha,doshisha-sociology,2024,ソフトウェアサービス業,30,0.0862,dsh-gyoshu-2024
doshisha,doshisha-sociology,2024,インターネット付随サービス業,9,0.0259,dsh-gyoshu-2024
doshisha,doshisha-sociology,2024,その他情報通信業,3,0.0086,dsh-gyoshu-2024
doshisha,doshisha-sociology,2024,国公立学校教員・職員,4,0.0115,dsh-gyoshu-2024
doshisha,doshisha-sociology,2024,私立学校教員・職員,1,0.0029,dsh-gyoshu-2024
doshisha,doshisha-sociology,2024,各種学校・専修学校等,0,0.0,dsh-gyoshu-2024
doshisha,doshisha-sociology,2024,社会教育・学習塾等,2,0.0057,dsh-gyoshu-2024
doshisha,doshisha-sociology,2024,その他教育・学習支援業,1,0.0029,dsh-gyoshu-2024
doshisha,doshisha-sociology,2024,飲食店・旅館・宿泊業等,2,0.0057,dsh-gyoshu-2024
doshisha,doshisha-sociology,2024,広告業,6,0.0172,dsh-gyoshu-2024
doshisha,doshisha-sociology,2024,旅行・観光・娯楽業,2,0.0057,dsh-gyoshu-2024
doshisha,doshisha-sociology,2024,その他のサービス業,30,0.0862,dsh-gyoshu-2024
doshisha,doshisha-sociology,2024,郵便局・協同組合業,0,0.0,dsh-gyoshu-2024
doshisha,doshisha-sociology,2024,法律事務所、司法書士事務所,0,0.0,dsh-gyoshu-2024
doshisha,doshisha-sociology,2024,会計事務所、経営コンサルタント 等,11,0.0316,dsh-gyoshu-2024
doshisha,doshisha-sociology,2024,学術・開発研究機関,0,0.0,dsh-gyoshu-2024
doshisha,doshisha-sociology,2024,非営利的団体,5,0.0144,dsh-gyoshu-2024
doshisha,doshisha-sociology,2024,宗教,1,0.0029,dsh-gyoshu-2024
doshisha,doshisha-sociology,2024,不動産業,14,0.0402,dsh-gyoshu-2024
doshisha,doshisha-sociology,2024,物品賃貸業,2,0.0057,dsh-gyoshu-2024
doshisha,doshisha-sociology,2024,医療・保健業,2,0.0057,dsh-gyoshu-2024
doshisha,doshisha-sociology,2024,社会保険・社会福祉・介護事業等,5,0.0144,dsh-gyoshu-2024
doshisha,doshisha-sociology,2024,運輸業・郵便事業,11,0.0316,dsh-gyoshu-2024
doshisha,doshisha-sociology,2024,国家公務員,5,0.0144,dsh-gyoshu-2024
doshisha,doshisha-sociology,2024,地方公務員,26,0.0747,dsh-gyoshu-2024
doshisha,doshisha-sociology,2024,電気・ガス・水道・熱供給業,4,0.0115,dsh-gyoshu-2024
doshisha,doshisha-sociology,2024,分類不能,1,0.0029,dsh-gyoshu-2024
doshisha,doshisha-law,2024,農業,1,0.0016,dsh-gyoshu-2024
doshisha,doshisha-law,2024,林業・狩猟業,0,0.0,dsh-gyoshu-2024
doshisha,doshisha-law,2024,漁業・水産養殖業,1,0.0016,dsh-gyoshu-2024
doshisha,doshisha-law,2024,鉱業,0,0.0,dsh-gyoshu-2024
doshisha,doshisha-law,2024,建設・土木工事業,15,0.0235,dsh-gyoshu-2024
doshisha,doshisha-law,2024,繊維工業,2,0.0031,dsh-gyoshu-2024
doshisha,doshisha-law,2024,化学肥料・化学工業製品・塗料製造業,8,0.0125,dsh-gyoshu-2024
doshisha,doshisha-law,2024,石油製品・石炭製品製造業,3,0.0047,dsh-gyoshu-2024
doshisha,doshisha-law,2024,ゴム製品製造業,1,0.0016,dsh-gyoshu-2024
doshisha,doshisha-law,2024,窯業・土石製品製造業,5,0.0078,dsh-gyoshu-2024
doshisha,doshisha-law,2024,鉄鋼業,3,0.0047,dsh-gyoshu-2024
doshisha,doshisha-law,2024,非鉄金属製造業,4,0.0063,dsh-gyoshu-2024
doshisha,doshisha-law,2024,金属製品製造業,2,0.0031,dsh-gyoshu-2024
doshisha,doshisha-law,2024,一般機械器具製造業,11,0.0172,dsh-gyoshu-2024
doshisha,doshisha-law,2024,電気・情報通信機械器具製造業,29,0.0454,dsh-gyoshu-2024
doshisha,doshisha-law,2024,電子部品・デバイス製造業,12,0.0188,dsh-gyoshu-2024
doshisha,doshisha-law,2024,輸送用機械器具製造業,23,0.036,dsh-gyoshu-2024
doshisha,doshisha-law,2024,精密機械器具製造業,13,0.0203,dsh-gyoshu-2024
doshisha,doshisha-law,2024,食料品・たばこ製造業,11,0.0172,dsh-gyoshu-2024
doshisha,doshisha-law,2024,衣服・その他の繊維製品製造業,1,0.0016,dsh-gyoshu-2024
doshisha,doshisha-law,2024,木材・木製品・家具製備品製造業,0,0.0,dsh-gyoshu-2024
doshisha,doshisha-law,2024,パルプ・紙・紙加工品製造業,2,0.0031,dsh-gyoshu-2024
doshisha,doshisha-law,2024,印刷・同関連産業,3,0.0047,dsh-gyoshu-2024
doshisha,doshisha-law,2024,化粧品・医薬品製造業,9,0.0141,dsh-gyoshu-2024
doshisha,doshisha-law,2024,その他の製造業,10,0.0156,dsh-gyoshu-2024
doshisha,doshisha-law,2024,各種商品卸売業,4,0.0063,dsh-gyoshu-2024
doshisha,doshisha-law,2024,食品卸売業,2,0.0031,dsh-gyoshu-2024
doshisha,doshisha-law,2024,繊維製品卸売業,4,0.0063,dsh-gyoshu-2024
doshisha,doshisha-law,2024,建築材料、鉱物・金属材料等卸売業,14,0.0219,dsh-gyoshu-2024
doshisha,doshisha-law,2024,機械器具製品卸売業,12,0.0188,dsh-gyoshu-2024
doshisha,doshisha-law,2024,その他の卸売業,3,0.0047,dsh-gyoshu-2024
doshisha,doshisha-law,2024,各種商品小売業,3,0.0047,dsh-gyoshu-2024
doshisha,doshisha-law,2024,織物・衣服・身の回り品の小売業,1,0.0016,dsh-gyoshu-2024
doshisha,doshisha-law,2024,飲食料品小売業,0,0.0,dsh-gyoshu-2024
doshisha,doshisha-law,2024,自動車・自転車小売業,1,0.0016,dsh-gyoshu-2024
doshisha,doshisha-law,2024,その他の小売業,8,0.0125,dsh-gyoshu-2024
doshisha,doshisha-law,2024,銀行業,50,0.0782,dsh-gyoshu-2024
doshisha,doshisha-law,2024,信用金庫・信用組合・労働金庫業 等,9,0.0141,dsh-gyoshu-2024
doshisha,doshisha-law,2024,政府関係金融機関,8,0.0125,dsh-gyoshu-2024
doshisha,doshisha-law,2024,証券業,12,0.0188,dsh-gyoshu-2024
doshisha,doshisha-law,2024,商品取引業,0,0.0,dsh-gyoshu-2024
doshisha,doshisha-law,2024,保険業,21,0.0329,dsh-gyoshu-2024
doshisha,doshisha-law,2024,貸金業・クレジットカード業,8,0.0125,dsh-gyoshu-2024
doshisha,doshisha-law,2024,その他の金融業,3,0.0047,dsh-gyoshu-2024
doshisha,doshisha-law,2024,通信業,12,0.0188,dsh-gyoshu-2024
doshisha,doshisha-law,2024,放送業,2,0.0031,dsh-gyoshu-2024
doshisha,doshisha-law,2024,新聞・出版業,8,0.0125,dsh-gyoshu-2024
doshisha,doshisha-law,2024,映像・音声情報制作業,0,0.0,dsh-gyoshu-2024
doshisha,doshisha-law,2024,ソフトウェアサービス業,48,0.0751,dsh-gyoshu-2024
doshisha,doshisha-law,2024,インターネット付随サービス業,11,0.0172,dsh-gyoshu-2024
doshisha,doshisha-law,2024,その他情報通信業,1,0.0016,dsh-gyoshu-2024
doshisha,doshisha-law,2024,国公立学校教員・職員,2,0.0031,dsh-gyoshu-2024
doshisha,doshisha-law,2024,私立学校教員・職員,2,0.0031,dsh-gyoshu-2024
doshisha,doshisha-law,2024,各種学校・専修学校等,0,0.0,dsh-gyoshu-2024
doshisha,doshisha-law,2024,社会教育・学習塾等,3,0.0047,dsh-gyoshu-2024
doshisha,doshisha-law,2024,その他教育・学習支援業,0,0.0,dsh-gyoshu-2024
doshisha,doshisha-law,2024,飲食店・旅館・宿泊業等,5,0.0078,dsh-gyoshu-2024
doshisha,doshisha-law,2024,広告業,3,0.0047,dsh-gyoshu-2024
doshisha,doshisha-law,2024,旅行・観光・娯楽業,7,0.011,dsh-gyoshu-2024
doshisha,doshisha-law,2024,その他のサービス業,28,0.0438,dsh-gyoshu-2024
doshisha,doshisha-law,2024,郵便局・協同組合業,8,0.0125,dsh-gyoshu-2024
doshisha,doshisha-law,2024,法律事務所、司法書士事務所,6,0.0094,dsh-gyoshu-2024
doshisha,doshisha-law,2024,会計事務所、経営コンサルタント 等,16,0.025,dsh-gyoshu-2024
doshisha,doshisha-law,2024,学術・開発研究機関,0,0.0,dsh-gyoshu-2024
doshisha,doshisha-law,2024,非営利的団体,3,0.0047,dsh-gyoshu-2024
doshisha,doshisha-law,2024,宗教,0,0.0,dsh-gyoshu-2024
doshisha,doshisha-law,2024,不動産業,11,0.0172,dsh-gyoshu-2024
doshisha,doshisha-law,2024,物品賃貸業,5,0.0078,dsh-gyoshu-2024
doshisha,doshisha-law,2024,医療・保健業,0,0.0,dsh-gyoshu-2024
doshisha,doshisha-law,2024,社会保険・社会福祉・介護事業等,2,0.0031,dsh-gyoshu-2024
doshisha,doshisha-law,2024,運輸業・郵便事業,25,0.0391,dsh-gyoshu-2024
doshisha,doshisha-law,2024,国家公務員,48,0.0751,dsh-gyoshu-2024
doshisha,doshisha-law,2024,地方公務員,35,0.0548,dsh-gyoshu-2024
doshisha,doshisha-law,2024,電気・ガス・水道・熱供給業,8,0.0125,dsh-gyoshu-2024
doshisha,doshisha-law,2024,分類不能,8,0.0125,dsh-gyoshu-2024
doshisha,doshisha-economics,2024,農業,0,0.0,dsh-gyoshu-2024
doshisha,doshisha-economics,2024,林業・狩猟業,0,0.0,dsh-gyoshu-2024
doshisha,doshisha-economics,2024,漁業・水産養殖業,0,0.0,dsh-gyoshu-2024
doshisha,doshisha-economics,2024,鉱業,0,0.0,dsh-gyoshu-2024
doshisha,doshisha-economics,2024,建設・土木工事業,17,0.0229,dsh-gyoshu-2024
doshisha,doshisha-economics,2024,繊維工業,2,0.0027,dsh-gyoshu-2024
doshisha,doshisha-economics,2024,化学肥料・化学工業製品・塗料製造業,6,0.0081,dsh-gyoshu-2024
doshisha,doshisha-economics,2024,石油製品・石炭製品製造業,0,0.0,dsh-gyoshu-2024
doshisha,doshisha-economics,2024,ゴム製品製造業,1,0.0013,dsh-gyoshu-2024
doshisha,doshisha-economics,2024,窯業・土石製品製造業,2,0.0027,dsh-gyoshu-2024
doshisha,doshisha-economics,2024,鉄鋼業,5,0.0067,dsh-gyoshu-2024
doshisha,doshisha-economics,2024,非鉄金属製造業,5,0.0067,dsh-gyoshu-2024
doshisha,doshisha-economics,2024,金属製品製造業,3,0.004,dsh-gyoshu-2024
doshisha,doshisha-economics,2024,一般機械器具製造業,19,0.0256,dsh-gyoshu-2024
doshisha,doshisha-economics,2024,電気・情報通信機械器具製造業,48,0.0648,dsh-gyoshu-2024
doshisha,doshisha-economics,2024,電子部品・デバイス製造業,7,0.0094,dsh-gyoshu-2024
doshisha,doshisha-economics,2024,輸送用機械器具製造業,13,0.0175,dsh-gyoshu-2024
doshisha,doshisha-economics,2024,精密機械器具製造業,8,0.0108,dsh-gyoshu-2024
doshisha,doshisha-economics,2024,食料品・たばこ製造業,19,0.0256,dsh-gyoshu-2024
doshisha,doshisha-economics,2024,衣服・その他の繊維製品製造業,4,0.0054,dsh-gyoshu-2024
doshisha,doshisha-economics,2024,木材・木製品・家具製備品製造業,2,0.0027,dsh-gyoshu-2024
doshisha,doshisha-economics,2024,パルプ・紙・紙加工品製造業,3,0.004,dsh-gyoshu-2024
doshisha,doshisha-economics,2024,印刷・同関連産業,2,0.0027,dsh-gyoshu-2024
doshisha,doshisha-economics,2024,化粧品・医薬品製造業,7,0.0094,dsh-gyoshu-2024
doshisha,doshisha-economics,2024,その他の製造業,12,0.0162,dsh-gyoshu-2024
doshisha,doshisha-economics,2024,各種商品卸売業,4,0.0054,dsh-gyoshu-2024
doshisha,doshisha-economics,2024,食品卸売業,3,0.004,dsh-gyoshu-2024
doshisha,doshisha-economics,2024,繊維製品卸売業,3,0.004,dsh-gyoshu-2024
doshisha,doshisha-economics,2024,建築材料、鉱物・金属材料等卸売業,8,0.0108,dsh-gyoshu-2024
doshisha,doshisha-economics,2024,機械器具製品卸売業,21,0.0283,dsh-gyoshu-2024
doshisha,doshisha-economics,2024,その他の卸売業,4,0.0054,dsh-gyoshu-2024
doshisha,doshisha-economics,2024,各種商品小売業,4,0.0054,dsh-gyoshu-2024
doshisha,doshisha-economics,2024,織物・衣服・身の回り品の小売業,7,0.0094,dsh-gyoshu-2024
doshisha,doshisha-economics,2024,飲食料品小売業,1,0.0013,dsh-gyoshu-2024
doshisha,doshisha-economics,2024,自動車・自転車小売業,4,0.0054,dsh-gyoshu-2024
doshisha,doshisha-economics,2024,その他の小売業,12,0.0162,dsh-gyoshu-2024
doshisha,doshisha-economics,2024,銀行業,66,0.0891,dsh-gyoshu-2024
doshisha,doshisha-economics,2024,信用金庫・信用組合・労働金庫業 等,12,0.0162,dsh-gyoshu-2024
doshisha,doshisha-economics,2024,政府関係金融機関,2,0.0027,dsh-gyoshu-2024
doshisha,doshisha-economics,2024,証券業,24,0.0324,dsh-gyoshu-2024
doshisha,doshisha-economics,2024,商品取引業,1,0.0013,dsh-gyoshu-2024
doshisha,doshisha-economics,2024,保険業,38,0.0513,dsh-gyoshu-2024
doshisha,doshisha-economics,2024,貸金業・クレジットカード業,9,0.0121,dsh-gyoshu-2024
doshisha,doshisha-economics,2024,その他の金融業,4,0.0054,dsh-gyoshu-2024
doshisha,doshisha-economics,2024,通信業,13,0.0175,dsh-gyoshu-2024
doshisha,doshisha-economics,2024,放送業,6,0.0081,dsh-gyoshu-2024
doshisha,doshisha-economics,2024,新聞・出版業,6,0.0081,dsh-gyoshu-2024
doshisha,doshisha-economics,2024,映像・音声情報制作業,1,0.0013,dsh-gyoshu-2024
doshisha,doshisha-economics,2024,ソフトウェアサービス業,82,0.1107,dsh-gyoshu-2024
doshisha,doshisha-economics,2024,インターネット付随サービス業,9,0.0121,dsh-gyoshu-2024
doshisha,doshisha-economics,2024,その他情報通信業,5,0.0067,dsh-gyoshu-2024
doshisha,doshisha-economics,2024,国公立学校教員・職員,2,0.0027,dsh-gyoshu-2024
doshisha,doshisha-economics,2024,私立学校教員・職員,2,0.0027,dsh-gyoshu-2024
doshisha,doshisha-economics,2024,各種学校・専修学校等,0,0.0,dsh-gyoshu-2024
doshisha,doshisha-economics,2024,社会教育・学習塾等,5,0.0067,dsh-gyoshu-2024
doshisha,doshisha-economics,2024,その他教育・学習支援業,0,0.0,dsh-gyoshu-2024
doshisha,doshisha-economics,2024,飲食店・旅館・宿泊業等,5,0.0067,dsh-gyoshu-2024
doshisha,doshisha-economics,2024,広告業,9,0.0121,dsh-gyoshu-2024
doshisha,doshisha-economics,2024,旅行・観光・娯楽業,6,0.0081,dsh-gyoshu-2024
doshisha,doshisha-economics,2024,その他のサービス業,35,0.0472,dsh-gyoshu-2024
doshisha,doshisha-economics,2024,郵便局・協同組合業,1,0.0013,dsh-gyoshu-2024
doshisha,doshisha-economics,2024,法律事務所、司法書士事務所,2,0.0027,dsh-gyoshu-2024
doshisha,doshisha-economics,2024,会計事務所、経営コンサルタント 等,45,0.0607,dsh-gyoshu-2024
doshisha,doshisha-economics,2024,学術・開発研究機関,0,0.0,dsh-gyoshu-2024
doshisha,doshisha-economics,2024,非営利的団体,2,0.0027,dsh-gyoshu-2024
doshisha,doshisha-economics,2024,宗教,1,0.0013,dsh-gyoshu-2024
doshisha,doshisha-economics,2024,不動産業,23,0.031,dsh-gyoshu-2024
doshisha,doshisha-economics,2024,物品賃貸業,4,0.0054,dsh-gyoshu-2024
doshisha,doshisha-economics,2024,医療・保健業,1,0.0013,dsh-gyoshu-2024
doshisha,doshisha-economics,2024,社会保険・社会福祉・介護事業等,2,0.0027,dsh-gyoshu-2024
doshisha,doshisha-economics,2024,運輸業・郵便事業,18,0.0243,dsh-gyoshu-2024
doshisha,doshisha-economics,2024,国家公務員,12,0.0162,dsh-gyoshu-2024
doshisha,doshisha-economics,2024,地方公務員,12,0.0162,dsh-gyoshu-2024
doshisha,doshisha-economics,2024,電気・ガス・水道・熱供給業,16,0.0216,dsh-gyoshu-2024
doshisha,doshisha-economics,2024,分類不能,4,0.0054,dsh-gyoshu-2024
doshisha,doshisha-commerce,2024,農業,0,0.0,dsh-gyoshu-2024
doshisha,doshisha-commerce,2024,林業・狩猟業,0,0.0,dsh-gyoshu-2024
doshisha,doshisha-commerce,2024,漁業・水産養殖業,0,0.0,dsh-gyoshu-2024
doshisha,doshisha-commerce,2024,鉱業,0,0.0,dsh-gyoshu-2024
doshisha,doshisha-commerce,2024,建設・土木工事業,16,0.0218,dsh-gyoshu-2024
doshisha,doshisha-commerce,2024,繊維工業,3,0.0041,dsh-gyoshu-2024
doshisha,doshisha-commerce,2024,化学肥料・化学工業製品・塗料製造業,10,0.0136,dsh-gyoshu-2024
doshisha,doshisha-commerce,2024,石油製品・石炭製品製造業,1,0.0014,dsh-gyoshu-2024
doshisha,doshisha-commerce,2024,ゴム製品製造業,1,0.0014,dsh-gyoshu-2024
doshisha,doshisha-commerce,2024,窯業・土石製品製造業,6,0.0082,dsh-gyoshu-2024
doshisha,doshisha-commerce,2024,鉄鋼業,5,0.0068,dsh-gyoshu-2024
doshisha,doshisha-commerce,2024,非鉄金属製造業,6,0.0082,dsh-gyoshu-2024
doshisha,doshisha-commerce,2024,金属製品製造業,3,0.0041,dsh-gyoshu-2024
doshisha,doshisha-commerce,2024,一般機械器具製造業,12,0.0163,dsh-gyoshu-2024
doshisha,doshisha-commerce,2024,電気・情報通信機械器具製造業,42,0.0572,dsh-gyoshu-2024
doshisha,doshisha-commerce,2024,電子部品・デバイス製造業,12,0.0163,dsh-gyoshu-2024
doshisha,doshisha-commerce,2024,輸送用機械器具製造業,13,0.0177,dsh-gyoshu-2024
doshisha,doshisha-commerce,2024,精密機械器具製造業,5,0.0068,dsh-gyoshu-2024
doshisha,doshisha-commerce,2024,食料品・たばこ製造業,19,0.0259,dsh-gyoshu-2024
doshisha,doshisha-commerce,2024,衣服・その他の繊維製品製造業,10,0.0136,dsh-gyoshu-2024
doshisha,doshisha-commerce,2024,木材・木製品・家具製備品製造業,2,0.0027,dsh-gyoshu-2024
doshisha,doshisha-commerce,2024,パルプ・紙・紙加工品製造業,0,0.0,dsh-gyoshu-2024
doshisha,doshisha-commerce,2024,印刷・同関連産業,2,0.0027,dsh-gyoshu-2024
doshisha,doshisha-commerce,2024,化粧品・医薬品製造業,10,0.0136,dsh-gyoshu-2024
doshisha,doshisha-commerce,2024,その他の製造業,12,0.0163,dsh-gyoshu-2024
doshisha,doshisha-commerce,2024,各種商品卸売業,3,0.0041,dsh-gyoshu-2024
doshisha,doshisha-commerce,2024,食品卸売業,7,0.0095,dsh-gyoshu-2024
doshisha,doshisha-commerce,2024,繊維製品卸売業,8,0.0109,dsh-gyoshu-2024
doshisha,doshisha-commerce,2024,建築材料、鉱物・金属材料等卸売業,14,0.0191,dsh-gyoshu-2024
doshisha,doshisha-commerce,2024,機械器具製品卸売業,17,0.0232,dsh-gyoshu-2024
doshisha,doshisha-commerce,2024,その他の卸売業,4,0.0054,dsh-gyoshu-2024
doshisha,doshisha-commerce,2024,各種商品小売業,10,0.0136,dsh-gyoshu-2024
doshisha,doshisha-commerce,2024,織物・衣服・身の回り品の小売業,2,0.0027,dsh-gyoshu-2024
doshisha,doshisha-commerce,2024,飲食料品小売業,2,0.0027,dsh-gyoshu-2024
doshisha,doshisha-commerce,2024,自動車・自転車小売業,1,0.0014,dsh-gyoshu-2024
doshisha,doshisha-commerce,2024,その他の小売業,8,0.0109,dsh-gyoshu-2024
doshisha,doshisha-commerce,2024,銀行業,50,0.0681,dsh-gyoshu-2024
doshisha,doshisha-commerce,2024,信用金庫・信用組合・労働金庫業 等,7,0.0095,dsh-gyoshu-2024
doshisha,doshisha-commerce,2024,政府関係金融機関,4,0.0054,dsh-gyoshu-2024
doshisha,doshisha-commerce,2024,証券業,15,0.0204,dsh-gyoshu-2024
doshisha,doshisha-commerce,2024,商品取引業,0,0.0,dsh-gyoshu-2024
doshisha,doshisha-commerce,2024,保険業,43,0.0586,dsh-gyoshu-2024
doshisha,doshisha-commerce,2024,貸金業・クレジットカード業,9,0.0123,dsh-gyoshu-2024
doshisha,doshisha-commerce,2024,その他の金融業,6,0.0082,dsh-gyoshu-2024
doshisha,doshisha-commerce,2024,通信業,16,0.0218,dsh-gyoshu-2024
doshisha,doshisha-commerce,2024,放送業,4,0.0054,dsh-gyoshu-2024
doshisha,doshisha-commerce,2024,新聞・出版業,6,0.0082,dsh-gyoshu-2024
doshisha,doshisha-commerce,2024,映像・音声情報制作業,0,0.0,dsh-gyoshu-2024
doshisha,doshisha-commerce,2024,ソフトウェアサービス業,66,0.0899,dsh-gyoshu-2024
doshisha,doshisha-commerce,2024,インターネット付随サービス業,9,0.0123,dsh-gyoshu-2024
doshisha,doshisha-commerce,2024,その他情報通信業,8,0.0109,dsh-gyoshu-2024
doshisha,doshisha-commerce,2024,国公立学校教員・職員,1,0.0014,dsh-gyoshu-2024
doshisha,doshisha-commerce,2024,私立学校教員・職員,3,0.0041,dsh-gyoshu-2024
doshisha,doshisha-commerce,2024,各種学校・専修学校等,0,0.0,dsh-gyoshu-2024
doshisha,doshisha-commerce,2024,社会教育・学習塾等,2,0.0027,dsh-gyoshu-2024
doshisha,doshisha-commerce,2024,その他教育・学習支援業,1,0.0014,dsh-gyoshu-2024
doshisha,doshisha-commerce,2024,飲食店・旅館・宿泊業等,5,0.0068,dsh-gyoshu-2024
doshisha,doshisha-commerce,2024,広告業,12,0.0163,dsh-gyoshu-2024
doshisha,doshisha-commerce,2024,旅行・観光・娯楽業,6,0.0082,dsh-gyoshu-2024
doshisha,doshisha-commerce,2024,その他のサービス業,48,0.0654,dsh-gyoshu-2024
doshisha,doshisha-commerce,2024,郵便局・協同組合業,1,0.0014,dsh-gyoshu-2024
doshisha,doshisha-commerce,2024,法律事務所、司法書士事務所,3,0.0041,dsh-gyoshu-2024
doshisha,doshisha-commerce,2024,会計事務所、経営コンサルタント 等,51,0.0695,dsh-gyoshu-2024
doshisha,doshisha-commerce,2024,学術・開発研究機関,0,0.0,dsh-gyoshu-2024
doshisha,doshisha-commerce,2024,非営利的団体,2,0.0027,dsh-gyoshu-2024
doshisha,doshisha-commerce,2024,宗教,0,0.0,dsh-gyoshu-2024
doshisha,doshisha-commerce,2024,不動産業,25,0.0341,dsh-gyoshu-2024
doshisha,doshisha-commerce,2024,物品賃貸業,8,0.0109,dsh-gyoshu-2024
doshisha,doshisha-commerce,2024,医療・保健業,2,0.0027,dsh-gyoshu-2024
doshisha,doshisha-commerce,2024,社会保険・社会福祉・介護事業等,0,0.0,dsh-gyoshu-2024
doshisha,doshisha-commerce,2024,運輸業・郵便事業,23,0.0313,dsh-gyoshu-2024
doshisha,doshisha-commerce,2024,国家公務員,6,0.0082,dsh-gyoshu-2024
doshisha,doshisha-commerce,2024,地方公務員,13,0.0177,dsh-gyoshu-2024
doshisha,doshisha-commerce,2024,電気・ガス・水道・熱供給業,10,0.0136,dsh-gyoshu-2024
doshisha,doshisha-commerce,2024,分類不能,3,0.0041,dsh-gyoshu-2024
doshisha,doshisha-policy,2024,農業,1,0.0028,dsh-gyoshu-2024
doshisha,doshisha-policy,2024,林業・狩猟業,0,0.0,dsh-gyoshu-2024
doshisha,doshisha-policy,2024,漁業・水産養殖業,0,0.0,dsh-gyoshu-2024
doshisha,doshisha-policy,2024,鉱業,0,0.0,dsh-gyoshu-2024
doshisha,doshisha-policy,2024,建設・土木工事業,7,0.0194,dsh-gyoshu-2024
doshisha,doshisha-policy,2024,繊維工業,1,0.0028,dsh-gyoshu-2024
doshisha,doshisha-policy,2024,化学肥料・化学工業製品・塗料製造業,3,0.0083,dsh-gyoshu-2024
doshisha,doshisha-policy,2024,石油製品・石炭製品製造業,2,0.0055,dsh-gyoshu-2024
doshisha,doshisha-policy,2024,ゴム製品製造業,0,0.0,dsh-gyoshu-2024
doshisha,doshisha-policy,2024,窯業・土石製品製造業,5,0.0139,dsh-gyoshu-2024
doshisha,doshisha-policy,2024,鉄鋼業,3,0.0083,dsh-gyoshu-2024
doshisha,doshisha-policy,2024,非鉄金属製造業,3,0.0083,dsh-gyoshu-2024
doshisha,doshisha-policy,2024,金属製品製造業,1,0.0028,dsh-gyoshu-2024
doshisha,doshisha-policy,2024,一般機械器具製造業,17,0.0471,dsh-gyoshu-2024
doshisha,doshisha-policy,2024,電気・情報通信機械器具製造業,20,0.0554,dsh-gyoshu-2024
doshisha,doshisha-policy,2024,電子部品・デバイス製造業,7,0.0194,dsh-gyoshu-2024
doshisha,doshisha-policy,2024,輸送用機械器具製造業,7,0.0194,dsh-gyoshu-2024
doshisha,doshisha-policy,2024,精密機械器具製造業,3,0.0083,dsh-gyoshu-2024
doshisha,doshisha-policy,2024,食料品・たばこ製造業,12,0.0332,dsh-gyoshu-2024
doshisha,doshisha-policy,2024,衣服・その他の繊維製品製造業,3,0.0083,dsh-gyoshu-2024
doshisha,doshisha-policy,2024,木材・木製品・家具製備品製造業,0,0.0,dsh-gyoshu-2024
doshisha,doshisha-policy,2024,パルプ・紙・紙加工品製造業,1,0.0028,dsh-gyoshu-2024
doshisha,doshisha-policy,2024,印刷・同関連産業,2,0.0055,dsh-gyoshu-2024
doshisha,doshisha-policy,2024,化粧品・医薬品製造業,4,0.0111,dsh-gyoshu-2024
doshisha,doshisha-policy,2024,その他の製造業,2,0.0055,dsh-gyoshu-2024
doshisha,doshisha-policy,2024,各種商品卸売業,5,0.0139,dsh-gyoshu-2024
doshisha,doshisha-policy,2024,食品卸売業,1,0.0028,dsh-gyoshu-2024
doshisha,doshisha-policy,2024,繊維製品卸売業,0,0.0,dsh-gyoshu-2024
doshisha,doshisha-policy,2024,建築材料、鉱物・金属材料等卸売業,2,0.0055,dsh-gyoshu-2024
doshisha,doshisha-policy,2024,機械器具製品卸売業,12,0.0332,dsh-gyoshu-2024
doshisha,doshisha-policy,2024,その他の卸売業,0,0.0,dsh-gyoshu-2024
doshisha,doshisha-policy,2024,各種商品小売業,5,0.0139,dsh-gyoshu-2024
doshisha,doshisha-policy,2024,織物・衣服・身の回り品の小売業,1,0.0028,dsh-gyoshu-2024
doshisha,doshisha-policy,2024,飲食料品小売業,0,0.0,dsh-gyoshu-2024
doshisha,doshisha-policy,2024,自動車・自転車小売業,2,0.0055,dsh-gyoshu-2024
doshisha,doshisha-policy,2024,その他の小売業,9,0.0249,dsh-gyoshu-2024
doshisha,doshisha-policy,2024,銀行業,22,0.0609,dsh-gyoshu-2024
doshisha,doshisha-policy,2024,信用金庫・信用組合・労働金庫業 等,4,0.0111,dsh-gyoshu-2024
doshisha,doshisha-policy,2024,政府関係金融機関,2,0.0055,dsh-gyoshu-2024
doshisha,doshisha-policy,2024,証券業,7,0.0194,dsh-gyoshu-2024
doshisha,doshisha-policy,2024,商品取引業,0,0.0,dsh-gyoshu-2024
doshisha,doshisha-policy,2024,保険業,13,0.036,dsh-gyoshu-2024
doshisha,doshisha-policy,2024,貸金業・クレジットカード業,6,0.0166,dsh-gyoshu-2024
doshisha,doshisha-policy,2024,その他の金融業,2,0.0055,dsh-gyoshu-2024
doshisha,doshisha-policy,2024,通信業,9,0.0249,dsh-gyoshu-2024
doshisha,doshisha-policy,2024,放送業,4,0.0111,dsh-gyoshu-2024
doshisha,doshisha-policy,2024,新聞・出版業,3,0.0083,dsh-gyoshu-2024
doshisha,doshisha-policy,2024,映像・音声情報制作業,2,0.0055,dsh-gyoshu-2024
doshisha,doshisha-policy,2024,ソフトウェアサービス業,26,0.072,dsh-gyoshu-2024
doshisha,doshisha-policy,2024,インターネット付随サービス業,4,0.0111,dsh-gyoshu-2024
doshisha,doshisha-policy,2024,その他情報通信業,4,0.0111,dsh-gyoshu-2024
doshisha,doshisha-policy,2024,国公立学校教員・職員,0,0.0,dsh-gyoshu-2024
doshisha,doshisha-policy,2024,私立学校教員・職員,0,0.0,dsh-gyoshu-2024
doshisha,doshisha-policy,2024,各種学校・専修学校等,1,0.0028,dsh-gyoshu-2024
doshisha,doshisha-policy,2024,社会教育・学習塾等,2,0.0055,dsh-gyoshu-2024
doshisha,doshisha-policy,2024,その他教育・学習支援業,1,0.0028,dsh-gyoshu-2024
doshisha,doshisha-policy,2024,飲食店・旅館・宿泊業等,1,0.0028,dsh-gyoshu-2024
doshisha,doshisha-policy,2024,広告業,6,0.0166,dsh-gyoshu-2024
doshisha,doshisha-policy,2024,旅行・観光・娯楽業,3,0.0083,dsh-gyoshu-2024
doshisha,doshisha-policy,2024,その他のサービス業,18,0.0499,dsh-gyoshu-2024
doshisha,doshisha-policy,2024,郵便局・協同組合業,0,0.0,dsh-gyoshu-2024
doshisha,doshisha-policy,2024,法律事務所、司法書士事務所,0,0.0,dsh-gyoshu-2024
doshisha,doshisha-policy,2024,会計事務所、経営コンサルタント 等,12,0.0332,dsh-gyoshu-2024
doshisha,doshisha-policy,2024,学術・開発研究機関,0,0.0,dsh-gyoshu-2024
doshisha,doshisha-policy,2024,非営利的団体,2,0.0055,dsh-gyoshu-2024
doshisha,doshisha-policy,2024,宗教,0,0.0,dsh-gyoshu-2024
doshisha,doshisha-policy,2024,不動産業,13,0.036,dsh-gyoshu-2024
doshisha,doshisha-policy,2024,物品賃貸業,4,0.0111,dsh-gyoshu-2024
doshisha,doshisha-policy,2024,医療・保健業,0,0.0,dsh-gyoshu-2024
doshisha,doshisha-policy,2024,社会保険・社会福祉・介護事業等,1,0.0028,dsh-gyoshu-2024
doshisha,doshisha-policy,2024,運輸業・郵便事業,15,0.0416,dsh-gyoshu-2024
doshisha,doshisha-policy,2024,国家公務員,10,0.0277,dsh-gyoshu-2024
doshisha,doshisha-policy,2024,地方公務員,16,0.0443,dsh-gyoshu-2024
doshisha,doshisha-policy,2024,電気・ガス・水道・熱供給業,6,0.0166,dsh-gyoshu-2024
doshisha,doshisha-policy,2024,分類不能,1,0.0028,dsh-gyoshu-2024
doshisha,doshisha-culture-info,2024,農業,0,0.0,dsh-gyoshu-2024
doshisha,doshisha-culture-info,2024,林業・狩猟業,0,0.0,dsh-gyoshu-2024
doshisha,doshisha-culture-info,2024,漁業・水産養殖業,0,0.0,dsh-gyoshu-2024
doshisha,doshisha-culture-info,2024,鉱業,0,0.0,dsh-gyoshu-2024
doshisha,doshisha-culture-info,2024,建設・土木工事業,4,0.0175,dsh-gyoshu-2024
doshisha,doshisha-culture-info,2024,繊維工業,0,0.0,dsh-gyoshu-2024
doshisha,doshisha-culture-info,2024,化学肥料・化学工業製品・塗料製造業,3,0.0131,dsh-gyoshu-2024
doshisha,doshisha-culture-info,2024,石油製品・石炭製品製造業,0,0.0,dsh-gyoshu-2024
doshisha,doshisha-culture-info,2024,ゴム製品製造業,0,0.0,dsh-gyoshu-2024
doshisha,doshisha-culture-info,2024,窯業・土石製品製造業,2,0.0087,dsh-gyoshu-2024
doshisha,doshisha-culture-info,2024,鉄鋼業,0,0.0,dsh-gyoshu-2024
doshisha,doshisha-culture-info,2024,非鉄金属製造業,0,0.0,dsh-gyoshu-2024
doshisha,doshisha-culture-info,2024,金属製品製造業,1,0.0044,dsh-gyoshu-2024
doshisha,doshisha-culture-info,2024,一般機械器具製造業,6,0.0262,dsh-gyoshu-2024
doshisha,doshisha-culture-info,2024,電気・情報通信機械器具製造業,15,0.0655,dsh-gyoshu-2024
doshisha,doshisha-culture-info,2024,電子部品・デバイス製造業,1,0.0044,dsh-gyoshu-2024
doshisha,doshisha-culture-info,2024,輸送用機械器具製造業,3,0.0131,dsh-gyoshu-2024
doshisha,doshisha-culture-info,2024,精密機械器具製造業,2,0.0087,dsh-gyoshu-2024
doshisha,doshisha-culture-info,2024,食料品・たばこ製造業,5,0.0218,dsh-gyoshu-2024
doshisha,doshisha-culture-info,2024,衣服・その他の繊維製品製造業,1,0.0044,dsh-gyoshu-2024
doshisha,doshisha-culture-info,2024,木材・木製品・家具製備品製造業,0,0.0,dsh-gyoshu-2024
doshisha,doshisha-culture-info,2024,パルプ・紙・紙加工品製造業,0,0.0,dsh-gyoshu-2024
doshisha,doshisha-culture-info,2024,印刷・同関連産業,2,0.0087,dsh-gyoshu-2024
doshisha,doshisha-culture-info,2024,化粧品・医薬品製造業,1,0.0044,dsh-gyoshu-2024
doshisha,doshisha-culture-info,2024,その他の製造業,7,0.0306,dsh-gyoshu-2024
doshisha,doshisha-culture-info,2024,各種商品卸売業,2,0.0087,dsh-gyoshu-2024
doshisha,doshisha-culture-info,2024,食品卸売業,0,0.0,dsh-gyoshu-2024
doshisha,doshisha-culture-info,2024,繊維製品卸売業,0,0.0,dsh-gyoshu-2024
doshisha,doshisha-culture-info,2024,建築材料、鉱物・金属材料等卸売業,4,0.0175,dsh-gyoshu-2024
doshisha,doshisha-culture-info,2024,機械器具製品卸売業,9,0.0393,dsh-gyoshu-2024
doshisha,doshisha-culture-info,2024,その他の卸売業,1,0.0044,dsh-gyoshu-2024
doshisha,doshisha-culture-info,2024,各種商品小売業,2,0.0087,dsh-gyoshu-2024
doshisha,doshisha-culture-info,2024,織物・衣服・身の回り品の小売業,1,0.0044,dsh-gyoshu-2024
doshisha,doshisha-culture-info,2024,飲食料品小売業,2,0.0087,dsh-gyoshu-2024
doshisha,doshisha-culture-info,2024,自動車・自転車小売業,1,0.0044,dsh-gyoshu-2024
doshisha,doshisha-culture-info,2024,その他の小売業,2,0.0087,dsh-gyoshu-2024
doshisha,doshisha-culture-info,2024,銀行業,14,0.0611,dsh-gyoshu-2024
doshisha,doshisha-culture-info,2024,信用金庫・信用組合・労働金庫業 等,3,0.0131,dsh-gyoshu-2024
doshisha,doshisha-culture-info,2024,政府関係金融機関,1,0.0044,dsh-gyoshu-2024
doshisha,doshisha-culture-info,2024,証券業,3,0.0131,dsh-gyoshu-2024
doshisha,doshisha-culture-info,2024,商品取引業,0,0.0,dsh-gyoshu-2024
doshisha,doshisha-culture-info,2024,保険業,6,0.0262,dsh-gyoshu-2024
doshisha,doshisha-culture-info,2024,貸金業・クレジットカード業,3,0.0131,dsh-gyoshu-2024
doshisha,doshisha-culture-info,2024,その他の金融業,1,0.0044,dsh-gyoshu-2024
doshisha,doshisha-culture-info,2024,通信業,8,0.0349,dsh-gyoshu-2024
doshisha,doshisha-culture-info,2024,放送業,2,0.0087,dsh-gyoshu-2024
doshisha,doshisha-culture-info,2024,新聞・出版業,3,0.0131,dsh-gyoshu-2024
doshisha,doshisha-culture-info,2024,映像・音声情報制作業,1,0.0044,dsh-gyoshu-2024
doshisha,doshisha-culture-info,2024,ソフトウェアサービス業,33,0.1441,dsh-gyoshu-2024
doshisha,doshisha-culture-info,2024,インターネット付随サービス業,4,0.0175,dsh-gyoshu-2024
doshisha,doshisha-culture-info,2024,その他情報通信業,5,0.0218,dsh-gyoshu-2024
doshisha,doshisha-culture-info,2024,国公立学校教員・職員,3,0.0131,dsh-gyoshu-2024
doshisha,doshisha-culture-info,2024,私立学校教員・職員,0,0.0,dsh-gyoshu-2024
doshisha,doshisha-culture-info,2024,各種学校・専修学校等,1,0.0044,dsh-gyoshu-2024
doshisha,doshisha-culture-info,2024,社会教育・学習塾等,0,0.0,dsh-gyoshu-2024
doshisha,doshisha-culture-info,2024,その他教育・学習支援業,0,0.0,dsh-gyoshu-2024
doshisha,doshisha-culture-info,2024,飲食店・旅館・宿泊業等,1,0.0044,dsh-gyoshu-2024
doshisha,doshisha-culture-info,2024,広告業,6,0.0262,dsh-gyoshu-2024
doshisha,doshisha-culture-info,2024,旅行・観光・娯楽業,3,0.0131,dsh-gyoshu-2024
doshisha,doshisha-culture-info,2024,その他のサービス業,15,0.0655,dsh-gyoshu-2024
doshisha,doshisha-culture-info,2024,郵便局・協同組合業,0,0.0,dsh-gyoshu-2024
doshisha,doshisha-culture-info,2024,法律事務所、司法書士事務所,0,0.0,dsh-gyoshu-2024
doshisha,doshisha-culture-info,2024,会計事務所、経営コンサルタント 等,7,0.0306,dsh-gyoshu-2024
doshisha,doshisha-culture-info,2024,学術・開発研究機関,0,0.0,dsh-gyoshu-2024
doshisha,doshisha-culture-info,2024,非営利的団体,0,0.0,dsh-gyoshu-2024
doshisha,doshisha-culture-info,2024,宗教,0,0.0,dsh-gyoshu-2024
doshisha,doshisha-culture-info,2024,不動産業,5,0.0218,dsh-gyoshu-2024
doshisha,doshisha-culture-info,2024,物品賃貸業,0,0.0,dsh-gyoshu-2024
doshisha,doshisha-culture-info,2024,医療・保健業,1,0.0044,dsh-gyoshu-2024
doshisha,doshisha-culture-info,2024,社会保険・社会福祉・介護事業等,0,0.0,dsh-gyoshu-2024
doshisha,doshisha-culture-info,2024,運輸業・郵便事業,5,0.0218,dsh-gyoshu-2024
doshisha,doshisha-culture-info,2024,国家公務員,2,0.0087,dsh-gyoshu-2024
doshisha,doshisha-culture-info,2024,地方公務員,9,0.0393,dsh-gyoshu-2024
doshisha,doshisha-culture-info,2024,電気・ガス・水道・熱供給業,3,0.0131,dsh-gyoshu-2024
doshisha,doshisha-culture-info,2024,分類不能,4,0.0175,dsh-gyoshu-2024
doshisha,doshisha-sports-health,2024,農業,0,0.0,dsh-gyoshu-2024
doshisha,doshisha-sports-health,2024,林業・狩猟業,0,0.0,dsh-gyoshu-2024
doshisha,doshisha-sports-health,2024,漁業・水産養殖業,0,0.0,dsh-gyoshu-2024
doshisha,doshisha-sports-health,2024,鉱業,0,0.0,dsh-gyoshu-2024
doshisha,doshisha-sports-health,2024,建設・土木工事業,10,0.0559,dsh-gyoshu-2024
doshisha,doshisha-sports-health,2024,繊維工業,2,0.0112,dsh-gyoshu-2024
doshisha,doshisha-sports-health,2024,化学肥料・化学工業製品・塗料製造業,2,0.0112,dsh-gyoshu-2024
doshisha,doshisha-sports-health,2024,石油製品・石炭製品製造業,0,0.0,dsh-gyoshu-2024
doshisha,doshisha-sports-health,2024,ゴム製品製造業,2,0.0112,dsh-gyoshu-2024
doshisha,doshisha-sports-health,2024,窯業・土石製品製造業,2,0.0112,dsh-gyoshu-2024
doshisha,doshisha-sports-health,2024,鉄鋼業,0,0.0,dsh-gyoshu-2024
doshisha,doshisha-sports-health,2024,非鉄金属製造業,0,0.0,dsh-gyoshu-2024
doshisha,doshisha-sports-health,2024,金属製品製造業,0,0.0,dsh-gyoshu-2024
doshisha,doshisha-sports-health,2024,一般機械器具製造業,5,0.0279,dsh-gyoshu-2024
doshisha,doshisha-sports-health,2024,電気・情報通信機械器具製造業,3,0.0168,dsh-gyoshu-2024
doshisha,doshisha-sports-health,2024,電子部品・デバイス製造業,3,0.0168,dsh-gyoshu-2024
doshisha,doshisha-sports-health,2024,輸送用機械器具製造業,3,0.0168,dsh-gyoshu-2024
doshisha,doshisha-sports-health,2024,精密機械器具製造業,3,0.0168,dsh-gyoshu-2024
doshisha,doshisha-sports-health,2024,食料品・たばこ製造業,12,0.067,dsh-gyoshu-2024
doshisha,doshisha-sports-health,2024,衣服・その他の繊維製品製造業,1,0.0056,dsh-gyoshu-2024
doshisha,doshisha-sports-health,2024,木材・木製品・家具製備品製造業,0,0.0,dsh-gyoshu-2024
doshisha,doshisha-sports-health,2024,パルプ・紙・紙加工品製造業,0,0.0,dsh-gyoshu-2024
doshisha,doshisha-sports-health,2024,印刷・同関連産業,0,0.0,dsh-gyoshu-2024
doshisha,doshisha-sports-health,2024,化粧品・医薬品製造業,5,0.0279,dsh-gyoshu-2024
doshisha,doshisha-sports-health,2024,その他の製造業,9,0.0503,dsh-gyoshu-2024
doshisha,doshisha-sports-health,2024,各種商品卸売業,2,0.0112,dsh-gyoshu-2024
doshisha,doshisha-sports-health,2024,食品卸売業,1,0.0056,dsh-gyoshu-2024
doshisha,doshisha-sports-health,2024,繊維製品卸売業,1,0.0056,dsh-gyoshu-2024
doshisha,doshisha-sports-health,2024,建築材料、鉱物・金属材料等卸売業,2,0.0112,dsh-gyoshu-2024
doshisha,doshisha-sports-health,2024,機械器具製品卸売業,7,0.0391,dsh-gyoshu-2024
doshisha,doshisha-sports-health,2024,その他の卸売業,6,0.0335,dsh-gyoshu-2024
doshisha,doshisha-sports-health,2024,各種商品小売業,4,0.0223,dsh-gyoshu-2024
doshisha,doshisha-sports-health,2024,織物・衣服・身の回り品の小売業,2,0.0112,dsh-gyoshu-2024
doshisha,doshisha-sports-health,2024,飲食料品小売業,0,0.0,dsh-gyoshu-2024
doshisha,doshisha-sports-health,2024,自動車・自転車小売業,1,0.0056,dsh-gyoshu-2024
doshisha,doshisha-sports-health,2024,その他の小売業,5,0.0279,dsh-gyoshu-2024
doshisha,doshisha-sports-health,2024,銀行業,9,0.0503,dsh-gyoshu-2024
doshisha,doshisha-sports-health,2024,信用金庫・信用組合・労働金庫業 等,1,0.0056,dsh-gyoshu-2024
doshisha,doshisha-sports-health,2024,政府関係金融機関,1,0.0056,dsh-gyoshu-2024
doshisha,doshisha-sports-health,2024,証券業,2,0.0112,dsh-gyoshu-2024
doshisha,doshisha-sports-health,2024,商品取引業,0,0.0,dsh-gyoshu-2024
doshisha,doshisha-sports-health,2024,保険業,6,0.0335,dsh-gyoshu-2024
doshisha,doshisha-sports-health,2024,貸金業・クレジットカード業,3,0.0168,dsh-gyoshu-2024
doshisha,doshisha-sports-health,2024,その他の金融業,0,0.0,dsh-gyoshu-2024
doshisha,doshisha-sports-health,2024,通信業,3,0.0168,dsh-gyoshu-2024
doshisha,doshisha-sports-health,2024,放送業,3,0.0168,dsh-gyoshu-2024
doshisha,doshisha-sports-health,2024,新聞・出版業,0,0.0,dsh-gyoshu-2024
doshisha,doshisha-sports-health,2024,映像・音声情報制作業,0,0.0,dsh-gyoshu-2024
doshisha,doshisha-sports-health,2024,ソフトウェアサービス業,4,0.0223,dsh-gyoshu-2024
doshisha,doshisha-sports-health,2024,インターネット付随サービス業,2,0.0112,dsh-gyoshu-2024
doshisha,doshisha-sports-health,2024,その他情報通信業,5,0.0279,dsh-gyoshu-2024
doshisha,doshisha-sports-health,2024,国公立学校教員・職員,0,0.0,dsh-gyoshu-2024
doshisha,doshisha-sports-health,2024,私立学校教員・職員,0,0.0,dsh-gyoshu-2024
doshisha,doshisha-sports-health,2024,各種学校・専修学校等,0,0.0,dsh-gyoshu-2024
doshisha,doshisha-sports-health,2024,社会教育・学習塾等,0,0.0,dsh-gyoshu-2024
doshisha,doshisha-sports-health,2024,その他教育・学習支援業,0,0.0,dsh-gyoshu-2024
doshisha,doshisha-sports-health,2024,飲食店・旅館・宿泊業等,0,0.0,dsh-gyoshu-2024
doshisha,doshisha-sports-health,2024,広告業,1,0.0056,dsh-gyoshu-2024
doshisha,doshisha-sports-health,2024,旅行・観光・娯楽業,2,0.0112,dsh-gyoshu-2024
doshisha,doshisha-sports-health,2024,その他のサービス業,12,0.067,dsh-gyoshu-2024
doshisha,doshisha-sports-health,2024,郵便局・協同組合業,0,0.0,dsh-gyoshu-2024
doshisha,doshisha-sports-health,2024,法律事務所、司法書士事務所,0,0.0,dsh-gyoshu-2024
doshisha,doshisha-sports-health,2024,会計事務所、経営コンサルタント 等,6,0.0335,dsh-gyoshu-2024
doshisha,doshisha-sports-health,2024,学術・開発研究機関,0,0.0,dsh-gyoshu-2024
doshisha,doshisha-sports-health,2024,非営利的団体,1,0.0056,dsh-gyoshu-2024
doshisha,doshisha-sports-health,2024,宗教,0,0.0,dsh-gyoshu-2024
doshisha,doshisha-sports-health,2024,不動産業,9,0.0503,dsh-gyoshu-2024
doshisha,doshisha-sports-health,2024,物品賃貸業,0,0.0,dsh-gyoshu-2024
doshisha,doshisha-sports-health,2024,医療・保健業,1,0.0056,dsh-gyoshu-2024
doshisha,doshisha-sports-health,2024,社会保険・社会福祉・介護事業等,1,0.0056,dsh-gyoshu-2024
doshisha,doshisha-sports-health,2024,運輸業・郵便事業,5,0.0279,dsh-gyoshu-2024
doshisha,doshisha-sports-health,2024,国家公務員,0,0.0,dsh-gyoshu-2024
doshisha,doshisha-sports-health,2024,地方公務員,5,0.0279,dsh-gyoshu-2024
doshisha,doshisha-sports-health,2024,電気・ガス・水道・熱供給業,4,0.0223,dsh-gyoshu-2024
doshisha,doshisha-sports-health,2024,分類不能,0,0.0,dsh-gyoshu-2024
doshisha,doshisha-psychology,2024,農業,0,0.0,dsh-gyoshu-2024
doshisha,doshisha-psychology,2024,林業・狩猟業,0,0.0,dsh-gyoshu-2024
doshisha,doshisha-psychology,2024,漁業・水産養殖業,0,0.0,dsh-gyoshu-2024
doshisha,doshisha-psychology,2024,鉱業,0,0.0,dsh-gyoshu-2024
doshisha,doshisha-psychology,2024,建設・土木工事業,3,0.0283,dsh-gyoshu-2024
doshisha,doshisha-psychology,2024,繊維工業,2,0.0189,dsh-gyoshu-2024
doshisha,doshisha-psychology,2024,化学肥料・化学工業製品・塗料製造業,1,0.0094,dsh-gyoshu-2024
doshisha,doshisha-psychology,2024,石油製品・石炭製品製造業,0,0.0,dsh-gyoshu-2024
doshisha,doshisha-psychology,2024,ゴム製品製造業,0,0.0,dsh-gyoshu-2024
doshisha,doshisha-psychology,2024,窯業・土石製品製造業,0,0.0,dsh-gyoshu-2024
doshisha,doshisha-psychology,2024,鉄鋼業,0,0.0,dsh-gyoshu-2024
doshisha,doshisha-psychology,2024,非鉄金属製造業,2,0.0189,dsh-gyoshu-2024
doshisha,doshisha-psychology,2024,金属製品製造業,1,0.0094,dsh-gyoshu-2024
doshisha,doshisha-psychology,2024,一般機械器具製造業,5,0.0472,dsh-gyoshu-2024
doshisha,doshisha-psychology,2024,電気・情報通信機械器具製造業,3,0.0283,dsh-gyoshu-2024
doshisha,doshisha-psychology,2024,電子部品・デバイス製造業,2,0.0189,dsh-gyoshu-2024
doshisha,doshisha-psychology,2024,輸送用機械器具製造業,0,0.0,dsh-gyoshu-2024
doshisha,doshisha-psychology,2024,精密機械器具製造業,2,0.0189,dsh-gyoshu-2024
doshisha,doshisha-psychology,2024,食料品・たばこ製造業,3,0.0283,dsh-gyoshu-2024
doshisha,doshisha-psychology,2024,衣服・その他の繊維製品製造業,0,0.0,dsh-gyoshu-2024
doshisha,doshisha-psychology,2024,木材・木製品・家具製備品製造業,0,0.0,dsh-gyoshu-2024
doshisha,doshisha-psychology,2024,パルプ・紙・紙加工品製造業,0,0.0,dsh-gyoshu-2024
doshisha,doshisha-psychology,2024,印刷・同関連産業,1,0.0094,dsh-gyoshu-2024
doshisha,doshisha-psychology,2024,化粧品・医薬品製造業,3,0.0283,dsh-gyoshu-2024
doshisha,doshisha-psychology,2024,その他の製造業,0,0.0,dsh-gyoshu-2024
doshisha,doshisha-psychology,2024,各種商品卸売業,1,0.0094,dsh-gyoshu-2024
doshisha,doshisha-psychology,2024,食品卸売業,3,0.0283,dsh-gyoshu-2024
doshisha,doshisha-psychology,2024,繊維製品卸売業,0,0.0,dsh-gyoshu-2024
doshisha,doshisha-psychology,2024,建築材料、鉱物・金属材料等卸売業,0,0.0,dsh-gyoshu-2024
doshisha,doshisha-psychology,2024,機械器具製品卸売業,1,0.0094,dsh-gyoshu-2024
doshisha,doshisha-psychology,2024,その他の卸売業,0,0.0,dsh-gyoshu-2024
doshisha,doshisha-psychology,2024,各種商品小売業,3,0.0283,dsh-gyoshu-2024
doshisha,doshisha-psychology,2024,織物・衣服・身の回り品の小売業,0,0.0,dsh-gyoshu-2024
doshisha,doshisha-psychology,2024,飲食料品小売業,0,0.0,dsh-gyoshu-2024
doshisha,doshisha-psychology,2024,自動車・自転車小売業,0,0.0,dsh-gyoshu-2024
doshisha,doshisha-psychology,2024,その他の小売業,5,0.0472,dsh-gyoshu-2024
doshisha,doshisha-psychology,2024,銀行業,2,0.0189,dsh-gyoshu-2024
doshisha,doshisha-psychology,2024,信用金庫・信用組合・労働金庫業 等,1,0.0094,dsh-gyoshu-2024
doshisha,doshisha-psychology,2024,政府関係金融機関,0,0.0,dsh-gyoshu-2024
doshisha,doshisha-psychology,2024,証券業,1,0.0094,dsh-gyoshu-2024
doshisha,doshisha-psychology,2024,商品取引業,0,0.0,dsh-gyoshu-2024
doshisha,doshisha-psychology,2024,保険業,6,0.0566,dsh-gyoshu-2024
doshisha,doshisha-psychology,2024,貸金業・クレジットカード業,0,0.0,dsh-gyoshu-2024
doshisha,doshisha-psychology,2024,その他の金融業,0,0.0,dsh-gyoshu-2024
doshisha,doshisha-psychology,2024,通信業,1,0.0094,dsh-gyoshu-2024
doshisha,doshisha-psychology,2024,放送業,1,0.0094,dsh-gyoshu-2024
doshisha,doshisha-psychology,2024,新聞・出版業,1,0.0094,dsh-gyoshu-2024
doshisha,doshisha-psychology,2024,映像・音声情報制作業,0,0.0,dsh-gyoshu-2024
doshisha,doshisha-psychology,2024,ソフトウェアサービス業,9,0.0849,dsh-gyoshu-2024
doshisha,doshisha-psychology,2024,インターネット付随サービス業,1,0.0094,dsh-gyoshu-2024
doshisha,doshisha-psychology,2024,その他情報通信業,1,0.0094,dsh-gyoshu-2024
doshisha,doshisha-psychology,2024,国公立学校教員・職員,1,0.0094,dsh-gyoshu-2024
doshisha,doshisha-psychology,2024,私立学校教員・職員,0,0.0,dsh-gyoshu-2024
doshisha,doshisha-psychology,2024,各種学校・専修学校等,0,0.0,dsh-gyoshu-2024
doshisha,doshisha-psychology,2024,社会教育・学習塾等,0,0.0,dsh-gyoshu-2024
doshisha,doshisha-psychology,2024,その他教育・学習支援業,1,0.0094,dsh-gyoshu-2024
doshisha,doshisha-psychology,2024,飲食店・旅館・宿泊業等,2,0.0189,dsh-gyoshu-2024
doshisha,doshisha-psychology,2024,広告業,1,0.0094,dsh-gyoshu-2024
doshisha,doshisha-psychology,2024,旅行・観光・娯楽業,0,0.0,dsh-gyoshu-2024
doshisha,doshisha-psychology,2024,その他のサービス業,11,0.1038,dsh-gyoshu-2024
doshisha,doshisha-psychology,2024,郵便局・協同組合業,0,0.0,dsh-gyoshu-2024
doshisha,doshisha-psychology,2024,法律事務所、司法書士事務所,0,0.0,dsh-gyoshu-2024
doshisha,doshisha-psychology,2024,会計事務所、経営コンサルタント 等,2,0.0189,dsh-gyoshu-2024
doshisha,doshisha-psychology,2024,学術・開発研究機関,0,0.0,dsh-gyoshu-2024
doshisha,doshisha-psychology,2024,非営利的団体,0,0.0,dsh-gyoshu-2024
doshisha,doshisha-psychology,2024,宗教,0,0.0,dsh-gyoshu-2024
doshisha,doshisha-psychology,2024,不動産業,7,0.066,dsh-gyoshu-2024
doshisha,doshisha-psychology,2024,物品賃貸業,0,0.0,dsh-gyoshu-2024
doshisha,doshisha-psychology,2024,医療・保健業,1,0.0094,dsh-gyoshu-2024
doshisha,doshisha-psychology,2024,社会保険・社会福祉・介護事業等,1,0.0094,dsh-gyoshu-2024
doshisha,doshisha-psychology,2024,運輸業・郵便事業,3,0.0283,dsh-gyoshu-2024
doshisha,doshisha-psychology,2024,国家公務員,3,0.0283,dsh-gyoshu-2024
doshisha,doshisha-psychology,2024,地方公務員,4,0.0377,dsh-gyoshu-2024
doshisha,doshisha-psychology,2024,電気・ガス・水道・熱供給業,3,0.0283,dsh-gyoshu-2024
doshisha,doshisha-psychology,2024,分類不能,1,0.0094,dsh-gyoshu-2024
doshisha,doshisha-global-comm,2024,農業,0,0.0,dsh-gyoshu-2024
doshisha,doshisha-global-comm,2024,林業・狩猟業,0,0.0,dsh-gyoshu-2024
doshisha,doshisha-global-comm,2024,漁業・水産養殖業,0,0.0,dsh-gyoshu-2024
doshisha,doshisha-global-comm,2024,鉱業,0,0.0,dsh-gyoshu-2024
doshisha,doshisha-global-comm,2024,建設・土木工事業,2,0.0147,dsh-gyoshu-2024
doshisha,doshisha-global-comm,2024,繊維工業,0,0.0,dsh-gyoshu-2024
doshisha,doshisha-global-comm,2024,化学肥料・化学工業製品・塗料製造業,5,0.0368,dsh-gyoshu-2024
doshisha,doshisha-global-comm,2024,石油製品・石炭製品製造業,0,0.0,dsh-gyoshu-2024
doshisha,doshisha-global-comm,2024,ゴム製品製造業,3,0.0221,dsh-gyoshu-2024
doshisha,doshisha-global-comm,2024,窯業・土石製品製造業,1,0.0074,dsh-gyoshu-2024
doshisha,doshisha-global-comm,2024,鉄鋼業,0,0.0,dsh-gyoshu-2024
doshisha,doshisha-global-comm,2024,非鉄金属製造業,1,0.0074,dsh-gyoshu-2024
doshisha,doshisha-global-comm,2024,金属製品製造業,1,0.0074,dsh-gyoshu-2024
doshisha,doshisha-global-comm,2024,一般機械器具製造業,4,0.0294,dsh-gyoshu-2024
doshisha,doshisha-global-comm,2024,電気・情報通信機械器具製造業,6,0.0441,dsh-gyoshu-2024
doshisha,doshisha-global-comm,2024,電子部品・デバイス製造業,2,0.0147,dsh-gyoshu-2024
doshisha,doshisha-global-comm,2024,輸送用機械器具製造業,7,0.0515,dsh-gyoshu-2024
doshisha,doshisha-global-comm,2024,精密機械器具製造業,2,0.0147,dsh-gyoshu-2024
doshisha,doshisha-global-comm,2024,食料品・たばこ製造業,3,0.0221,dsh-gyoshu-2024
doshisha,doshisha-global-comm,2024,衣服・その他の繊維製品製造業,1,0.0074,dsh-gyoshu-2024
doshisha,doshisha-global-comm,2024,木材・木製品・家具製備品製造業,0,0.0,dsh-gyoshu-2024
doshisha,doshisha-global-comm,2024,パルプ・紙・紙加工品製造業,1,0.0074,dsh-gyoshu-2024
doshisha,doshisha-global-comm,2024,印刷・同関連産業,0,0.0,dsh-gyoshu-2024
doshisha,doshisha-global-comm,2024,化粧品・医薬品製造業,2,0.0147,dsh-gyoshu-2024
doshisha,doshisha-global-comm,2024,その他の製造業,2,0.0147,dsh-gyoshu-2024
doshisha,doshisha-global-comm,2024,各種商品卸売業,1,0.0074,dsh-gyoshu-2024
doshisha,doshisha-global-comm,2024,食品卸売業,0,0.0,dsh-gyoshu-2024
doshisha,doshisha-global-comm,2024,繊維製品卸売業,2,0.0147,dsh-gyoshu-2024
doshisha,doshisha-global-comm,2024,建築材料、鉱物・金属材料等卸売業,4,0.0294,dsh-gyoshu-2024
doshisha,doshisha-global-comm,2024,機械器具製品卸売業,6,0.0441,dsh-gyoshu-2024
doshisha,doshisha-global-comm,2024,その他の卸売業,2,0.0147,dsh-gyoshu-2024
doshisha,doshisha-global-comm,2024,各種商品小売業,3,0.0221,dsh-gyoshu-2024
doshisha,doshisha-global-comm,2024,織物・衣服・身の回り品の小売業,2,0.0147,dsh-gyoshu-2024
doshisha,doshisha-global-comm,2024,飲食料品小売業,0,0.0,dsh-gyoshu-2024
doshisha,doshisha-global-comm,2024,自動車・自転車小売業,0,0.0,dsh-gyoshu-2024
doshisha,doshisha-global-comm,2024,その他の小売業,6,0.0441,dsh-gyoshu-2024
doshisha,doshisha-global-comm,2024,銀行業,3,0.0221,dsh-gyoshu-2024
doshisha,doshisha-global-comm,2024,信用金庫・信用組合・労働金庫業 等,0,0.0,dsh-gyoshu-2024
doshisha,doshisha-global-comm,2024,政府関係金融機関,0,0.0,dsh-gyoshu-2024
doshisha,doshisha-global-comm,2024,証券業,1,0.0074,dsh-gyoshu-2024
doshisha,doshisha-global-comm,2024,商品取引業,0,0.0,dsh-gyoshu-2024
doshisha,doshisha-global-comm,2024,保険業,2,0.0147,dsh-gyoshu-2024
doshisha,doshisha-global-comm,2024,貸金業・クレジットカード業,3,0.0221,dsh-gyoshu-2024
doshisha,doshisha-global-comm,2024,その他の金融業,0,0.0,dsh-gyoshu-2024
doshisha,doshisha-global-comm,2024,通信業,0,0.0,dsh-gyoshu-2024
doshisha,doshisha-global-comm,2024,放送業,2,0.0147,dsh-gyoshu-2024
doshisha,doshisha-global-comm,2024,新聞・出版業,0,0.0,dsh-gyoshu-2024
doshisha,doshisha-global-comm,2024,映像・音声情報制作業,0,0.0,dsh-gyoshu-2024
doshisha,doshisha-global-comm,2024,ソフトウェアサービス業,6,0.0441,dsh-gyoshu-2024
doshisha,doshisha-global-comm,2024,インターネット付随サービス業,2,0.0147,dsh-gyoshu-2024
doshisha,doshisha-global-comm,2024,その他情報通信業,0,0.0,dsh-gyoshu-2024
doshisha,doshisha-global-comm,2024,国公立学校教員・職員,0,0.0,dsh-gyoshu-2024
doshisha,doshisha-global-comm,2024,私立学校教員・職員,0,0.0,dsh-gyoshu-2024
doshisha,doshisha-global-comm,2024,各種学校・専修学校等,0,0.0,dsh-gyoshu-2024
doshisha,doshisha-global-comm,2024,社会教育・学習塾等,1,0.0074,dsh-gyoshu-2024
doshisha,doshisha-global-comm,2024,その他教育・学習支援業,0,0.0,dsh-gyoshu-2024
doshisha,doshisha-global-comm,2024,飲食店・旅館・宿泊業等,0,0.0,dsh-gyoshu-2024
doshisha,doshisha-global-comm,2024,広告業,2,0.0147,dsh-gyoshu-2024
doshisha,doshisha-global-comm,2024,旅行・観光・娯楽業,3,0.0221,dsh-gyoshu-2024
doshisha,doshisha-global-comm,2024,その他のサービス業,11,0.0809,dsh-gyoshu-2024
doshisha,doshisha-global-comm,2024,郵便局・協同組合業,0,0.0,dsh-gyoshu-2024
doshisha,doshisha-global-comm,2024,法律事務所、司法書士事務所,0,0.0,dsh-gyoshu-2024
doshisha,doshisha-global-comm,2024,会計事務所、経営コンサルタント 等,2,0.0147,dsh-gyoshu-2024
doshisha,doshisha-global-comm,2024,学術・開発研究機関,0,0.0,dsh-gyoshu-2024
doshisha,doshisha-global-comm,2024,非営利的団体,1,0.0074,dsh-gyoshu-2024
doshisha,doshisha-global-comm,2024,宗教,0,0.0,dsh-gyoshu-2024
doshisha,doshisha-global-comm,2024,不動産業,4,0.0294,dsh-gyoshu-2024
doshisha,doshisha-global-comm,2024,物品賃貸業,0,0.0,dsh-gyoshu-2024
doshisha,doshisha-global-comm,2024,医療・保健業,0,0.0,dsh-gyoshu-2024
doshisha,doshisha-global-comm,2024,社会保険・社会福祉・介護事業等,1,0.0074,dsh-gyoshu-2024
doshisha,doshisha-global-comm,2024,運輸業・郵便事業,18,0.1324,dsh-gyoshu-2024
doshisha,doshisha-global-comm,2024,国家公務員,2,0.0147,dsh-gyoshu-2024
doshisha,doshisha-global-comm,2024,地方公務員,1,0.0074,dsh-gyoshu-2024
doshisha,doshisha-global-comm,2024,電気・ガス・水道・熱供給業,0,0.0,dsh-gyoshu-2024
doshisha,doshisha-global-comm,2024,分類不能,2,0.0147,dsh-gyoshu-2024
doshisha,doshisha-global-regional,2024,農業,0,0.0,dsh-gyoshu-2024
doshisha,doshisha-global-regional,2024,林業・狩猟業,0,0.0,dsh-gyoshu-2024
doshisha,doshisha-global-regional,2024,漁業・水産養殖業,0,0.0,dsh-gyoshu-2024
doshisha,doshisha-global-regional,2024,鉱業,0,0.0,dsh-gyoshu-2024
doshisha,doshisha-global-regional,2024,建設・土木工事業,3,0.0184,dsh-gyoshu-2024
doshisha,doshisha-global-regional,2024,繊維工業,1,0.0061,dsh-gyoshu-2024
doshisha,doshisha-global-regional,2024,化学肥料・化学工業製品・塗料製造業,3,0.0184,dsh-gyoshu-2024
doshisha,doshisha-global-regional,2024,石油製品・石炭製品製造業,0,0.0,dsh-gyoshu-2024
doshisha,doshisha-global-regional,2024,ゴム製品製造業,2,0.0123,dsh-gyoshu-2024
doshisha,doshisha-global-regional,2024,窯業・土石製品製造業,0,0.0,dsh-gyoshu-2024
doshisha,doshisha-global-regional,2024,鉄鋼業,0,0.0,dsh-gyoshu-2024
doshisha,doshisha-global-regional,2024,非鉄金属製造業,5,0.0307,dsh-gyoshu-2024
doshisha,doshisha-global-regional,2024,金属製品製造業,1,0.0061,dsh-gyoshu-2024
doshisha,doshisha-global-regional,2024,一般機械器具製造業,10,0.0613,dsh-gyoshu-2024
doshisha,doshisha-global-regional,2024,電気・情報通信機械器具製造業,5,0.0307,dsh-gyoshu-2024
doshisha,doshisha-global-regional,2024,電子部品・デバイス製造業,7,0.0429,dsh-gyoshu-2024
doshisha,doshisha-global-regional,2024,輸送用機械器具製造業,6,0.0368,dsh-gyoshu-2024
doshisha,doshisha-global-regional,2024,精密機械器具製造業,3,0.0184,dsh-gyoshu-2024
doshisha,doshisha-global-regional,2024,食料品・たばこ製造業,0,0.0,dsh-gyoshu-2024
doshisha,doshisha-global-regional,2024,衣服・その他の繊維製品製造業,2,0.0123,dsh-gyoshu-2024
doshisha,doshisha-global-regional,2024,木材・木製品・家具製備品製造業,0,0.0,dsh-gyoshu-2024
doshisha,doshisha-global-regional,2024,パルプ・紙・紙加工品製造業,1,0.0061,dsh-gyoshu-2024
doshisha,doshisha-global-regional,2024,印刷・同関連産業,1,0.0061,dsh-gyoshu-2024
doshisha,doshisha-global-regional,2024,化粧品・医薬品製造業,1,0.0061,dsh-gyoshu-2024
doshisha,doshisha-global-regional,2024,その他の製造業,1,0.0061,dsh-gyoshu-2024
doshisha,doshisha-global-regional,2024,各種商品卸売業,1,0.0061,dsh-gyoshu-2024
doshisha,doshisha-global-regional,2024,食品卸売業,2,0.0123,dsh-gyoshu-2024
doshisha,doshisha-global-regional,2024,繊維製品卸売業,0,0.0,dsh-gyoshu-2024
doshisha,doshisha-global-regional,2024,建築材料、鉱物・金属材料等卸売業,1,0.0061,dsh-gyoshu-2024
doshisha,doshisha-global-regional,2024,機械器具製品卸売業,3,0.0184,dsh-gyoshu-2024
doshisha,doshisha-global-regional,2024,その他の卸売業,1,0.0061,dsh-gyoshu-2024
doshisha,doshisha-global-regional,2024,各種商品小売業,1,0.0061,dsh-gyoshu-2024
doshisha,doshisha-global-regional,2024,織物・衣服・身の回り品の小売業,1,0.0061,dsh-gyoshu-2024
doshisha,doshisha-global-regional,2024,飲食料品小売業,0,0.0,dsh-gyoshu-2024
doshisha,doshisha-global-regional,2024,自動車・自転車小売業,0,0.0,dsh-gyoshu-2024
doshisha,doshisha-global-regional,2024,その他の小売業,6,0.0368,dsh-gyoshu-2024
doshisha,doshisha-global-regional,2024,銀行業,9,0.0552,dsh-gyoshu-2024
doshisha,doshisha-global-regional,2024,信用金庫・信用組合・労働金庫業 等,1,0.0061,dsh-gyoshu-2024
doshisha,doshisha-global-regional,2024,政府関係金融機関,0,0.0,dsh-gyoshu-2024
doshisha,doshisha-global-regional,2024,証券業,0,0.0,dsh-gyoshu-2024
doshisha,doshisha-global-regional,2024,商品取引業,0,0.0,dsh-gyoshu-2024
doshisha,doshisha-global-regional,2024,保険業,4,0.0245,dsh-gyoshu-2024
doshisha,doshisha-global-regional,2024,貸金業・クレジットカード業,0,0.0,dsh-gyoshu-2024
doshisha,doshisha-global-regional,2024,その他の金融業,0,0.0,dsh-gyoshu-2024
doshisha,doshisha-global-regional,2024,通信業,1,0.0061,dsh-gyoshu-2024
doshisha,doshisha-global-regional,2024,放送業,1,0.0061,dsh-gyoshu-2024
doshisha,doshisha-global-regional,2024,新聞・出版業,2,0.0123,dsh-gyoshu-2024
doshisha,doshisha-global-regional,2024,映像・音声情報制作業,0,0.0,dsh-gyoshu-2024
doshisha,doshisha-global-regional,2024,ソフトウェアサービス業,12,0.0736,dsh-gyoshu-2024
doshisha,doshisha-global-regional,2024,インターネット付随サービス業,0,0.0,dsh-gyoshu-2024
doshisha,doshisha-global-regional,2024,その他情報通信業,2,0.0123,dsh-gyoshu-2024
doshisha,doshisha-global-regional,2024,国公立学校教員・職員,0,0.0,dsh-gyoshu-2024
doshisha,doshisha-global-regional,2024,私立学校教員・職員,0,0.0,dsh-gyoshu-2024
doshisha,doshisha-global-regional,2024,各種学校・専修学校等,0,0.0,dsh-gyoshu-2024
doshisha,doshisha-global-regional,2024,社会教育・学習塾等,0,0.0,dsh-gyoshu-2024
doshisha,doshisha-global-regional,2024,その他教育・学習支援業,0,0.0,dsh-gyoshu-2024
doshisha,doshisha-global-regional,2024,飲食店・旅館・宿泊業等,1,0.0061,dsh-gyoshu-2024
doshisha,doshisha-global-regional,2024,広告業,4,0.0245,dsh-gyoshu-2024
doshisha,doshisha-global-regional,2024,旅行・観光・娯楽業,6,0.0368,dsh-gyoshu-2024
doshisha,doshisha-global-regional,2024,その他のサービス業,14,0.0859,dsh-gyoshu-2024
doshisha,doshisha-global-regional,2024,郵便局・協同組合業,1,0.0061,dsh-gyoshu-2024
doshisha,doshisha-global-regional,2024,法律事務所、司法書士事務所,1,0.0061,dsh-gyoshu-2024
doshisha,doshisha-global-regional,2024,会計事務所、経営コンサルタント 等,5,0.0307,dsh-gyoshu-2024
doshisha,doshisha-global-regional,2024,学術・開発研究機関,0,0.0,dsh-gyoshu-2024
doshisha,doshisha-global-regional,2024,非営利的団体,1,0.0061,dsh-gyoshu-2024
doshisha,doshisha-global-regional,2024,宗教,0,0.0,dsh-gyoshu-2024
doshisha,doshisha-global-regional,2024,不動産業,3,0.0184,dsh-gyoshu-2024
doshisha,doshisha-global-regional,2024,物品賃貸業,0,0.0,dsh-gyoshu-2024
doshisha,doshisha-global-regional,2024,医療・保健業,0,0.0,dsh-gyoshu-2024
doshisha,doshisha-global-regional,2024,社会保険・社会福祉・介護事業等,0,0.0,dsh-gyoshu-2024
doshisha,doshisha-global-regional,2024,運輸業・郵便事業,20,0.1227,dsh-gyoshu-2024
doshisha,doshisha-global-regional,2024,国家公務員,3,0.0184,dsh-gyoshu-2024
doshisha,doshisha-global-regional,2024,地方公務員,3,0.0184,dsh-gyoshu-2024
doshisha,doshisha-global-regional,2024,電気・ガス・水道・熱供給業,0,0.0,dsh-gyoshu-2024
doshisha,doshisha-global-regional,2024,分類不能,1,0.0061,dsh-gyoshu-2024
doshisha,doshisha-sci-eng,2024,農業,0,0.0,dsh-gyoshu-2024
doshisha,doshisha-sci-eng,2024,林業・狩猟業,0,0.0,dsh-gyoshu-2024
doshisha,doshisha-sci-eng,2024,漁業・水産養殖業,0,0.0,dsh-gyoshu-2024
doshisha,doshisha-sci-eng,2024,鉱業,0,0.0,dsh-gyoshu-2024
doshisha,doshisha-sci-eng,2024,建設・土木工事業,16,0.0648,dsh-gyoshu-2024
doshisha,doshisha-sci-eng,2024,繊維工業,1,0.004,dsh-gyoshu-2024
doshisha,doshisha-sci-eng,2024,化学肥料・化学工業製品・塗料製造業,4,0.0162,dsh-gyoshu-2024
doshisha,doshisha-sci-eng,2024,石油製品・石炭製品製造業,0,0.0,dsh-gyoshu-2024
doshisha,doshisha-sci-eng,2024,ゴム製品製造業,1,0.004,dsh-gyoshu-2024
doshisha,doshisha-sci-eng,2024,窯業・土石製品製造業,3,0.0121,dsh-gyoshu-2024
doshisha,doshisha-sci-eng,2024,鉄鋼業,1,0.004,dsh-gyoshu-2024
doshisha,doshisha-sci-eng,2024,非鉄金属製造業,1,0.004,dsh-gyoshu-2024
doshisha,doshisha-sci-eng,2024,金属製品製造業,3,0.0121,dsh-gyoshu-2024
doshisha,doshisha-sci-eng,2024,一般機械器具製造業,17,0.0688,dsh-gyoshu-2024
doshisha,doshisha-sci-eng,2024,電気・情報通信機械器具製造業,24,0.0972,dsh-gyoshu-2024
doshisha,doshisha-sci-eng,2024,電子部品・デバイス製造業,10,0.0405,dsh-gyoshu-2024
doshisha,doshisha-sci-eng,2024,輸送用機械器具製造業,9,0.0364,dsh-gyoshu-2024
doshisha,doshisha-sci-eng,2024,精密機械器具製造業,6,0.0243,dsh-gyoshu-2024
doshisha,doshisha-sci-eng,2024,食料品・たばこ製造業,0,0.0,dsh-gyoshu-2024
doshisha,doshisha-sci-eng,2024,衣服・その他の繊維製品製造業,0,0.0,dsh-gyoshu-2024
doshisha,doshisha-sci-eng,2024,木材・木製品・家具製備品製造業,1,0.004,dsh-gyoshu-2024
doshisha,doshisha-sci-eng,2024,パルプ・紙・紙加工品製造業,0,0.0,dsh-gyoshu-2024
doshisha,doshisha-sci-eng,2024,印刷・同関連産業,2,0.0081,dsh-gyoshu-2024
doshisha,doshisha-sci-eng,2024,化粧品・医薬品製造業,1,0.004,dsh-gyoshu-2024
doshisha,doshisha-sci-eng,2024,その他の製造業,1,0.004,dsh-gyoshu-2024
doshisha,doshisha-sci-eng,2024,各種商品卸売業,1,0.004,dsh-gyoshu-2024
doshisha,doshisha-sci-eng,2024,食品卸売業,0,0.0,dsh-gyoshu-2024
doshisha,doshisha-sci-eng,2024,繊維製品卸売業,0,0.0,dsh-gyoshu-2024
doshisha,doshisha-sci-eng,2024,建築材料、鉱物・金属材料等卸売業,0,0.0,dsh-gyoshu-2024
doshisha,doshisha-sci-eng,2024,機械器具製品卸売業,9,0.0364,dsh-gyoshu-2024
doshisha,doshisha-sci-eng,2024,その他の卸売業,1,0.004,dsh-gyoshu-2024
doshisha,doshisha-sci-eng,2024,各種商品小売業,0,0.0,dsh-gyoshu-2024
doshisha,doshisha-sci-eng,2024,織物・衣服・身の回り品の小売業,1,0.004,dsh-gyoshu-2024
doshisha,doshisha-sci-eng,2024,飲食料品小売業,0,0.0,dsh-gyoshu-2024
doshisha,doshisha-sci-eng,2024,自動車・自転車小売業,0,0.0,dsh-gyoshu-2024
doshisha,doshisha-sci-eng,2024,その他の小売業,3,0.0121,dsh-gyoshu-2024
doshisha,doshisha-sci-eng,2024,銀行業,8,0.0324,dsh-gyoshu-2024
doshisha,doshisha-sci-eng,2024,信用金庫・信用組合・労働金庫業 等,0,0.0,dsh-gyoshu-2024
doshisha,doshisha-sci-eng,2024,政府関係金融機関,0,0.0,dsh-gyoshu-2024
doshisha,doshisha-sci-eng,2024,証券業,2,0.0081,dsh-gyoshu-2024
doshisha,doshisha-sci-eng,2024,商品取引業,0,0.0,dsh-gyoshu-2024
doshisha,doshisha-sci-eng,2024,保険業,2,0.0081,dsh-gyoshu-2024
doshisha,doshisha-sci-eng,2024,貸金業・クレジットカード業,3,0.0121,dsh-gyoshu-2024
doshisha,doshisha-sci-eng,2024,その他の金融業,0,0.0,dsh-gyoshu-2024
doshisha,doshisha-sci-eng,2024,通信業,3,0.0121,dsh-gyoshu-2024
doshisha,doshisha-sci-eng,2024,放送業,1,0.004,dsh-gyoshu-2024
doshisha,doshisha-sci-eng,2024,新聞・出版業,0,0.0,dsh-gyoshu-2024
doshisha,doshisha-sci-eng,2024,映像・音声情報制作業,1,0.004,dsh-gyoshu-2024
doshisha,doshisha-sci-eng,2024,ソフトウェアサービス業,55,0.2227,dsh-gyoshu-2024
doshisha,doshisha-sci-eng,2024,インターネット付随サービス業,3,0.0121,dsh-gyoshu-2024
doshisha,doshisha-sci-eng,2024,その他情報通信業,5,0.0202,dsh-gyoshu-2024
doshisha,doshisha-sci-eng,2024,国公立学校教員・職員,2,0.0081,dsh-gyoshu-2024
doshisha,doshisha-sci-eng,2024,私立学校教員・職員,1,0.004,dsh-gyoshu-2024
doshisha,doshisha-sci-eng,2024,各種学校・専修学校等,0,0.0,dsh-gyoshu-2024
doshisha,doshisha-sci-eng,2024,社会教育・学習塾等,0,0.0,dsh-gyoshu-2024
doshisha,doshisha-sci-eng,2024,その他教育・学習支援業,0,0.0,dsh-gyoshu-2024
doshisha,doshisha-sci-eng,2024,飲食店・旅館・宿泊業等,1,0.004,dsh-gyoshu-2024
doshisha,doshisha-sci-eng,2024,広告業,0,0.0,dsh-gyoshu-2024
doshisha,doshisha-sci-eng,2024,旅行・観光・娯楽業,0,0.0,dsh-gyoshu-2024
doshisha,doshisha-sci-eng,2024,その他のサービス業,8,0.0324,dsh-gyoshu-2024
doshisha,doshisha-sci-eng,2024,郵便局・協同組合業,0,0.0,dsh-gyoshu-2024
doshisha,doshisha-sci-eng,2024,法律事務所、司法書士事務所,0,0.0,dsh-gyoshu-2024
doshisha,doshisha-sci-eng,2024,会計事務所、経営コンサルタント 等,11,0.0445,dsh-gyoshu-2024
doshisha,doshisha-sci-eng,2024,学術・開発研究機関,0,0.0,dsh-gyoshu-2024
doshisha,doshisha-sci-eng,2024,非営利的団体,0,0.0,dsh-gyoshu-2024
doshisha,doshisha-sci-eng,2024,宗教,0,0.0,dsh-gyoshu-2024
doshisha,doshisha-sci-eng,2024,不動産業,2,0.0081,dsh-gyoshu-2024
doshisha,doshisha-sci-eng,2024,物品賃貸業,0,0.0,dsh-gyoshu-2024
doshisha,doshisha-sci-eng,2024,医療・保健業,0,0.0,dsh-gyoshu-2024
doshisha,doshisha-sci-eng,2024,社会保険・社会福祉・介護事業等,0,0.0,dsh-gyoshu-2024
doshisha,doshisha-sci-eng,2024,運輸業・郵便事業,12,0.0486,dsh-gyoshu-2024
doshisha,doshisha-sci-eng,2024,国家公務員,4,0.0162,dsh-gyoshu-2024
doshisha,doshisha-sci-eng,2024,地方公務員,1,0.004,dsh-gyoshu-2024
doshisha,doshisha-sci-eng,2024,電気・ガス・水道・熱供給業,5,0.0202,dsh-gyoshu-2024
doshisha,doshisha-sci-eng,2024,分類不能,1,0.004,dsh-gyoshu-2024
doshisha,doshisha-life-med,2024,農業,0,0.0,dsh-gyoshu-2024
doshisha,doshisha-life-med,2024,林業・狩猟業,0,0.0,dsh-gyoshu-2024
doshisha,doshisha-life-med,2024,漁業・水産養殖業,0,0.0,dsh-gyoshu-2024
doshisha,doshisha-life-med,2024,鉱業,0,0.0,dsh-gyoshu-2024
doshisha,doshisha-life-med,2024,建設・土木工事業,1,0.0115,dsh-gyoshu-2024
doshisha,doshisha-life-med,2024,繊維工業,0,0.0,dsh-gyoshu-2024
doshisha,doshisha-life-med,2024,化学肥料・化学工業製品・塗料製造業,0,0.0,dsh-gyoshu-2024
doshisha,doshisha-life-med,2024,石油製品・石炭製品製造業,0,0.0,dsh-gyoshu-2024
doshisha,doshisha-life-med,2024,ゴム製品製造業,0,0.0,dsh-gyoshu-2024
doshisha,doshisha-life-med,2024,窯業・土石製品製造業,0,0.0,dsh-gyoshu-2024
doshisha,doshisha-life-med,2024,鉄鋼業,0,0.0,dsh-gyoshu-2024
doshisha,doshisha-life-med,2024,非鉄金属製造業,1,0.0115,dsh-gyoshu-2024
doshisha,doshisha-life-med,2024,金属製品製造業,1,0.0115,dsh-gyoshu-2024
doshisha,doshisha-life-med,2024,一般機械器具製造業,7,0.0805,dsh-gyoshu-2024
doshisha,doshisha-life-med,2024,電気・情報通信機械器具製造業,7,0.0805,dsh-gyoshu-2024
doshisha,doshisha-life-med,2024,電子部品・デバイス製造業,3,0.0345,dsh-gyoshu-2024
doshisha,doshisha-life-med,2024,輸送用機械器具製造業,4,0.046,dsh-gyoshu-2024
doshisha,doshisha-life-med,2024,精密機械器具製造業,5,0.0575,dsh-gyoshu-2024
doshisha,doshisha-life-med,2024,食料品・たばこ製造業,6,0.069,dsh-gyoshu-2024
doshisha,doshisha-life-med,2024,衣服・その他の繊維製品製造業,3,0.0345,dsh-gyoshu-2024
doshisha,doshisha-life-med,2024,木材・木製品・家具製備品製造業,0,0.0,dsh-gyoshu-2024
doshisha,doshisha-life-med,2024,パルプ・紙・紙加工品製造業,0,0.0,dsh-gyoshu-2024
doshisha,doshisha-life-med,2024,印刷・同関連産業,0,0.0,dsh-gyoshu-2024
doshisha,doshisha-life-med,2024,化粧品・医薬品製造業,9,0.1034,dsh-gyoshu-2024
doshisha,doshisha-life-med,2024,その他の製造業,0,0.0,dsh-gyoshu-2024
doshisha,doshisha-life-med,2024,各種商品卸売業,0,0.0,dsh-gyoshu-2024
doshisha,doshisha-life-med,2024,食品卸売業,0,0.0,dsh-gyoshu-2024
doshisha,doshisha-life-med,2024,繊維製品卸売業,0,0.0,dsh-gyoshu-2024
doshisha,doshisha-life-med,2024,建築材料、鉱物・金属材料等卸売業,1,0.0115,dsh-gyoshu-2024
doshisha,doshisha-life-med,2024,機械器具製品卸売業,2,0.023,dsh-gyoshu-2024
doshisha,doshisha-life-med,2024,その他の卸売業,0,0.0,dsh-gyoshu-2024
doshisha,doshisha-life-med,2024,各種商品小売業,0,0.0,dsh-gyoshu-2024
doshisha,doshisha-life-med,2024,織物・衣服・身の回り品の小売業,0,0.0,dsh-gyoshu-2024
doshisha,doshisha-life-med,2024,飲食料品小売業,0,0.0,dsh-gyoshu-2024
doshisha,doshisha-life-med,2024,自動車・自転車小売業,0,0.0,dsh-gyoshu-2024
doshisha,doshisha-life-med,2024,その他の小売業,0,0.0,dsh-gyoshu-2024
doshisha,doshisha-life-med,2024,銀行業,2,0.023,dsh-gyoshu-2024
doshisha,doshisha-life-med,2024,信用金庫・信用組合・労働金庫業 等,0,0.0,dsh-gyoshu-2024
doshisha,doshisha-life-med,2024,政府関係金融機関,0,0.0,dsh-gyoshu-2024
doshisha,doshisha-life-med,2024,証券業,1,0.0115,dsh-gyoshu-2024
doshisha,doshisha-life-med,2024,商品取引業,0,0.0,dsh-gyoshu-2024
doshisha,doshisha-life-med,2024,保険業,1,0.0115,dsh-gyoshu-2024
doshisha,doshisha-life-med,2024,貸金業・クレジットカード業,0,0.0,dsh-gyoshu-2024
doshisha,doshisha-life-med,2024,その他の金融業,0,0.0,dsh-gyoshu-2024
doshisha,doshisha-life-med,2024,通信業,1,0.0115,dsh-gyoshu-2024
doshisha,doshisha-life-med,2024,放送業,0,0.0,dsh-gyoshu-2024
doshisha,doshisha-life-med,2024,新聞・出版業,1,0.0115,dsh-gyoshu-2024
doshisha,doshisha-life-med,2024,映像・音声情報制作業,0,0.0,dsh-gyoshu-2024
doshisha,doshisha-life-med,2024,ソフトウェアサービス業,15,0.1724,dsh-gyoshu-2024
doshisha,doshisha-life-med,2024,インターネット付随サービス業,0,0.0,dsh-gyoshu-2024
doshisha,doshisha-life-med,2024,その他情報通信業,1,0.0115,dsh-gyoshu-2024
doshisha,doshisha-life-med,2024,国公立学校教員・職員,0,0.0,dsh-gyoshu-2024
doshisha,doshisha-life-med,2024,私立学校教員・職員,0,0.0,dsh-gyoshu-2024
doshisha,doshisha-life-med,2024,各種学校・専修学校等,0,0.0,dsh-gyoshu-2024
doshisha,doshisha-life-med,2024,社会教育・学習塾等,0,0.0,dsh-gyoshu-2024
doshisha,doshisha-life-med,2024,その他教育・学習支援業,0,0.0,dsh-gyoshu-2024
doshisha,doshisha-life-med,2024,飲食店・旅館・宿泊業等,0,0.0,dsh-gyoshu-2024
doshisha,doshisha-life-med,2024,広告業,1,0.0115,dsh-gyoshu-2024
doshisha,doshisha-life-med,2024,旅行・観光・娯楽業,0,0.0,dsh-gyoshu-2024
doshisha,doshisha-life-med,2024,その他のサービス業,9,0.1034,dsh-gyoshu-2024
doshisha,doshisha-life-med,2024,郵便局・協同組合業,0,0.0,dsh-gyoshu-2024
doshisha,doshisha-life-med,2024,法律事務所、司法書士事務所,0,0.0,dsh-gyoshu-2024
doshisha,doshisha-life-med,2024,会計事務所、経営コンサルタント 等,1,0.0115,dsh-gyoshu-2024
doshisha,doshisha-life-med,2024,学術・開発研究機関,0,0.0,dsh-gyoshu-2024
doshisha,doshisha-life-med,2024,非営利的団体,0,0.0,dsh-gyoshu-2024
doshisha,doshisha-life-med,2024,宗教,0,0.0,dsh-gyoshu-2024
doshisha,doshisha-life-med,2024,不動産業,1,0.0115,dsh-gyoshu-2024
doshisha,doshisha-life-med,2024,物品賃貸業,0,0.0,dsh-gyoshu-2024
doshisha,doshisha-life-med,2024,医療・保健業,0,0.0,dsh-gyoshu-2024
doshisha,doshisha-life-med,2024,社会保険・社会福祉・介護事業等,0,0.0,dsh-gyoshu-2024
doshisha,doshisha-life-med,2024,運輸業・郵便事業,1,0.0115,dsh-gyoshu-2024
doshisha,doshisha-life-med,2024,国家公務員,0,0.0,dsh-gyoshu-2024
doshisha,doshisha-life-med,2024,地方公務員,2,0.023,dsh-gyoshu-2024
doshisha,doshisha-life-med,2024,電気・ガス・水道・熱供給業,0,0.0,dsh-gyoshu-2024
doshisha,doshisha-life-med,2024,分類不能,0,0.0,dsh-gyoshu-2024
