university_id,faculty_id,year,company_name_raw,count,listed,source_id,industry_raw
kobe,kobe-letters,2024,ＤＯＷＡホールディングス,1,1,kobe-list-letters-2024,鉄鋼業・非鉄金属・金属製品製造業
kobe,kobe-letters,2024,ＭＪＥ,1,1,kobe-list-letters-2024,情報通信業
kobe,kobe-letters,2024,ＮＴＴデータ,1,1,kobe-list-letters-2024,情報通信業
kobe,kobe-letters,2024,Ｓａｎｓａｎ,1,1,kobe-list-letters-2024,情報通信業
kobe,kobe-letters,2024,ＳＣＳＫ,1,1,kobe-list-letters-2024,情報通信業
kobe,kobe-letters,2024,ＳｅｖｅｎＡｒｃｓ,1,1,kobe-list-letters-2024,情報通信業
kobe,kobe-letters,2024,ＳＲＣ,1,1,kobe-list-letters-2024,情報通信業
kobe,kobe-letters,2024,ＷＡＶＥ,1,1,kobe-list-letters-2024,学術研究・専門・技術サービス業
kobe,kobe-letters,2024,アクティアス,1,1,kobe-list-letters-2024,情報通信業
kobe,kobe-letters,2024,アサヒディード,1,1,kobe-list-letters-2024,生活関連サービス業、娯楽業
kobe,kobe-letters,2024,アサヒビール,1,1,kobe-list-letters-2024,食料品・飲料・たばこ・飼料製造業
kobe,kobe-letters,2024,アビームコンサルティング,1,1,kobe-list-letters-2024,学術研究・専門・技術サービス業
kobe,kobe-letters,2024,イースマイル,1,1,kobe-list-letters-2024,電気・ガス・熱供給・水道業
kobe,kobe-letters,2024,インソース,1,1,kobe-list-letters-2024,複合サービス事業
kobe,kobe-letters,2024,オプテージ,1,1,kobe-list-letters-2024,情報通信業
kobe,kobe-letters,2024,キョードー大阪,1,1,kobe-list-letters-2024,生活関連サービス業、娯楽業
kobe,kobe-letters,2024,グリーンライフ東日本,1,1,kobe-list-letters-2024,社会保険・社会福祉・介護事業・保育所
kobe,kobe-letters,2024,コクヨ,1,1,kobe-list-letters-2024,その他の製造業
kobe,kobe-letters,2024,ザイマックス関西,1,1,kobe-list-letters-2024,不動産業・物品賃貸業
kobe,kobe-letters,2024,スズキ,1,1,kobe-list-letters-2024,輸送用機械器具製造業
kobe,kobe-letters,2024,ダイキン工業,1,1,kobe-list-letters-2024,電気・情報通信機械器具製造業
kobe,kobe-letters,2024,ティプロス,1,1,kobe-list-letters-2024,その他の教育、学習支援業
kobe,kobe-letters,2024,テクノプロ,1,1,kobe-list-letters-2024,学術研究・専門・技術サービス業
kobe,kobe-letters,2024,ニチコン,1,1,kobe-list-letters-2024,電子部品・デバイス・電子回路製造業
kobe,kobe-letters,2024,ニトリ,1,1,kobe-list-letters-2024,卸売業・小売業
kobe,kobe-letters,2024,ニトリホールディングス,1,1,kobe-list-letters-2024,卸売業・小売業
kobe,kobe-letters,2024,ネクストページ,1,1,kobe-list-letters-2024,情報通信業
kobe,kobe-letters,2024,パーソナルホールディングス,1,1,kobe-list-letters-2024,その他のサービス業
kobe,kobe-letters,2024,パソナ,1,1,kobe-list-letters-2024,複合サービス事業
kobe,kobe-letters,2024,パンクチュアル,1,1,kobe-list-letters-2024,情報通信業
kobe,kobe-letters,2024,ぴあ,1,1,kobe-list-letters-2024,生活関連サービス業・娯楽業
kobe,kobe-letters,2024,ポーラ,1,1,kobe-list-letters-2024,化学工業・石油・石炭製品製造業
kobe,kobe-letters,2024,ホシザキ,1,1,kobe-list-letters-2024,はん用・生産用・業務用機械器具製造業
kobe,kobe-letters,2024,みずほ銀行,1,1,kobe-list-letters-2024,金融業・保険業
kobe,kobe-letters,2024,リンクソシュール,1,1,kobe-list-letters-2024,その他の専門・技術サービス業
kobe,kobe-letters,2024,レンゴー,1,1,kobe-list-letters-2024,その他の製造業
kobe,kobe-letters,2024,愛媛大学,1,1,kobe-list-letters-2024,学校教育
kobe,kobe-letters,2024,岡山県庁,1,1,kobe-list-letters-2024,地方公務
kobe,kobe-letters,2024,岡山市役所,2,1,kobe-list-letters-2024,地方公務
kobe,kobe-letters,2024,海南市役所,1,1,kobe-list-letters-2024,地方公務
kobe,kobe-letters,2024,楽天グループ,1,1,kobe-list-letters-2024,複合サービス事業
kobe,kobe-letters,2024,宮崎銀行,1,1,kobe-list-letters-2024,金融業・保険業
kobe,kobe-letters,2024,京都府立高等学校（教員）,1,1,kobe-list-letters-2024,学校教育
kobe,kobe-letters,2024,近畿地域づくりセンター,1,1,kobe-list-letters-2024,建設業
kobe,kobe-letters,2024,近鉄グループホールディングス,1,1,kobe-list-letters-2024,運輸業、郵便業
kobe,kobe-letters,2024,建通新聞社,1,1,kobe-list-letters-2024,情報通信業
kobe,kobe-letters,2024,個別指導塾礎,1,1,kobe-list-letters-2024,その他の教育、学習支援業
kobe,kobe-letters,2024,広島県庁,1,1,kobe-list-letters-2024,地方公務
kobe,kobe-letters,2024,広島県立美術館,1,1,kobe-list-letters-2024,学術研究・専門・技術サービス業
kobe,kobe-letters,2024,三井金属鉱業,1,1,kobe-list-letters-2024,鉄鋼業・非鉄金属・金属製品製造業
kobe,kobe-letters,2024,三井住友カード,1,1,kobe-list-letters-2024,金融業・保険業
kobe,kobe-letters,2024,三井住友トラスト・システム＆サービス,1,1,kobe-list-letters-2024,情報通信業
kobe,kobe-letters,2024,三井住友信託銀行,1,1,kobe-list-letters-2024,金融業・保険業
kobe,kobe-letters,2024,三菱ＵＦＪ信託銀行,1,1,kobe-list-letters-2024,金融業・保険業
kobe,kobe-letters,2024,三菱オートリース,1,1,kobe-list-letters-2024,物品賃貸業
kobe,kobe-letters,2024,三菱重工業,3,1,kobe-list-letters-2024,輸送用機械器具製造業
kobe,kobe-letters,2024,滋賀県立高等学校（教員）,1,1,kobe-list-letters-2024,学校教育
kobe,kobe-letters,2024,小泉産業,1,1,kobe-list-letters-2024,その他の製造業
kobe,kobe-letters,2024,松山地方裁判所,1,1,kobe-list-letters-2024,国家公務
kobe,kobe-letters,2024,新生コベルコリース,1,1,kobe-list-letters-2024,物品賃貸業
kobe,kobe-letters,2024,神戸市役所,1,1,kobe-list-letters-2024,地方公務
kobe,kobe-letters,2024,図書館流通センター,1,1,kobe-list-letters-2024,その他の専門・技術サービス業
kobe,kobe-letters,2024,生活協同組合コープこうべ,1,1,kobe-list-letters-2024,農業・林業
kobe,kobe-letters,2024,川崎重工業,1,1,kobe-list-letters-2024,鉄鋼業・非鉄金属・金属製品製造業
kobe,kobe-letters,2024,大丸松坂屋百貨店,1,1,kobe-list-letters-2024,卸売業・小売業
kobe,kobe-letters,2024,大阪星光学院中学校（教員）,1,1,kobe-list-letters-2024,学校教育（大学を含む）
kobe,kobe-letters,2024,大阪府庁,1,1,kobe-list-letters-2024,地方公務
kobe,kobe-letters,2024,大和鉄工所,1,1,kobe-list-letters-2024,鉄鋼業、非鉄金属・金属製品製造業
kobe,kobe-letters,2024,東京建物,1,1,kobe-list-letters-2024,不動産業・物品賃貸業
kobe,kobe-letters,2024,東洋アルミニウム,2,1,kobe-list-letters-2024,鉄鋼業・非鉄金属・金属製品製造業
kobe,kobe-letters,2024,日本コーンスターチ,1,1,kobe-list-letters-2024,食料品・飲料・たばこ・飼料製造業
kobe,kobe-letters,2024,日本ハム,1,1,kobe-list-letters-2024,食料品・飲料・たばこ・飼料製造業
kobe,kobe-letters,2024,日本下水道事業団,1,1,kobe-list-letters-2024,電気・ガス・熱供給・水道業
kobe,kobe-letters,2024,日本写真印刷コミュニケーションズ,1,1,kobe-list-letters-2024,印刷・同関連業
kobe,kobe-letters,2024,日本通運,1,1,kobe-list-letters-2024,運輸業、郵便業
kobe,kobe-letters,2024,日本放送協会（ＮＨＫ）,1,1,kobe-list-letters-2024,情報通信業
kobe,kobe-letters,2024,日本郵政,1,1,kobe-list-letters-2024,農業・林業
kobe,kobe-letters,2024,農林水産省林野庁近畿中国森林管理局,1,1,kobe-list-letters-2024,国家公務
kobe,kobe-letters,2024,浜学園,1,1,kobe-list-letters-2024,その他の教育・学習支援業
kobe,kobe-letters,2024,富士通,1,1,kobe-list-letters-2024,電気・情報通信機械器具製造業
kobe,kobe-letters,2024,富士通ネットワークソリューションズ,1,1,kobe-list-letters-2024,情報通信業
kobe,kobe-letters,2024,兵庫県庁,2,1,kobe-list-letters-2024,地方公務
kobe,kobe-letters,2024,兵庫県立高等学校（教員）,1,1,kobe-list-letters-2024,学校教育
kobe,kobe-letters,2024,鳳工業,1,1,kobe-list-letters-2024,電気・ガス・熱供給・水道業
kobe,kobe-letters,2024,名鉄グループバスホールディングス,1,1,kobe-list-letters-2024,運輸業、郵便業
kobe,kobe-letters,2024,洛南高等学校附属中学校（教員）,1,1,kobe-list-letters-2024,学校教育（大学を含む）
kobe,kobe-intlhuman,2024,＜マレーシア＞ＩＢＭｃｏｒｐｏｒａｔｉｏｎＭａｌａｙｓｉａ,1,1,kobe-list-intlhuman-2024,情報通信業
kobe,kobe-intlhuman,2024,＜中国＞博報堂希点整合営銷（武漢）有限公司,1,1,kobe-list-intlhuman-2024,その他の専門・技術サービス業
kobe,kobe-intlhuman,2024,Ｄ２Ｃ,1,1,kobe-list-intlhuman-2024,情報通信業
kobe,kobe-intlhuman,2024,ＤＹＭ,1,1,kobe-list-intlhuman-2024,複合サービス事業
kobe,kobe-intlhuman,2024,ＥＧＩＪ,1,1,kobe-list-intlhuman-2024,複合サービス事業
kobe,kobe-intlhuman,2024,ＥＮＥＯＳ,1,1,kobe-list-intlhuman-2024,電気・ガス・熱供給・水道業
kobe,kobe-intlhuman,2024,ＧＡ ｔｅｃｈｎｏｌｏｇｉｅｓ,2,1,kobe-list-intlhuman-2024,不動産業・物品賃貸業
kobe,kobe-intlhuman,2024,Ｇｉｆｔｉｎｎｏｖａｔｉｏｎｓ,1,1,kobe-list-intlhuman-2024,その他の教育、学習支援業
kobe,kobe-intlhuman,2024,ＪｏＢｉｎｓ,1,1,kobe-list-intlhuman-2024,その他のサービス業
kobe,kobe-intlhuman,2024,ＪＴＢグローバルマーケティング＆トラベル,1,1,kobe-list-intlhuman-2024,生活関連サービス業、娯楽業
kobe,kobe-intlhuman,2024,ＫＰＭＧコンサルティング,2,1,kobe-list-intlhuman-2024,学術研究・専門・技術サービス業
kobe,kobe-intlhuman,2024,ＬＩＴＡＬＩＣＯ,1,1,kobe-list-intlhuman-2024,その他の教育・学習支援業
kobe,kobe-intlhuman,2024,ＭＥＴＡＴＥＡＭ,2,1,kobe-list-intlhuman-2024,その他の専門・技術サービス業
kobe,kobe-intlhuman,2024,ＮＥＣネットワーク・センサ,1,1,kobe-list-intlhuman-2024,電気・情報通信機械器具製造業
kobe,kobe-intlhuman,2024,ＮＥＷＯＮＥ,1,1,kobe-list-intlhuman-2024,複合サービス事業
kobe,kobe-intlhuman,2024,ＮＴＴデータ,1,1,kobe-list-intlhuman-2024,情報通信業
kobe,kobe-intlhuman,2024,ＮＴＴデータグループ,1,1,kobe-list-intlhuman-2024,情報通信業
kobe,kobe-intlhuman,2024,ＮＴＴドコモ,3,1,kobe-list-intlhuman-2024,情報通信業
kobe,kobe-intlhuman,2024,ＰｗＣアドバイザリー,1,1,kobe-list-intlhuman-2024,その他の専門・技術サービス業
kobe,kobe-intlhuman,2024,ＰＷＣコンサルティング,1,1,kobe-list-intlhuman-2024,学術研究・専門・技術サービス業
kobe,kobe-intlhuman,2024,ＳＣＳＫＭｉｎｏｒｉソリューションズ,1,1,kobe-list-intlhuman-2024,情報通信業
kobe,kobe-intlhuman,2024,Ｓｋｙ,1,1,kobe-list-intlhuman-2024,学術研究・専門・技術サービス業
kobe,kobe-intlhuman,2024,ＴＯＰＰＡＮ,1,1,kobe-list-intlhuman-2024,印刷・同関連業
kobe,kobe-intlhuman,2024,ＷＩＬＬＥＲ,1,1,kobe-list-intlhuman-2024,生活関連サービス業、娯楽業
kobe,kobe-intlhuman,2024,ＹＫＫ ＡＰ,1,1,kobe-list-intlhuman-2024,鉄鋼業・非鉄金属・金属製品製造業
kobe,kobe-intlhuman,2024,アイケンジャパン,1,1,kobe-list-intlhuman-2024,不動産取引・賃貸・管理業
kobe,kobe-intlhuman,2024,アクセンチュア,3,1,kobe-list-intlhuman-2024,学術研究・専門・技術サービス業
kobe,kobe-intlhuman,2024,アサヒ飲料,1,1,kobe-list-intlhuman-2024,食料品・飲料・たばこ・飼料製造業
kobe,kobe-intlhuman,2024,アシックス,1,1,kobe-list-intlhuman-2024,繊維工業
kobe,kobe-intlhuman,2024,アドウェイズ,1,1,kobe-list-intlhuman-2024,学術研究・専門・技術サービス業
kobe,kobe-intlhuman,2024,アドバンテック,1,1,kobe-list-intlhuman-2024,電気・情報通信機械器具製造業
kobe,kobe-intlhuman,2024,アパホテル,1,1,kobe-list-intlhuman-2024,宿泊業・飲食サービス業
kobe,kobe-intlhuman,2024,アビームコンサルティング,1,1,kobe-list-intlhuman-2024,学術研究・専門・技術サービス業
kobe,kobe-intlhuman,2024,アフラック生命保険,1,1,kobe-list-intlhuman-2024,金融業・保険業
kobe,kobe-intlhuman,2024,アルゴグラフィックス,1,1,kobe-list-intlhuman-2024,情報通信業
kobe,kobe-intlhuman,2024,イオンタウン,1,1,kobe-list-intlhuman-2024,不動産業・物品賃貸業
kobe,kobe-intlhuman,2024,ウィル,1,1,kobe-list-intlhuman-2024,不動産業・物品賃貸業
kobe,kobe-intlhuman,2024,ウインライフ,1,1,kobe-list-intlhuman-2024,金融業・保険業
kobe,kobe-intlhuman,2024,エフサステクノロジーズ,1,1,kobe-list-intlhuman-2024,電子部品・デバイス・電子回路製造業
kobe,kobe-intlhuman,2024,エン・ジャパン,1,1,kobe-list-intlhuman-2024,複合サービス事業
kobe,kobe-intlhuman,2024,オカムラ,1,1,kobe-list-intlhuman-2024,卸売業・小売業
kobe,kobe-intlhuman,2024,オムロンソーシアルソリューションズ,1,1,kobe-list-intlhuman-2024,電子部品・デバイス・電子回路製造業
kobe,kobe-intlhuman,2024,オリックス,1,1,kobe-list-intlhuman-2024,金融業・保険業
kobe,kobe-intlhuman,2024,カインズ,1,1,kobe-list-intlhuman-2024,卸売業・小売業
kobe,kobe-intlhuman,2024,カルビー,1,1,kobe-list-intlhuman-2024,食料品・飲料・たばこ・飼料製造業
kobe,kobe-intlhuman,2024,キーエンス,2,1,kobe-list-intlhuman-2024,電子部品・デバイス・電子回路製造業
kobe,kobe-intlhuman,2024,キャップジェミニ,1,1,kobe-list-intlhuman-2024,学術研究・専門・技術サービス業
kobe,kobe-intlhuman,2024,キヤノンマーケティングジャパン,1,1,kobe-list-intlhuman-2024,卸売業・小売業
kobe,kobe-intlhuman,2024,クイック,1,1,kobe-list-intlhuman-2024,生活関連サービス業・娯楽業
kobe,kobe-intlhuman,2024,クニエ,1,1,kobe-list-intlhuman-2024,学術研究・専門・技術サービス業
kobe,kobe-intlhuman,2024,クボタ,1,1,kobe-list-intlhuman-2024,鉄鋼業・非鉄金属・金属製品製造業
kobe,kobe-intlhuman,2024,ケンブリッジ・テクノロジー・パートナーズ,1,1,kobe-list-intlhuman-2024,学術研究・専門・技術サービス業
kobe,kobe-intlhuman,2024,コカ・コーラボトラーズジャパン,1,1,kobe-list-intlhuman-2024,食料品・飲料・たばこ・飼料製造業
kobe,kobe-intlhuman,2024,コムチュア,1,1,kobe-list-intlhuman-2024,情報通信業
kobe,kobe-intlhuman,2024,さいたま家庭裁判所,1,1,kobe-list-intlhuman-2024,国家公務
kobe,kobe-intlhuman,2024,サンシャインシティ,1,1,kobe-list-intlhuman-2024,不動産取引・賃貸・管理業
kobe,kobe-intlhuman,2024,シティ・コム,1,1,kobe-list-intlhuman-2024,情報通信業
kobe,kobe-intlhuman,2024,ジブラルタ生命保険,1,1,kobe-list-intlhuman-2024,保険業
kobe,kobe-intlhuman,2024,シャープ,1,1,kobe-list-intlhuman-2024,電気・情報通信機械器具製造業
kobe,kobe-intlhuman,2024,ジャクエツ,2,1,kobe-list-intlhuman-2024,その他の教育、学習支援業
kobe,kobe-intlhuman,2024,ジャパンエンターテイメント,1,1,kobe-list-intlhuman-2024,生活関連サービス業、娯楽業
kobe,kobe-intlhuman,2024,しんきん情報システムセンター,1,1,kobe-list-intlhuman-2024,金融業
kobe,kobe-intlhuman,2024,スタッフサービス・ホールディングス,1,1,kobe-list-intlhuman-2024,複合サービス事業
kobe,kobe-intlhuman,2024,セプテーニ・ホールディングス,1,1,kobe-list-intlhuman-2024,その他
kobe,kobe-intlhuman,2024,ソニー,1,1,kobe-list-intlhuman-2024,電気・情報通信機械器具製造業
kobe,kobe-intlhuman,2024,ソフトバンク,1,1,kobe-list-intlhuman-2024,情報通信業
kobe,kobe-intlhuman,2024,ダイキン工業,3,1,kobe-list-intlhuman-2024,電気・情報通信機械器具製造業
kobe,kobe-intlhuman,2024,タップカンパニー,1,1,kobe-list-intlhuman-2024,その他の教育、学習支援業
kobe,kobe-intlhuman,2024,ディップ,1,1,kobe-list-intlhuman-2024,複合サービス事業
kobe,kobe-intlhuman,2024,デロイトトーマツアクト,1,1,kobe-list-intlhuman-2024,その他のサービス業
kobe,kobe-intlhuman,2024,トヨタ自動車,1,1,kobe-list-intlhuman-2024,輸送用機械器具製造業
kobe,kobe-intlhuman,2024,ナンバー,1,1,kobe-list-intlhuman-2024,情報通信業
kobe,kobe-intlhuman,2024,ニッスイ,1,1,kobe-list-intlhuman-2024,食料品・飲料・たばこ・飼料製造業
kobe,kobe-intlhuman,2024,ニッセイ情報テクノロジー,1,1,kobe-list-intlhuman-2024,情報通信業
kobe,kobe-intlhuman,2024,ニトリ,2,1,kobe-list-intlhuman-2024,卸売業・小売業
kobe,kobe-intlhuman,2024,ニューステクノロジー,1,1,kobe-list-intlhuman-2024,生活関連サービス業、娯楽業
kobe,kobe-intlhuman,2024,ネクストビート,1,1,kobe-list-intlhuman-2024,複合サービス事業
kobe,kobe-intlhuman,2024,パーソナルキャリア,1,1,kobe-list-intlhuman-2024,その他のサービス業
kobe,kobe-intlhuman,2024,パーソルキャリア,1,1,kobe-list-intlhuman-2024,複合サービス事業
kobe,kobe-intlhuman,2024,パナソニックエンターテインメント＆コミュニケーション,2,1,kobe-list-intlhuman-2024,その他の製造業
kobe,kobe-intlhuman,2024,パナソニックオートモーティブシステムズ,1,1,kobe-list-intlhuman-2024,電子部品・デバイス・電子回路製造業
kobe,kobe-intlhuman,2024,パナソニックコネクト,1,1,kobe-list-intlhuman-2024,その他の製造業
kobe,kobe-intlhuman,2024,パブリックタレントモビリティ,1,1,kobe-list-intlhuman-2024,その他の専門・技術サービス業
kobe,kobe-intlhuman,2024,バリュエンスホールディングス,2,1,kobe-list-intlhuman-2024,小売業
kobe,kobe-intlhuman,2024,フィル・カンパニー,1,1,kobe-list-intlhuman-2024,不動産業・物品賃貸業
kobe,kobe-intlhuman,2024,フージャースホールディングス,1,1,kobe-list-intlhuman-2024,不動産業・物品賃貸業
kobe,kobe-intlhuman,2024,ブリーチ,1,1,kobe-list-intlhuman-2024,情報通信業
kobe,kobe-intlhuman,2024,ブリヂストン,1,1,kobe-list-intlhuman-2024,化学工業・石油・石炭製品製造業
kobe,kobe-intlhuman,2024,ベイカレント,1,1,kobe-list-intlhuman-2024,学術研究，専門･技術サービス業
kobe,kobe-intlhuman,2024,ベイカレント・コンサルティング,1,1,kobe-list-intlhuman-2024,学術研究・専門・技術サービス業
kobe,kobe-intlhuman,2024,ベネッセコーポレーション,1,1,kobe-list-intlhuman-2024,その他の教育・学習支援業
kobe,kobe-intlhuman,2024,マイナビ,1,1,kobe-list-intlhuman-2024,複合サービス事業
kobe,kobe-intlhuman,2024,まなびと,1,1,kobe-list-intlhuman-2024,その他の教育・学習支援業
kobe,kobe-intlhuman,2024,みずほリース,1,1,kobe-list-intlhuman-2024,金融業
kobe,kobe-intlhuman,2024,みずほ銀行,1,1,kobe-list-intlhuman-2024,金融業・保険業
kobe,kobe-intlhuman,2024,ミネベアミツミ,1,1,kobe-list-intlhuman-2024,電子部品・デバイス・電子回路製造業
kobe,kobe-intlhuman,2024,ミルボン,1,1,kobe-list-intlhuman-2024,化学工業・石油・石炭製品製造業
kobe,kobe-intlhuman,2024,メビウスパッケージング,1,1,kobe-list-intlhuman-2024,その他の製造業
kobe,kobe-intlhuman,2024,ユー・エス・ジェイ,1,1,kobe-list-intlhuman-2024,生活関連サービス業・娯楽業
kobe,kobe-intlhuman,2024,ユーザックシステム,1,1,kobe-list-intlhuman-2024,情報通信業
kobe,kobe-intlhuman,2024,ユーハイム,1,1,kobe-list-intlhuman-2024,食料品・飲料・たばこ・飼料製造業
kobe,kobe-intlhuman,2024,リバーワークス,1,1,kobe-list-intlhuman-2024,その他の専門・技術サービス業
kobe,kobe-intlhuman,2024,ルネサンス,1,1,kobe-list-intlhuman-2024,生活関連サービス業、娯楽業
kobe,kobe-intlhuman,2024,レーキサイドホテルシステムズ（ザ・リッツ・カールトン日光）,1,1,kobe-list-intlhuman-2024,宿泊業、飲食サービス業
kobe,kobe-intlhuman,2024,レノバ,1,1,kobe-list-intlhuman-2024,化学工業・石油・石炭製品製造業
kobe,kobe-intlhuman,2024,レバレジーズ,4,1,kobe-list-intlhuman-2024,複合サービス事業
kobe,kobe-intlhuman,2024,ロッテ,1,1,kobe-list-intlhuman-2024,食料品・飲料・たばこ・飼料製造業
kobe,kobe-intlhuman,2024,ロフト,1,1,kobe-list-intlhuman-2024,卸売業・小売業
kobe,kobe-intlhuman,2024,ワークポート,1,1,kobe-list-intlhuman-2024,その他のサービス業
kobe,kobe-intlhuman,2024,ワールドインテック,1,1,kobe-list-intlhuman-2024,学術研究・専門・技術サービス業
kobe,kobe-intlhuman,2024,旭化成ファーマ,1,1,kobe-list-intlhuman-2024,医療・保健衛生
kobe,kobe-intlhuman,2024,伊藤ハム,1,1,kobe-list-intlhuman-2024,食料品・飲料・たばこ・飼料製造業
kobe,kobe-intlhuman,2024,岡山県立小学校（教員）,1,1,kobe-list-intlhuman-2024,学校教育（大学を含む）
kobe,kobe-intlhuman,2024,岡谷鋼機,1,1,kobe-list-intlhuman-2024,卸売業・小売業
kobe,kobe-intlhuman,2024,外務省,1,1,kobe-list-intlhuman-2024,国家公務
kobe,kobe-intlhuman,2024,角川ドワンゴ学園Ｎ高等学校（教員）,1,1,kobe-list-intlhuman-2024,学校教育
kobe,kobe-intlhuman,2024,楽天グループ,3,1,kobe-list-intlhuman-2024,複合サービス事業
kobe,kobe-intlhuman,2024,楽天証券,1,1,kobe-list-intlhuman-2024,金融業・保険業
kobe,kobe-intlhuman,2024,関西電力,1,1,kobe-list-intlhuman-2024,電気・ガス・熱供給・水道業
kobe,kobe-intlhuman,2024,丸紅,1,1,kobe-list-intlhuman-2024,卸売業・小売業
kobe,kobe-intlhuman,2024,丸善薬品産業,1,1,kobe-list-intlhuman-2024,卸売業
kobe,kobe-intlhuman,2024,京セラ,1,1,kobe-list-intlhuman-2024,電子部品・デバイス・電子回路製造業
kobe,kobe-intlhuman,2024,京阪ホールディングス,1,1,kobe-list-intlhuman-2024,運輸業、郵便業
kobe,kobe-intlhuman,2024,京都府警察,1,1,kobe-list-intlhuman-2024,地方公務
kobe,kobe-intlhuman,2024,京都府立小学校（教員）,1,1,kobe-list-intlhuman-2024,学校教育
kobe,kobe-intlhuman,2024,近畿環境保全,1,1,kobe-list-intlhuman-2024,その他のサービス業
kobe,kobe-intlhuman,2024,金沢市役所,1,1,kobe-list-intlhuman-2024,地方公務
kobe,kobe-intlhuman,2024,金沢信用金庫,1,1,kobe-list-intlhuman-2024,金融業
kobe,kobe-intlhuman,2024,警察庁近畿管区警察局,1,1,kobe-list-intlhuman-2024,国家公務
kobe,kobe-intlhuman,2024,古河電気工業,1,1,kobe-list-intlhuman-2024,鉄鋼業・非鉄金属・金属製品製造業
kobe,kobe-intlhuman,2024,厚生労働省,1,1,kobe-list-intlhuman-2024,国家公務
kobe,kobe-intlhuman,2024,江崎グリコ,1,1,kobe-list-intlhuman-2024,食料品・飲料・たばこ・飼料製造業
kobe,kobe-intlhuman,2024,高島屋,1,1,kobe-list-intlhuman-2024,卸売業・小売業
kobe,kobe-intlhuman,2024,国土交通省近畿地方整備局,1,1,kobe-list-intlhuman-2024,国家公務
kobe,kobe-intlhuman,2024,佐藤工業,1,1,kobe-list-intlhuman-2024,建設業
kobe,kobe-intlhuman,2024,財務省国税庁大阪国税局,2,1,kobe-list-intlhuman-2024,国家公務
kobe,kobe-intlhuman,2024,阪急阪神ホールディングス,1,1,kobe-list-intlhuman-2024,運輸業、郵便業
kobe,kobe-intlhuman,2024,阪急阪神不動産,3,1,kobe-list-intlhuman-2024,不動産業・物品賃貸業
kobe,kobe-intlhuman,2024,阪急電鉄,1,1,kobe-list-intlhuman-2024,運輸業、郵便業
kobe,kobe-intlhuman,2024,三井住友カード,1,1,kobe-list-intlhuman-2024,金融業・保険業
kobe,kobe-intlhuman,2024,三井住友銀行,5,1,kobe-list-intlhuman-2024,金融業・保険業
kobe,kobe-intlhuman,2024,三田市役所,1,1,kobe-list-intlhuman-2024,地方公務
kobe,kobe-intlhuman,2024,三菱ＵＦＪニコス,1,1,kobe-list-intlhuman-2024,金融業・保険業
kobe,kobe-intlhuman,2024,三菱ＵＦＪモルガン・スタンレー証券,1,1,kobe-list-intlhuman-2024,金融業・保険業
kobe,kobe-intlhuman,2024,三菱ＵＦＪ銀行,1,1,kobe-list-intlhuman-2024,金融業・保険業
kobe,kobe-intlhuman,2024,三菱重工業,1,1,kobe-list-intlhuman-2024,輸送用機械器具製造業
kobe,kobe-intlhuman,2024,山陰合同銀行,1,1,kobe-list-intlhuman-2024,金融業・保険業
kobe,kobe-intlhuman,2024,山口県庁,1,1,kobe-list-intlhuman-2024,地方公務
kobe,kobe-intlhuman,2024,住友ゴム工業,1,1,kobe-list-intlhuman-2024,化学工業・石油・石炭製品製造業
kobe,kobe-intlhuman,2024,住友商事,1,1,kobe-list-intlhuman-2024,卸売業・小売業
kobe,kobe-intlhuman,2024,住友生命保険,1,1,kobe-list-intlhuman-2024,金融業・保険業
kobe,kobe-intlhuman,2024,商船三井,2,1,kobe-list-intlhuman-2024,船舶職員
kobe,kobe-intlhuman,2024,小松製作所,1,1,kobe-list-intlhuman-2024,はん用・生産用・業務用機械器具製造業
kobe,kobe-intlhuman,2024,松山市立幼稚園（教員）,1,1,kobe-list-intlhuman-2024,学校教育（大学を含む）
kobe,kobe-intlhuman,2024,上組,1,1,kobe-list-intlhuman-2024,運輸業、郵便業
kobe,kobe-intlhuman,2024,信金中央金庫,1,1,kobe-list-intlhuman-2024,金融業・保険業
kobe,kobe-intlhuman,2024,神戸市役所,3,1,kobe-list-intlhuman-2024,地方公務
kobe,kobe-intlhuman,2024,神戸市立小学校（教員）,1,1,kobe-list-intlhuman-2024,学校教育
kobe,kobe-intlhuman,2024,神戸市立特別支援学校（教員）,1,1,kobe-list-intlhuman-2024,学校教育
kobe,kobe-intlhuman,2024,神戸大学,2,1,kobe-list-intlhuman-2024,学校教育
kobe,kobe-intlhuman,2024,神戸大学附属小学校,1,1,kobe-list-intlhuman-2024,学校教育
kobe,kobe-intlhuman,2024,人事院,1,1,kobe-list-intlhuman-2024,国家公務
kobe,kobe-intlhuman,2024,清水清三郎商店,1,1,kobe-list-intlhuman-2024,食料品・飲料・たばこ・飼料製造業
kobe,kobe-intlhuman,2024,生活協同組合コープこうべ,1,1,kobe-list-intlhuman-2024,農業・林業
kobe,kobe-intlhuman,2024,西日本高速道路,1,1,kobe-list-intlhuman-2024,複合サービス事業
kobe,kobe-intlhuman,2024,西日本電信電話（ＮＴＴ西日本）,2,1,kobe-list-intlhuman-2024,情報通信業
kobe,kobe-intlhuman,2024,青森放送,1,1,kobe-list-intlhuman-2024,情報通信業
kobe,kobe-intlhuman,2024,石川県庁,1,1,kobe-list-intlhuman-2024,地方公務
kobe,kobe-intlhuman,2024,川崎重工業,1,1,kobe-list-intlhuman-2024,鉄鋼業・非鉄金属・金属製品製造業
kobe,kobe-intlhuman,2024,双日,1,1,kobe-list-intlhuman-2024,卸売業・小売業
kobe,kobe-intlhuman,2024,双日九州,1,1,kobe-list-intlhuman-2024,卸売業
kobe,kobe-intlhuman,2024,蒼蓮,1,1,kobe-list-intlhuman-2024,情報通信業
kobe,kobe-intlhuman,2024,大阪家庭裁判所,1,1,kobe-list-intlhuman-2024,国家公務
kobe,kobe-intlhuman,2024,大阪厚生信用金庫,1,1,kobe-list-intlhuman-2024,金融業
kobe,kobe-intlhuman,2024,大阪高等裁判所,1,1,kobe-list-intlhuman-2024,国家公務
kobe,kobe-intlhuman,2024,大阪市高速電気軌道,2,1,kobe-list-intlhuman-2024,運輸業、郵便業
kobe,kobe-intlhuman,2024,大阪市立小学校（教員）,3,1,kobe-list-intlhuman-2024,学校教育
kobe,kobe-intlhuman,2024,大阪府庁,2,1,kobe-list-intlhuman-2024,地方公務
kobe,kobe-intlhuman,2024,大林組,1,1,kobe-list-intlhuman-2024,建設業
kobe,kobe-intlhuman,2024,第一生命保険,1,1,kobe-list-intlhuman-2024,金融業・保険業
kobe,kobe-intlhuman,2024,池田泉州銀行,1,1,kobe-list-intlhuman-2024,金融業・保険業
kobe,kobe-intlhuman,2024,中部国際空港,1,1,kobe-list-intlhuman-2024,運輸業、郵便業
kobe,kobe-intlhuman,2024,鉄道弘済会,1,1,kobe-list-intlhuman-2024,社会保険・社会福祉・介護事業・保育所
kobe,kobe-intlhuman,2024,電通デジタル,1,1,kobe-list-intlhuman-2024,情報通信業
kobe,kobe-intlhuman,2024,電通総研,1,1,kobe-list-intlhuman-2024,情報通信業
kobe,kobe-intlhuman,2024,電波新聞社,1,1,kobe-list-intlhuman-2024,情報通信業
kobe,kobe-intlhuman,2024,東ソー・シリカ,1,1,kobe-list-intlhuman-2024,化学工業、石油・石炭製品製造業
kobe,kobe-intlhuman,2024,東京エレクトロン,1,1,kobe-list-intlhuman-2024,電気・情報通信機械器具製造業
kobe,kobe-intlhuman,2024,東京電力ホールディングス,2,1,kobe-list-intlhuman-2024,電気・ガス・熱供給・水道業
kobe,kobe-intlhuman,2024,東芝エネルギーシステムズ,1,1,kobe-list-intlhuman-2024,電気・ガス・熱供給・水道業
kobe,kobe-intlhuman,2024,東日本旅客鉄道（ＪＲ東日本）,1,1,kobe-list-intlhuman-2024,運輸業、郵便業
kobe,kobe-intlhuman,2024,徳島県庁,1,1,kobe-list-intlhuman-2024,地方公務
kobe,kobe-intlhuman,2024,読売新聞大阪本社,1,1,kobe-list-intlhuman-2024,情報通信業
kobe,kobe-intlhuman,2024,酉島製作所,1,1,kobe-list-intlhuman-2024,はん用・生産用・業務用機械器具製造業
kobe,kobe-intlhuman,2024,奈良教育大学附属幼保連携型認定こども園（教員）,1,1,kobe-list-intlhuman-2024,その他の教育、学習支援業
kobe,kobe-intlhuman,2024,内田洋行,1,1,kobe-list-intlhuman-2024,学術研究・専門・技術サービス業
kobe,kobe-intlhuman,2024,南海電気鉄道,1,1,kobe-list-intlhuman-2024,運輸業、郵便業
kobe,kobe-intlhuman,2024,南森町ふくしま内科・循環器内科,1,1,kobe-list-intlhuman-2024,医療業、保健衛生
kobe,kobe-intlhuman,2024,日本イーライリリー,1,1,kobe-list-intlhuman-2024,化学工業・石油・石炭製品製造業
kobe,kobe-intlhuman,2024,日本タタ・コンサルタンシー・サービシズ,1,1,kobe-list-intlhuman-2024,情報通信業
kobe,kobe-intlhuman,2024,日本マクドナルド,1,1,kobe-list-intlhuman-2024,生活関連サービス業・娯楽業
kobe,kobe-intlhuman,2024,日本経済新聞社,1,1,kobe-list-intlhuman-2024,情報通信業
kobe,kobe-intlhuman,2024,日本生命保険,4,1,kobe-list-intlhuman-2024,金融業・保険業
kobe,kobe-intlhuman,2024,日本赤十字社,1,1,kobe-list-intlhuman-2024,医療・福祉
kobe,kobe-intlhuman,2024,日本通運,1,1,kobe-list-intlhuman-2024,運輸業、郵便業
kobe,kobe-intlhuman,2024,日本電気（ＮＥＣ）,3,1,kobe-list-intlhuman-2024,電気・情報通信機械器具製造業
kobe,kobe-intlhuman,2024,日本文教出版,2,1,kobe-list-intlhuman-2024,その他の専門・技術サービス業
kobe,kobe-intlhuman,2024,日本放送協会（ＮＨＫ）,2,1,kobe-list-intlhuman-2024,情報通信業
kobe,kobe-intlhuman,2024,日本貿易振興機構,1,1,kobe-list-intlhuman-2024,その他（分類不能の産業）
kobe,kobe-intlhuman,2024,日本毛織,1,1,kobe-list-intlhuman-2024,繊維工業
kobe,kobe-intlhuman,2024,日立ヴァンタラ,1,1,kobe-list-intlhuman-2024,情報通信業
kobe,kobe-intlhuman,2024,日立プラントサービス,1,1,kobe-list-intlhuman-2024,建設業
kobe,kobe-intlhuman,2024,日立製作所,1,1,kobe-list-intlhuman-2024,電気・情報通信機械器具製造業
kobe,kobe-intlhuman,2024,如水館高等学校（教員）,1,1,kobe-list-intlhuman-2024,学校教育（大学を含む）
kobe,kobe-intlhuman,2024,農林水産省近畿農政局,1,1,kobe-list-intlhuman-2024,国家公務
kobe,kobe-intlhuman,2024,博報堂プロダクツ,1,1,kobe-list-intlhuman-2024,学術研究・専門・技術サービス業
kobe,kobe-intlhuman,2024,姫路市立小学校（教員）,2,1,kobe-list-intlhuman-2024,学校教育（大学を含む）
kobe,kobe-intlhuman,2024,富士フイルム,2,1,kobe-list-intlhuman-2024,化学工業・石油・石炭製品製造業
kobe,kobe-intlhuman,2024,富士通,1,1,kobe-list-intlhuman-2024,電気・情報通信機械器具製造業
kobe,kobe-intlhuman,2024,兵庫県立小学校（教員）,1,1,kobe-list-intlhuman-2024,学校教育
kobe,kobe-intlhuman,2024,兵庫県立中学校（教員）,1,1,kobe-list-intlhuman-2024,学校教育
kobe,kobe-intlhuman,2024,兵庫六甲農業協同組合,1,1,kobe-list-intlhuman-2024,複合サービス事業（郵便局・農林水産協同組合等）
kobe,kobe-intlhuman,2024,米久,1,1,kobe-list-intlhuman-2024,食料品・飲料・たばこ・飼料製造業
kobe,kobe-intlhuman,2024,宝ホールディングス,1,1,kobe-list-intlhuman-2024,食料品・飲料・たばこ・飼料製造業
kobe,kobe-intlhuman,2024,法務省神戸地方法務局,1,1,kobe-list-intlhuman-2024,国家公務
kobe,kobe-intlhuman,2024,豊通ファッションエクスプレス,1,1,kobe-list-intlhuman-2024,卸売業
kobe,kobe-intlhuman,2024,豊田市役所,1,1,kobe-list-intlhuman-2024,地方公務
kobe,kobe-intlhuman,2024,防衛省近畿中部防衛局,1,1,kobe-list-intlhuman-2024,国家公務
kobe,kobe-intlhuman,2024,北菱電興,1,1,kobe-list-intlhuman-2024,卸売業
kobe,kobe-intlhuman,2024,名古屋市役所,1,1,kobe-list-intlhuman-2024,地方公務
kobe,kobe-intlhuman,2024,明治安田生命保険,1,1,kobe-list-intlhuman-2024,金融業・保険業
kobe,kobe-intlhuman,2024,理研ビタミン,1,1,kobe-list-intlhuman-2024,食料品・飲料・たばこ・飼料製造業
kobe,kobe-intlhuman,2024,良品計画,1,1,kobe-list-intlhuman-2024,卸売業・小売業
kobe,kobe-intlhuman,2024,Ｐ＆Ｇジャパン,1,1,kobe-list-intlhuman-2024,卸売業・小売業
kobe,kobe-intlhuman,2024,大阪瓦斯（大阪ガス）,1,1,kobe-list-intlhuman-2024,電気・ガス・熱供給・水道業
kobe,kobe-law,2024,Ｄｉｒｂａｔｏ,1,1,kobe-list-law-2024,情報通信業
kobe,kobe-law,2024,ＤＭＧ森精機,1,1,kobe-list-law-2024,はん用・生産用・業務用機械器具製造業
kobe,kobe-law,2024,ＤＯＷＡホールディングス,1,1,kobe-list-law-2024,鉄鋼業・非鉄金属・金属製品製造業
kobe,kobe-law,2024,ＧＡ ｔｅｃｈｎｏｌｏｇｉｅｓ,1,1,kobe-list-law-2024,不動産業・物品賃貸業
kobe,kobe-law,2024,ＧＳユアサ,1,1,kobe-list-law-2024,電気・情報通信機械器具製造業
kobe,kobe-law,2024,Ｈ．Ｕ．グループホールディングス,1,1,kobe-list-law-2024,学術研究・専門・技術サービス業
kobe,kobe-law,2024,ＪＲ西日本不動産開発,1,1,kobe-list-law-2024,不動産業・物品賃貸業
kobe,kobe-law,2024,ＮＴＴデータ,2,1,kobe-list-law-2024,情報通信業
kobe,kobe-law,2024,ＮＴＴドコモ,3,1,kobe-list-law-2024,情報通信業
kobe,kobe-law,2024,ＴＢＳテレビ,1,1,kobe-list-law-2024,情報通信業
kobe,kobe-law,2024,ＴＭＩ総合法律事務所,2,1,kobe-list-law-2024,学術研究・専門・技術サービス業
kobe,kobe-law,2024,アフラック生命保険,1,1,kobe-list-law-2024,金融業・保険業
kobe,kobe-law,2024,オープンハウス・アーキテクト,1,1,kobe-list-law-2024,建設業
kobe,kobe-law,2024,オンデーズ,1,1,kobe-list-law-2024,卸売業・小売業
kobe,kobe-law,2024,かんぽ生命保険,1,1,kobe-list-law-2024,金融業・保険業
kobe,kobe-law,2024,クラレ,1,1,kobe-list-law-2024,化学工業・石油・石炭製品製造業
kobe,kobe-law,2024,システムトラスト,1,1,kobe-list-law-2024,情報通信業
kobe,kobe-law,2024,シティ・コム,1,1,kobe-list-law-2024,情報通信業
kobe,kobe-law,2024,スズキ,1,1,kobe-list-law-2024,輸送用機械器具製造業
kobe,kobe-law,2024,デンソー,1,1,kobe-list-law-2024,電気・情報通信機械器具製造業
kobe,kobe-law,2024,トヨタ自動車,1,1,kobe-list-law-2024,輸送用機械器具製造業
kobe,kobe-law,2024,ネクスパート法律事務所,1,1,kobe-list-law-2024,学術研究・専門・技術サービス業
kobe,kobe-law,2024,ハイマックス,1,1,kobe-list-law-2024,情報通信業
kobe,kobe-law,2024,パナソニックエンターテインメント＆コミュニケーション,1,1,kobe-list-law-2024,その他の製造業
kobe,kobe-law,2024,プレサンスコーポレーション,1,1,kobe-list-law-2024,不動産取引・賃貸・管理業
kobe,kobe-law,2024,ベイカレント・コンサルティング,1,1,kobe-list-law-2024,学術研究・専門・技術サービス業
kobe,kobe-law,2024,ベネッセホールディングス,1,1,kobe-list-law-2024,その他の教育・学習支援業
kobe,kobe-law,2024,ベルモニー,1,1,kobe-list-law-2024,その他のサービス業
kobe,kobe-law,2024,みずほ証券,1,1,kobe-list-law-2024,金融業・保険業
kobe,kobe-law,2024,みなと銀行,2,1,kobe-list-law-2024,金融業・保険業
kobe,kobe-law,2024,ユー・エス・ジェイ,1,1,kobe-list-law-2024,生活関連サービス業・娯楽業
kobe,kobe-law,2024,ラック,1,1,kobe-list-law-2024,情報通信業
kobe,kobe-law,2024,りそな銀行,2,1,kobe-list-law-2024,金融業・保険業
kobe,kobe-law,2024,伊藤忠エネクス,1,1,kobe-list-law-2024,卸売業・小売業
kobe,kobe-law,2024,関電システムズ,1,1,kobe-list-law-2024,情報通信業
kobe,kobe-law,2024,丸紅,1,1,kobe-list-law-2024,卸売業・小売業
kobe,kobe-law,2024,宮内庁,1,1,kobe-list-law-2024,国家公務
kobe,kobe-law,2024,京都市役所,1,1,kobe-list-law-2024,地方公務
kobe,kobe-law,2024,京都地方裁判所,1,1,kobe-list-law-2024,国家公務
kobe,kobe-law,2024,近鉄グループホールディングス,2,1,kobe-list-law-2024,運輸業、郵便業
kobe,kobe-law,2024,個人情報保護委員会,1,1,kobe-list-law-2024,国家公務
kobe,kobe-law,2024,財務省国税庁,2,1,kobe-list-law-2024,国家公務
kobe,kobe-law,2024,財務省東京税関,1,1,kobe-list-law-2024,国家公務
kobe,kobe-law,2024,阪急阪神ホールディングス,1,1,kobe-list-law-2024,運輸業、郵便業
kobe,kobe-law,2024,三井住友信託銀行,3,1,kobe-list-law-2024,金融業・保険業
kobe,kobe-law,2024,三菱ＵＦＪ銀行,1,1,kobe-list-law-2024,金融業・保険業
kobe,kobe-law,2024,三菱ＵＦＪ信託銀行,1,1,kobe-list-law-2024,金融業・保険業
kobe,kobe-law,2024,三菱鉛筆,1,1,kobe-list-law-2024,はん用・生産用・業務用機械器具製造業
kobe,kobe-law,2024,三菱重工業,2,1,kobe-list-law-2024,輸送用機械器具製造業
kobe,kobe-law,2024,三菱電機,1,1,kobe-list-law-2024,電気・情報通信機械器具製造業
kobe,kobe-law,2024,鹿島建設,1,1,kobe-list-law-2024,建設業
kobe,kobe-law,2024,住信ＳＢＩネット銀行,1,1,kobe-list-law-2024,金融業・保険業
kobe,kobe-law,2024,小森コーポレーション,1,1,kobe-list-law-2024,印刷・同関連業
kobe,kobe-law,2024,松山地方裁判所,1,1,kobe-list-law-2024,国家公務
kobe,kobe-law,2024,森永製菓,1,1,kobe-list-law-2024,食料品・飲料・たばこ・飼料製造業
kobe,kobe-law,2024,神戸家庭裁判所,1,1,kobe-list-law-2024,国家公務
kobe,kobe-law,2024,神戸市役所,1,1,kobe-list-law-2024,地方公務
kobe,kobe-law,2024,神戸製鋼所,1,1,kobe-list-law-2024,鉄鋼業・非鉄金属・金属製品製造業
kobe,kobe-law,2024,神戸大学,1,1,kobe-list-law-2024,学校教育
kobe,kobe-law,2024,神戸地方裁判所,2,1,kobe-list-law-2024,国家公務
kobe,kobe-law,2024,清水建設,1,1,kobe-list-law-2024,建設業
kobe,kobe-law,2024,生和コーポレーション,1,1,kobe-list-law-2024,不動産取引・賃貸・管理業
kobe,kobe-law,2024,西松屋チェーン,1,1,kobe-list-law-2024,卸売業・小売業
kobe,kobe-law,2024,西日本旅客鉄道（ＪＲ西日本）,1,1,kobe-list-law-2024,運輸業、郵便業
kobe,kobe-law,2024,双日,1,1,kobe-list-law-2024,卸売業・小売業
kobe,kobe-law,2024,総務省,1,1,kobe-list-law-2024,国家公務
kobe,kobe-law,2024,大阪地方裁判所,1,1,kobe-list-law-2024,国家公務
kobe,kobe-law,2024,大和証券,1,1,kobe-list-law-2024,金融業・保険業
kobe,kobe-law,2024,中国電力,1,1,kobe-list-law-2024,電気・ガス・熱供給・水道業
kobe,kobe-law,2024,朝日新聞社,1,1,kobe-list-law-2024,情報通信業
kobe,kobe-law,2024,朝日放送テレビ,1,1,kobe-list-law-2024,情報通信業
kobe,kobe-law,2024,鳥取県庁,1,1,kobe-list-law-2024,地方公務
kobe,kobe-law,2024,鳥取市役所,1,1,kobe-list-law-2024,地方公務
kobe,kobe-law,2024,鳥取地方裁判所,2,1,kobe-list-law-2024,国家公務
kobe,kobe-law,2024,津市役所,1,1,kobe-list-law-2024,地方公務
kobe,kobe-law,2024,島津製作所,2,1,kobe-list-law-2024,はん用・生産用・業務用機械器具製造業
kobe,kobe-law,2024,東京海上日動火災保険,2,1,kobe-list-law-2024,金融業・保険業
kobe,kobe-law,2024,東京都庁,1,1,kobe-list-law-2024,地方公務
kobe,kobe-law,2024,東電不動産,1,1,kobe-list-law-2024,不動産取引・賃貸・管理業
kobe,kobe-law,2024,東洋アルミニウム,1,1,kobe-list-law-2024,鉄鋼業・非鉄金属・金属製品製造業
kobe,kobe-law,2024,東洋建設,1,1,kobe-list-law-2024,建設業
kobe,kobe-law,2024,奈良家庭裁判所,1,1,kobe-list-law-2024,国家公務
kobe,kobe-law,2024,日鉄ソリューションズ,1,1,kobe-list-law-2024,情報通信業
kobe,kobe-law,2024,日本アイ・ビー・エム（日本ＩＢＭ）,1,1,kobe-list-law-2024,情報通信業
kobe,kobe-law,2024,日本司法支援センター,1,1,kobe-list-law-2024,学術研究・専門・技術サービス業
kobe,kobe-law,2024,日本製鉄,2,1,kobe-list-law-2024,鉄鋼業・非鉄金属・金属製品製造業
kobe,kobe-law,2024,日本総合研究所,1,1,kobe-list-law-2024,学術研究・専門・技術サービス業
kobe,kobe-law,2024,富士通,1,1,kobe-list-law-2024,電気・情報通信機械器具製造業
kobe,kobe-law,2024,富士電機,1,1,kobe-list-law-2024,電気・情報通信機械器具製造業
kobe,kobe-law,2024,兵庫教育大学（職員）,1,1,kobe-list-law-2024,学校教育（大学を含む）
kobe,kobe-law,2024,兵庫県庁,1,1,kobe-list-law-2024,地方公務
kobe,kobe-law,2024,法務省京都地方法務局,1,1,kobe-list-law-2024,国家公務
kobe,kobe-law,2024,法務省神戸地方法務局,2,1,kobe-list-law-2024,国家公務
kobe,kobe-law,2024,法務省大阪法務局,1,1,kobe-list-law-2024,国家公務
kobe,kobe-law,2024,北陸電力,2,1,kobe-list-law-2024,電気・ガス・熱供給・水道業
kobe,kobe-law,2024,明治安田生命保険,2,1,kobe-list-law-2024,金融業・保険業
kobe,kobe-law,2024,木曽路,1,1,kobe-list-law-2024,宿泊業、飲食サービス業
kobe,kobe-law,2024,野村證券,1,1,kobe-list-law-2024,金融業・保険業
kobe,kobe-law,2024,和歌山県庁,1,1,kobe-list-law-2024,地方公務
kobe,kobe-law,2024,和歌山大学,1,1,kobe-list-law-2024,学校教育
kobe,kobe-law,2024,大阪瓦斯（大阪ガス）,1,1,kobe-list-law-2024,電気・ガス・熱供給・水道業
kobe,kobe-economics,2024,＜マレーシア＞ＪＣＬＣｒｅｄｉｔＬｅａｓｉｎｇＳｄｎＢｈｄ,1,1,kobe-list-economics-2024,金融業
kobe,kobe-economics,2024,ＤＸＣテクノロジー・ジャパン,1,1,kobe-list-economics-2024,情報通信業
kobe,kobe-economics,2024,ＥＹ新日本有限責任監査法人,3,1,kobe-list-economics-2024,学術研究・専門・技術サービス業
kobe,kobe-economics,2024,ＩＳＳリアライズ,1,1,kobe-list-economics-2024,鉄鋼業・非鉄金属・金属製品製造業
kobe,kobe-economics,2024,ｊｉｎｊｅｒ,1,1,kobe-list-economics-2024,その他（分類不能の産業）
kobe,kobe-economics,2024,ＪＳＯＬ,1,1,kobe-list-economics-2024,複合サービス事業
kobe,kobe-economics,2024,ＪＴＢ,1,1,kobe-list-economics-2024,生活関連サービス業・娯楽業
kobe,kobe-economics,2024,Ｌｅｇａｓｅｅｄ,1,1,kobe-list-economics-2024,複合サービス事業
kobe,kobe-economics,2024,ＮＴＮ,1,1,kobe-list-economics-2024,はん用・生産用・業務用機械器具製造業
kobe,kobe-economics,2024,ＮＴＴデータエンジニアリングシステムズ,1,1,kobe-list-economics-2024,情報通信業
kobe,kobe-economics,2024,ＮＴＴデータグループ,1,1,kobe-list-economics-2024,情報通信業
kobe,kobe-economics,2024,ＮＴＴファイナンス,1,1,kobe-list-economics-2024,金融業・保険業
kobe,kobe-economics,2024,ＰｗＣ,2,1,kobe-list-economics-2024,学術研究・専門・技術サービス業
kobe,kobe-economics,2024,ＰｗＣＪａｐａｎ,1,1,kobe-list-economics-2024,その他の専門・技術サービス業
kobe,kobe-economics,2024,ＳＢＩ新生銀行,1,1,kobe-list-economics-2024,金融業・保険業
kobe,kobe-economics,2024,ＳＣＲＥＥＮセミコンダクターソリューションズ,1,1,kobe-list-economics-2024,はん用・生産用・業務用機械器具製造業
kobe,kobe-economics,2024,ＳＣＳＫ,2,1,kobe-list-economics-2024,情報通信業
kobe,kobe-economics,2024,ＳＭＢＣ日興証券,1,1,kobe-list-economics-2024,金融業・保険業
kobe,kobe-economics,2024,ＵーＮＥＸＴＨＯＬＤＩＮＧＳ,1,1,kobe-list-economics-2024,情報通信業
kobe,kobe-economics,2024,アイ・ピー・エス,1,1,kobe-list-economics-2024,情報通信業
kobe,kobe-economics,2024,アクセンチュア,1,1,kobe-list-economics-2024,学術研究・専門・技術サービス業
kobe,kobe-economics,2024,アサヒグループ食品,1,1,kobe-list-economics-2024,食料品・飲料・たばこ・飼料製造業
kobe,kobe-economics,2024,アサヒ飲料,1,1,kobe-list-economics-2024,食料品・飲料・たばこ・飼料製造業
kobe,kobe-economics,2024,あずさ監査法人,1,1,kobe-list-economics-2024,その他の専門・技術サービス業
kobe,kobe-economics,2024,アダストリア,1,1,kobe-list-economics-2024,小売業
kobe,kobe-economics,2024,アビームコンサルティング,2,1,kobe-list-economics-2024,学術研究・専門・技術サービス業
kobe,kobe-economics,2024,アフラック生命保険,1,1,kobe-list-economics-2024,金融業・保険業
kobe,kobe-economics,2024,エムジー,1,1,kobe-list-economics-2024,電子部品・デバイス・電子回路製造業
kobe,kobe-economics,2024,オリックス,2,1,kobe-list-economics-2024,金融業・保険業
kobe,kobe-economics,2024,オリックス銀行,1,1,kobe-list-economics-2024,金融業・保険業
kobe,kobe-economics,2024,カプコン,1,1,kobe-list-economics-2024,生活関連サービス業・娯楽業
kobe,kobe-economics,2024,かんぽ生命保険,1,1,kobe-list-economics-2024,金融業・保険業
kobe,kobe-economics,2024,グローリー,1,1,kobe-list-economics-2024,電気・情報通信機械器具製造業
kobe,kobe-economics,2024,コカ・コーラボトラーズジャパンベンディング,1,1,kobe-list-economics-2024,食料品・飲料・たばこ・飼料製造業
kobe,kobe-economics,2024,コニシ,1,1,kobe-list-economics-2024,化学工業・石油・石炭製品製造業
kobe,kobe-economics,2024,サイバーエージェント,1,1,kobe-list-economics-2024,情報通信業
kobe,kobe-economics,2024,ザイマックス,1,1,kobe-list-economics-2024,不動産取引・賃貸・管理業
kobe,kobe-economics,2024,サムティ,1,1,kobe-list-economics-2024,不動産業・物品賃貸業
kobe,kobe-economics,2024,サントリーホールディングス,1,1,kobe-list-economics-2024,食料品・飲料・たばこ・飼料製造業
kobe,kobe-economics,2024,サンリオ,2,1,kobe-list-economics-2024,卸売業・小売業
kobe,kobe-economics,2024,ジーニー,1,1,kobe-list-economics-2024,情報通信業
kobe,kobe-economics,2024,ジャノメクレディア,1,1,kobe-list-economics-2024,情報通信業
kobe,kobe-economics,2024,シンプレクス・ホールディングス,1,1,kobe-list-economics-2024,情報通信業
kobe,kobe-economics,2024,スズキ,1,1,kobe-list-economics-2024,輸送用機械器具製造業
kobe,kobe-economics,2024,ソニー損害保険,1,1,kobe-list-economics-2024,保険業
kobe,kobe-economics,2024,ダイキン工業,1,1,kobe-list-economics-2024,電気・情報通信機械器具製造業
kobe,kobe-economics,2024,チップワンストップ,1,1,kobe-list-economics-2024,電子部品・デバイス・電子回路製造業
kobe,kobe-economics,2024,データＸ,1,1,kobe-list-economics-2024,情報通信業
kobe,kobe-economics,2024,デロイトトーマツファイナンシャルアドバイザリー,2,1,kobe-list-economics-2024,学術研究・専門・技術サービス業
kobe,kobe-economics,2024,デロイトトーマツリスクアドバイザリー,2,1,kobe-list-economics-2024,その他の専門・技術サービス業
kobe,kobe-economics,2024,トーマツ,1,1,kobe-list-economics-2024,その他
kobe,kobe-economics,2024,トヨタ自動車,1,1,kobe-list-economics-2024,輸送用機械器具製造業
kobe,kobe-economics,2024,ニップン,1,1,kobe-list-economics-2024,食料品・飲料・たばこ・飼料製造業
kobe,kobe-economics,2024,ネイバーズ,1,1,kobe-list-economics-2024,情報通信業
kobe,kobe-economics,2024,ネットプロテクションズ,1,1,kobe-list-economics-2024,情報通信業
kobe,kobe-economics,2024,ハウスリンクマネジメント,1,1,kobe-list-economics-2024,不動産取引・賃貸・管理業
kobe,kobe-economics,2024,ビクターエンタテインメント,1,1,kobe-list-economics-2024,生活関連サービス業、娯楽業
kobe,kobe-economics,2024,ビズリーチ,1,1,kobe-list-economics-2024,情報通信業
kobe,kobe-economics,2024,ブラザー工業,1,1,kobe-list-economics-2024,電気・情報通信機械器具製造業
kobe,kobe-economics,2024,プログリット,1,1,kobe-list-economics-2024,その他の教育、学習支援業
kobe,kobe-economics,2024,ベイカレント・コンサルティング,1,1,kobe-list-economics-2024,学術研究・専門・技術サービス業
kobe,kobe-economics,2024,ベイクルーズ,1,1,kobe-list-economics-2024,卸売業・小売業
kobe,kobe-economics,2024,マーキュリー,1,1,kobe-list-economics-2024,情報通信業
kobe,kobe-economics,2024,みずほ銀行,2,1,kobe-list-economics-2024,金融業・保険業
kobe,kobe-economics,2024,みずほ証券,1,1,kobe-list-economics-2024,金融業・保険業
kobe,kobe-economics,2024,みなと銀行,1,1,kobe-list-economics-2024,金融業・保険業
kobe,kobe-economics,2024,ミネベアミツミ,1,1,kobe-list-economics-2024,電子部品・デバイス・電子回路製造業
kobe,kobe-economics,2024,ゆうちょ銀行,1,1,kobe-list-economics-2024,金融業・保険業
kobe,kobe-economics,2024,りそな銀行,2,1,kobe-list-economics-2024,金融業・保険業
kobe,kobe-economics,2024,リンクアンドモチベーション,1,1,kobe-list-economics-2024,学術研究・専門・技術サービス業
kobe,kobe-economics,2024,レバレジーズ,1,1,kobe-list-economics-2024,複合サービス事業
kobe,kobe-economics,2024,旭化成建材,1,1,kobe-list-economics-2024,その他の製造業
kobe,kobe-economics,2024,伊藤忠丸紅鉄鋼,1,1,kobe-list-economics-2024,卸売業・小売業
kobe,kobe-economics,2024,岩谷産業,1,1,kobe-list-economics-2024,電気・ガス・熱供給・水道業
kobe,kobe-economics,2024,京都銀行,1,1,kobe-list-economics-2024,金融業・保険業
kobe,kobe-economics,2024,京都府庁,1,1,kobe-list-economics-2024,地方公務
kobe,kobe-economics,2024,経済産業省近畿経済産業局,1,1,kobe-list-economics-2024,国家公務
kobe,kobe-economics,2024,経済産業省四国経済産業局,1,1,kobe-list-economics-2024,国家公務
kobe,kobe-economics,2024,広島信用金庫,1,1,kobe-list-economics-2024,金融業
kobe,kobe-economics,2024,国土交通省大阪航空局,1,1,kobe-list-economics-2024,国家公務
kobe,kobe-economics,2024,国分西日本,1,1,kobe-list-economics-2024,卸売業
kobe,kobe-economics,2024,今治造船,1,1,kobe-list-economics-2024,その他の製造業
kobe,kobe-economics,2024,在ブルキナファソ日本大使館,1,1,kobe-list-economics-2024,国家公務
kobe,kobe-economics,2024,財務省,1,1,kobe-list-economics-2024,国家公務
kobe,kobe-economics,2024,財務省東海財務局,1,1,kobe-list-economics-2024,国家公務
kobe,kobe-economics,2024,阪急阪神ホールディングス,1,1,kobe-list-economics-2024,運輸業、郵便業
kobe,kobe-economics,2024,三井住友海上火災保険,1,1,kobe-list-economics-2024,金融業・保険業
kobe,kobe-economics,2024,三井住友銀行,8,1,kobe-list-economics-2024,金融業・保険業
kobe,kobe-economics,2024,三井住友信託銀行,10,1,kobe-list-economics-2024,金融業・保険業
kobe,kobe-economics,2024,三井不動産,1,1,kobe-list-economics-2024,不動産業・物品賃貸業
kobe,kobe-economics,2024,三菱ＵＦＪインフォメーションテクノロジー,1,1,kobe-list-economics-2024,情報通信業
kobe,kobe-economics,2024,三菱ＵＦＪモルガン・スタンレー証券,1,1,kobe-list-economics-2024,金融業・保険業
kobe,kobe-economics,2024,三菱ＵＦＪ銀行,10,1,kobe-list-economics-2024,金融業・保険業
kobe,kobe-economics,2024,三菱ＵＦＪ信託銀行,2,1,kobe-list-economics-2024,金融業・保険業
kobe,kobe-economics,2024,三菱瓦斯化学（三菱ガス化学）,1,1,kobe-list-economics-2024,化学工業・石油・石炭製品製造業
kobe,kobe-economics,2024,三菱重工業,3,1,kobe-list-economics-2024,輸送用機械器具製造業
kobe,kobe-economics,2024,三菱地所プロパティマネジメント,1,1,kobe-list-economics-2024,物品賃貸業
kobe,kobe-economics,2024,住金中央金庫,1,1,kobe-list-economics-2024,金融業
kobe,kobe-economics,2024,住信ＳＢＩネット銀行,1,1,kobe-list-economics-2024,金融業・保険業
kobe,kobe-economics,2024,住友化学,2,1,kobe-list-economics-2024,化学工業・石油・石炭製品製造業
kobe,kobe-economics,2024,住友生命保険,1,1,kobe-list-economics-2024,金融業・保険業
kobe,kobe-economics,2024,住友電気工業,2,1,kobe-list-economics-2024,鉄鋼業・非鉄金属・金属製品製造業
kobe,kobe-economics,2024,松山地方裁判所,1,1,kobe-list-economics-2024,国家公務
kobe,kobe-economics,2024,神栄,1,1,kobe-list-economics-2024,卸売業・小売業
kobe,kobe-economics,2024,神戸市役所,1,1,kobe-list-economics-2024,地方公務
kobe,kobe-economics,2024,神戸製鋼所,1,1,kobe-list-economics-2024,鉄鋼業・非鉄金属・金属製品製造業
kobe,kobe-economics,2024,生活協同組合コープこうべ,1,1,kobe-list-economics-2024,農業・林業
kobe,kobe-economics,2024,西日本高速道路,1,1,kobe-list-economics-2024,複合サービス事業
kobe,kobe-economics,2024,西日本電信電話（ＮＴＴ西日本）,1,1,kobe-list-economics-2024,情報通信業
kobe,kobe-economics,2024,西日本旅客鉄道（ＪＲ西日本）,1,1,kobe-list-economics-2024,運輸業、郵便業
kobe,kobe-economics,2024,静岡県庁,2,1,kobe-list-economics-2024,地方公務
kobe,kobe-economics,2024,積水化学工業,1,1,kobe-list-economics-2024,化学工業・石油・石炭製品製造業
kobe,kobe-economics,2024,川崎重工業,1,1,kobe-list-economics-2024,鉄鋼業・非鉄金属・金属製品製造業
kobe,kobe-economics,2024,全国労働者共済生活協同組合連合会,1,1,kobe-list-economics-2024,金融業・保険業
kobe,kobe-economics,2024,総務省,1,1,kobe-list-economics-2024,国家公務
kobe,kobe-economics,2024,総務省九州管区行政評価局,1,1,kobe-list-economics-2024,国家公務
kobe,kobe-economics,2024,大阪地方裁判所,1,1,kobe-list-economics-2024,国家公務
kobe,kobe-economics,2024,大阪府庁,1,1,kobe-list-economics-2024,地方公務
kobe,kobe-economics,2024,大樹生命保険,1,1,kobe-list-economics-2024,金融業・保険業
kobe,kobe-economics,2024,大日本印刷,1,1,kobe-list-economics-2024,印刷・同関連業
kobe,kobe-economics,2024,大和ハウス工業,3,1,kobe-list-economics-2024,建設業
kobe,kobe-economics,2024,大和郡山市役所,1,1,kobe-list-economics-2024,地方公務
kobe,kobe-economics,2024,大和証券,2,1,kobe-list-economics-2024,金融業・保険業
kobe,kobe-economics,2024,第一生命保険,1,1,kobe-list-economics-2024,金融業・保険業
kobe,kobe-economics,2024,第四北越銀行,1,1,kobe-list-economics-2024,金融業
kobe,kobe-economics,2024,竹中工務店,1,1,kobe-list-economics-2024,建設業
kobe,kobe-economics,2024,中国銀行,1,1,kobe-list-economics-2024,金融業・保険業
kobe,kobe-economics,2024,中山通商,1,1,kobe-list-economics-2024,卸売業
kobe,kobe-economics,2024,長崎県庁,1,1,kobe-list-economics-2024,地方公務
kobe,kobe-economics,2024,長谷工コーポレーション,2,1,kobe-list-economics-2024,建設業
kobe,kobe-economics,2024,渡辺パイプ,1,1,kobe-list-economics-2024,卸売業
kobe,kobe-economics,2024,島津製作所,1,1,kobe-list-economics-2024,はん用・生産用・業務用機械器具製造業
kobe,kobe-economics,2024,東海東京フィナンシャル・ホールディングス,1,1,kobe-list-economics-2024,金融業
kobe,kobe-economics,2024,東急不動産,1,1,kobe-list-economics-2024,不動産業・物品賃貸業
kobe,kobe-economics,2024,東京海上日動安心１１０番,1,1,kobe-list-economics-2024,保険業
kobe,kobe-economics,2024,藤井電機,1,1,kobe-list-economics-2024,電気・情報通信機械器具製造業
kobe,kobe-economics,2024,徳島大正銀行,1,1,kobe-list-economics-2024,金融業・保険業
kobe,kobe-economics,2024,読売新聞大阪本社,1,1,kobe-list-economics-2024,情報通信業
kobe,kobe-economics,2024,内閣府,1,1,kobe-list-economics-2024,国家公務
kobe,kobe-economics,2024,日東電工,1,1,kobe-list-economics-2024,化学工業・石油・石炭製品製造業
kobe,kobe-economics,2024,日東富士製粉,1,1,kobe-list-economics-2024,食料品・飲料・たばこ・飼料製造業
kobe,kobe-economics,2024,日本タタ・コンサルタンシー・サービシズ,1,1,kobe-list-economics-2024,情報通信業
kobe,kobe-economics,2024,日本碍子（日本ガイシ）,1,1,kobe-list-economics-2024,化学工業・石油・石炭製品製造業
kobe,kobe-economics,2024,日本航空（ＪＡＬ）,1,1,kobe-list-economics-2024,運輸業、郵便業
kobe,kobe-economics,2024,日本生命保険,5,1,kobe-list-economics-2024,金融業・保険業
kobe,kobe-economics,2024,日本電気（ＮＥＣ）,1,1,kobe-list-economics-2024,電気・情報通信機械器具製造業
kobe,kobe-economics,2024,日本年金機構,1,1,kobe-list-economics-2024,複合サービス事業
kobe,kobe-economics,2024,日立社会情報サービス,1,1,kobe-list-economics-2024,情報通信業
kobe,kobe-economics,2024,日立製作所,1,1,kobe-list-economics-2024,電気・情報通信機械器具製造業
kobe,kobe-economics,2024,農林中央金庫,2,1,kobe-list-economics-2024,金融業・保険業
kobe,kobe-economics,2024,富士フイルムビジネスイノベーション,1,1,kobe-list-economics-2024,電気・情報通信機械器具製造業
kobe,kobe-economics,2024,富士通,1,1,kobe-list-economics-2024,電気・情報通信機械器具製造業
kobe,kobe-economics,2024,福岡地所,1,1,kobe-list-economics-2024,不動産取引・賃貸・管理業
kobe,kobe-economics,2024,兵庫県信用保証協会,1,1,kobe-list-economics-2024,金融業・保険業
kobe,kobe-economics,2024,兵庫県庁,1,1,kobe-list-economics-2024,地方公務
kobe,kobe-economics,2024,平和堂,1,1,kobe-list-economics-2024,小売業
kobe,kobe-economics,2024,北陸銀行,1,1,kobe-list-economics-2024,金融業・保険業
kobe,kobe-economics,2024,北國フィナンシャルホールディングス,1,1,kobe-list-economics-2024,金融業・保険業
kobe,kobe-economics,2024,本田技研工業（ＨＯＮＤＡ）,1,1,kobe-list-economics-2024,輸送用機械器具製造業
kobe,kobe-economics,2024,明治安田システム・テクノロジー,1,1,kobe-list-economics-2024,情報通信業
kobe,kobe-economics,2024,野村證券,2,1,kobe-list-economics-2024,金融業・保険業
kobe,kobe-economics,2024,有限責任あずさ監査法人,5,1,kobe-list-economics-2024,学術研究・専門・技術サービス業
kobe,kobe-economics,2024,澁澤倉庫,1,1,kobe-list-economics-2024,運輸業、郵便業
kobe,kobe-economics,2024,大阪瓦斯（大阪ガス）,2,1,kobe-list-economics-2024,電気・ガス・熱供給・水道業
kobe,kobe-business,2024,ＡＫＫＯＤｉＳコンサルティング（アコーディオスコンサルティング）,1,1,kobe-list-business-2024,情報通信業
kobe,kobe-business,2024,ＥＹストラテジー・アンド・コンサルティング,1,1,kobe-list-business-2024,学術研究・専門・技術サービス業
kobe,kobe-business,2024,ＥＹ新日本有限責任監査法人,1,1,kobe-list-business-2024,学術研究・専門・技術サービス業
kobe,kobe-business,2024,ＪＡＬＣＯホールディングス,1,1,kobe-list-business-2024,不動産取引・賃貸・管理業
kobe,kobe-business,2024,ＪＡ三井リース,1,1,kobe-list-business-2024,金融業
kobe,kobe-business,2024,ＪＦＥスチール,2,1,kobe-list-business-2024,鉄鋼業・非鉄金属・金属製品製造業
kobe,kobe-business,2024,ＪＦＥ商事,1,1,kobe-list-business-2024,卸売業・小売業
kobe,kobe-business,2024,ＪＲＡシステムサービス,1,1,kobe-list-business-2024,情報通信業
kobe,kobe-business,2024,ＫＤＤＩ,1,1,kobe-list-business-2024,情報通信業
kobe,kobe-business,2024,ＫＰＭＧ税理士法人,1,1,kobe-list-business-2024,学術研究・専門・技術サービス業
kobe,kobe-business,2024,ＮＴＴデータ経営研究所,1,1,kobe-list-business-2024,その他の専門・技術サービス業
kobe,kobe-business,2024,ＮＴＴデータ東海,1,1,kobe-list-business-2024,情報通信業
kobe,kobe-business,2024,ＮＴＴドコモ,3,1,kobe-list-business-2024,情報通信業
kobe,kobe-business,2024,Ｒｉｄｇｅｌｉｎｅｚ,1,1,kobe-list-business-2024,その他の専門・技術サービス業
kobe,kobe-business,2024,Ｓａｎｓａｎ,2,1,kobe-list-business-2024,情報通信業
kobe,kobe-business,2024,ＳＢＩ新生銀行,1,1,kobe-list-business-2024,金融業・保険業
kobe,kobe-business,2024,ＳＭＢＣコンシューマーファイナンス,1,1,kobe-list-business-2024,金融業
kobe,kobe-business,2024,ＳＭＢＣ日興証券,3,1,kobe-list-business-2024,金融業・保険業
kobe,kobe-business,2024,ＳＯＭＰＯひまわり生命保険,1,1,kobe-list-business-2024,金融業・保険業
kobe,kobe-business,2024,ＴＭＥＩＣ,1,1,kobe-list-business-2024,その他の製造業
kobe,kobe-business,2024,あいおいニッセイ同和損害保険,1,1,kobe-list-business-2024,金融業・保険業
kobe,kobe-business,2024,アイシン,1,1,kobe-list-business-2024,その他の製造業
kobe,kobe-business,2024,アイテック阪急阪神,1,1,kobe-list-business-2024,情報通信業
kobe,kobe-business,2024,アウトソーシングテクノロジー,1,1,kobe-list-business-2024,複合サービス事業
kobe,kobe-business,2024,あおぞら銀行,3,1,kobe-list-business-2024,金融業・保険業
kobe,kobe-business,2024,アクセンチュア,2,1,kobe-list-business-2024,学術研究・専門・技術サービス業
kobe,kobe-business,2024,アスコット,1,1,kobe-list-business-2024,情報通信業
kobe,kobe-business,2024,あずさ監査法人,2,1,kobe-list-business-2024,その他の専門・技術サービス業
kobe,kobe-business,2024,アソビュー,1,1,kobe-list-business-2024,情報通信業
kobe,kobe-business,2024,アビームコンサルティング,4,1,kobe-list-business-2024,学術研究・専門・技術サービス業
kobe,kobe-business,2024,アビームシステムズ,1,1,kobe-list-business-2024,情報通信業
kobe,kobe-business,2024,いすゞ自動車,1,1,kobe-list-business-2024,輸送用機械器具製造業
kobe,kobe-business,2024,イングリウッド,2,1,kobe-list-business-2024,情報通信業
kobe,kobe-business,2024,エスプールブルードットグリーン,1,1,kobe-list-business-2024,学術研究、専門・技術サービス業
kobe,kobe-business,2024,エレコム,1,1,kobe-list-business-2024,情報通信業
kobe,kobe-business,2024,オービック,1,1,kobe-list-business-2024,情報通信業
kobe,kobe-business,2024,オプテージ,1,1,kobe-list-business-2024,情報通信業
kobe,kobe-business,2024,オリックス,1,1,kobe-list-business-2024,金融業・保険業
kobe,kobe-business,2024,カワサキモータース,1,1,kobe-list-business-2024,輸送用機械器具製造業
kobe,kobe-business,2024,キヤノンマーケティングジャパン,1,1,kobe-list-business-2024,卸売業・小売業
kobe,kobe-business,2024,クイック,1,1,kobe-list-business-2024,生活関連サービス業・娯楽業
kobe,kobe-business,2024,クボタ,1,1,kobe-list-business-2024,鉄鋼業・非鉄金属・金属製品製造業
kobe,kobe-business,2024,クラウドエース,1,1,kobe-list-business-2024,情報通信業
kobe,kobe-business,2024,ケイミュー,1,1,kobe-list-business-2024,その他の製造業
kobe,kobe-business,2024,ケイラインロジスティックス,1,1,kobe-list-business-2024,運輸業、郵便業
kobe,kobe-business,2024,コクヨ,1,1,kobe-list-business-2024,その他の製造業
kobe,kobe-business,2024,サイバーエージェント,3,1,kobe-list-business-2024,情報通信業
kobe,kobe-business,2024,サカイオーベックス,1,1,kobe-list-business-2024,繊維工業
kobe,kobe-business,2024,サントリーホールディングス,2,1,kobe-list-business-2024,食料品・飲料・たばこ・飼料製造業
kobe,kobe-business,2024,シービーアールイー,1,1,kobe-list-business-2024,不動産取引・賃貸・管理業
kobe,kobe-business,2024,ジェーシービー（ＪＣＢ）,1,1,kobe-list-business-2024,金融業・保険業
kobe,kobe-business,2024,シグマクシス,1,1,kobe-list-business-2024,学術研究・専門・技術サービス業
kobe,kobe-business,2024,システムシェアード,1,1,kobe-list-business-2024,情報通信業
kobe,kobe-business,2024,シスメックス,1,1,kobe-list-business-2024,化学工業・石油・石炭製品製造業
kobe,kobe-business,2024,シャープ,2,1,kobe-list-business-2024,電気・情報通信機械器具製造業
kobe,kobe-business,2024,スマイルハートライフ,1,1,kobe-list-business-2024,保険業
kobe,kobe-business,2024,セガ,1,1,kobe-list-business-2024,生活関連サービス業・娯楽業
kobe,kobe-business,2024,セプテーニ・ホールディングス,1,1,kobe-list-business-2024,その他
kobe,kobe-business,2024,ダイキン工業,1,1,kobe-list-business-2024,電気・情報通信機械器具製造業
kobe,kobe-business,2024,タンスのゲン,1,1,kobe-list-business-2024,小売業
kobe,kobe-business,2024,デロイトトーマツコンサルティング,1,1,kobe-list-business-2024,学術研究・専門・技術サービス業
kobe,kobe-business,2024,トーマツ,1,1,kobe-list-business-2024,その他
kobe,kobe-business,2024,トヨタ自動車,3,1,kobe-list-business-2024,輸送用機械器具製造業
kobe,kobe-business,2024,ニチコン,1,1,kobe-list-business-2024,電子部品・デバイス・電子回路製造業
kobe,kobe-business,2024,ニデック,1,1,kobe-list-business-2024,電子部品・デバイス・電子回路製造業
kobe,kobe-business,2024,ニトリ,1,1,kobe-list-business-2024,卸売業・小売業
kobe,kobe-business,2024,ネスレ日本,1,1,kobe-list-business-2024,食料品・飲料・たばこ・飼料製造業
kobe,kobe-business,2024,ノースサンド,2,1,kobe-list-business-2024,その他の専門・技術サービス業
kobe,kobe-business,2024,パーソルキャリア,4,1,kobe-list-business-2024,複合サービス事業
kobe,kobe-business,2024,パーソルビジネスプロセスデザイン,1,1,kobe-list-business-2024,職業紹介・労働者派遣業
kobe,kobe-business,2024,パナソニック,1,1,kobe-list-business-2024,電気・情報通信機械器具製造業
kobe,kobe-business,2024,パナソニックインダストリー,2,1,kobe-list-business-2024,電子部品・デバイス・電子回路製造業
kobe,kobe-business,2024,ファーストリテイリング,2,1,kobe-list-business-2024,卸売業・小売業
kobe,kobe-business,2024,フォーシーズ,1,1,kobe-list-business-2024,不動産業・物品賃貸業
kobe,kobe-business,2024,フォーミュレーションＩ．Ｔ．Ｓ．,1,1,kobe-list-business-2024,情報通信業
kobe,kobe-business,2024,フタバ産業,1,1,kobe-list-business-2024,輸送用機械器具製造業
kobe,kobe-business,2024,プリマハム,1,1,kobe-list-business-2024,食料品・飲料・たばこ・飼料製造業
kobe,kobe-business,2024,プレサンスコーポレーション,1,1,kobe-list-business-2024,不動産取引・賃貸・管理業
kobe,kobe-business,2024,プロジェクトホールディングス,1,1,kobe-list-business-2024,その他の専門・技術サービス業
kobe,kobe-business,2024,ブロンコビリー,1,1,kobe-list-business-2024,宿泊業、飲食サービス業
kobe,kobe-business,2024,ベネッセコーポレーション,1,1,kobe-list-business-2024,その他の教育・学習支援業
kobe,kobe-business,2024,ポーラ,1,1,kobe-list-business-2024,化学工業・石油・石炭製品製造業
kobe,kobe-business,2024,マーキュリー,1,1,kobe-list-business-2024,情報通信業
kobe,kobe-business,2024,マルマ,1,1,kobe-list-business-2024,その他の事業サービス業
kobe,kobe-business,2024,みずほフィナンシャルグループ,1,1,kobe-list-business-2024,金融業・保険業
kobe,kobe-business,2024,みずほ銀行,1,1,kobe-list-business-2024,金融業・保険業
kobe,kobe-business,2024,みずほ証券,1,1,kobe-list-business-2024,金融業・保険業
kobe,kobe-business,2024,ミツウロコヴェッセル,1,1,kobe-list-business-2024,電気・ガス・熱供給・水道業
kobe,kobe-business,2024,ゆうちょ銀行,1,1,kobe-list-business-2024,金融業・保険業
kobe,kobe-business,2024,ラグザス,1,1,kobe-list-business-2024,情報通信業
kobe,kobe-business,2024,リコー,1,1,kobe-list-business-2024,電気・情報通信機械器具製造業
kobe,kobe-business,2024,りそな銀行,1,1,kobe-list-business-2024,金融業・保険業
kobe,kobe-business,2024,リブ・コンサルティング,1,1,kobe-list-business-2024,その他のサービス業
kobe,kobe-business,2024,リンク・アイ,1,1,kobe-list-business-2024,その他のサービス業
kobe,kobe-business,2024,レイスグループ,1,1,kobe-list-business-2024,複合サービス事業
kobe,kobe-business,2024,レバレジーズ,1,1,kobe-list-business-2024,複合サービス事業
kobe,kobe-business,2024,旭化成,1,1,kobe-list-business-2024,化学工業・石油・石炭製品製造業
kobe,kobe-business,2024,伊藤忠商事,3,1,kobe-list-business-2024,卸売業・小売業
kobe,kobe-business,2024,沖電気工業,1,1,kobe-list-business-2024,電気・情報通信機械器具製造業
kobe,kobe-business,2024,沖縄電力,1,1,kobe-list-business-2024,電気・ガス・熱供給・水道業
kobe,kobe-business,2024,楽天グループ,2,1,kobe-list-business-2024,複合サービス事業
kobe,kobe-business,2024,関西電力,1,1,kobe-list-business-2024,電気・ガス・熱供給・水道業
kobe,kobe-business,2024,京セラ,1,1,kobe-list-business-2024,電子部品・デバイス・電子回路製造業
kobe,kobe-business,2024,京阪ホールディングス,1,1,kobe-list-business-2024,運輸業、郵便業
kobe,kobe-business,2024,京都市役所,1,1,kobe-list-business-2024,地方公務
kobe,kobe-business,2024,京都府庁,1,1,kobe-list-business-2024,地方公務
kobe,kobe-business,2024,国際協力機構（ＪＩＣＡ）,1,1,kobe-list-business-2024,学術研究・専門・技術サービス業
kobe,kobe-business,2024,国土交通省地方運輸局神戸運輸監理部,1,1,kobe-list-business-2024,国家公務
kobe,kobe-business,2024,財務省,1,1,kobe-list-business-2024,国家公務
kobe,kobe-business,2024,財務省国税庁大阪国税局富田林税務署,1,1,kobe-list-business-2024,国家公務
kobe,kobe-business,2024,阪急阪神ホールディングス,3,1,kobe-list-business-2024,運輸業、郵便業
kobe,kobe-business,2024,三井住友海上火災保険,2,1,kobe-list-business-2024,金融業・保険業
kobe,kobe-business,2024,三井住友銀行,7,1,kobe-list-business-2024,金融業・保険業
kobe,kobe-business,2024,三井住友信託銀行,7,1,kobe-list-business-2024,金融業・保険業
kobe,kobe-business,2024,三井不動産レジデンシャル,1,1,kobe-list-business-2024,不動産業・物品賃貸業
kobe,kobe-business,2024,三菱ＨＣキャピタル,1,1,kobe-list-business-2024,不動産業・物品賃貸業
kobe,kobe-business,2024,三菱ＵＦＪ銀行,5,1,kobe-list-business-2024,金融業・保険業
kobe,kobe-business,2024,三菱マテリアル,1,1,kobe-list-business-2024,鉄鋼業・非鉄金属・金属製品製造業
kobe,kobe-business,2024,三菱重工業,3,1,kobe-list-business-2024,輸送用機械器具製造業
kobe,kobe-business,2024,三菱食品,1,1,kobe-list-business-2024,卸売業・小売業
kobe,kobe-business,2024,三菱電機ビルソリューションズ,1,1,kobe-list-business-2024,電気・情報通信機械器具製造業
kobe,kobe-business,2024,参議院事務局,1,1,kobe-list-business-2024,国家公務
kobe,kobe-business,2024,山陰合同銀行,1,1,kobe-list-business-2024,金融業・保険業
kobe,kobe-business,2024,山田コンサルティンググループ,1,1,kobe-list-business-2024,学術研究・専門・技術サービス業
kobe,kobe-business,2024,四国電力,3,1,kobe-list-business-2024,電気・ガス・熱供給・水道業
kobe,kobe-business,2024,住信ＳＢＩネット銀行,1,1,kobe-list-business-2024,金融業・保険業
kobe,kobe-business,2024,住友商事,2,1,kobe-list-business-2024,卸売業・小売業
kobe,kobe-business,2024,住友電気工業,1,1,kobe-list-business-2024,鉄鋼業・非鉄金属・金属製品製造業
kobe,kobe-business,2024,住友電工情報システム,1,1,kobe-list-business-2024,情報通信業
kobe,kobe-business,2024,信金中央金庫,1,1,kobe-list-business-2024,金融業・保険業
kobe,kobe-business,2024,新明和工業,1,1,kobe-list-business-2024,輸送用機械器具製造業
kobe,kobe-business,2024,神戸製鋼所,2,1,kobe-list-business-2024,鉄鋼業・非鉄金属・金属製品製造業
kobe,kobe-business,2024,清水建設,1,1,kobe-list-business-2024,建設業
kobe,kobe-business,2024,西日本旅客鉄道（ＪＲ西日本）,1,1,kobe-list-business-2024,運輸業、郵便業
kobe,kobe-business,2024,積水ハウス,1,1,kobe-list-business-2024,建設業
kobe,kobe-business,2024,千葉銀行,2,1,kobe-list-business-2024,金融業
kobe,kobe-business,2024,双日,1,1,kobe-list-business-2024,卸売業・小売業
kobe,kobe-business,2024,綜合警備保障（ＡＬＳＯＫ）,1,1,kobe-list-business-2024,その他のサービス業
kobe,kobe-business,2024,損害保険ジャパン,1,1,kobe-list-business-2024,金融業・保険業
kobe,kobe-business,2024,大阪府庁,1,1,kobe-list-business-2024,地方公務
kobe,kobe-business,2024,大林組,1,1,kobe-list-business-2024,建設業
kobe,kobe-business,2024,大和証券,1,1,kobe-list-business-2024,金融業・保険業
kobe,kobe-business,2024,第一三共,1,1,kobe-list-business-2024,その他の製造業
kobe,kobe-business,2024,第一生命保険,3,1,kobe-list-business-2024,金融業・保険業
kobe,kobe-business,2024,中国銀行,1,1,kobe-list-business-2024,金融業・保険業
kobe,kobe-business,2024,中国電力,1,1,kobe-list-business-2024,電気・ガス・熱供給・水道業
kobe,kobe-business,2024,中部電力,1,1,kobe-list-business-2024,電気・ガス・熱供給・水道業
kobe,kobe-business,2024,電通デジタル,2,1,kobe-list-business-2024,情報通信業
kobe,kobe-business,2024,東海旅客鉄道（ＪＲ東海）,1,1,kobe-list-business-2024,運輸業、郵便業
kobe,kobe-business,2024,東京海上アセットマネジメント,1,1,kobe-list-business-2024,金融業
kobe,kobe-business,2024,南都銀行,1,1,kobe-list-business-2024,金融業・保険業
kobe,kobe-business,2024,日経エージェンシー,1,1,kobe-list-business-2024,学術研究、専門・技術サービス業
kobe,kobe-business,2024,日清オイリオグループ,1,1,kobe-list-business-2024,食料品・飲料・たばこ・飼料製造業
kobe,kobe-business,2024,日清食品,1,1,kobe-list-business-2024,食料品・飲料・たばこ・飼料製造業
kobe,kobe-business,2024,日総工産,1,1,kobe-list-business-2024,職業紹介・労働者派遣業
kobe,kobe-business,2024,日本Ｍ＆Ａセンター,1,1,kobe-list-business-2024,学術研究・専門・技術サービス業
kobe,kobe-business,2024,日本アイ・ビー・エム（日本ＩＢＭ）,2,1,kobe-list-business-2024,情報通信業
kobe,kobe-business,2024,日本カバヤ・オハヨーホールディングス,1,1,kobe-list-business-2024,食料品・飲料・たばこ・飼料製造業
kobe,kobe-business,2024,日本ハムファクトリー,1,1,kobe-list-business-2024,食料品・飲料・たばこ・飼料製造業
kobe,kobe-business,2024,日本空港ビルデング,1,1,kobe-list-business-2024,運輸業、郵便業
kobe,kobe-business,2024,日本触媒,1,1,kobe-list-business-2024,化学工業・石油・石炭製品製造業
kobe,kobe-business,2024,日本政策金融公庫,2,1,kobe-list-business-2024,金融業・保険業
kobe,kobe-business,2024,日本生命保険,2,1,kobe-list-business-2024,金融業・保険業
kobe,kobe-business,2024,日本総合研究所,1,1,kobe-list-business-2024,学術研究・専門・技術サービス業
kobe,kobe-business,2024,日本電気（ＮＥＣ）,1,1,kobe-list-business-2024,電気・情報通信機械器具製造業
kobe,kobe-business,2024,日本郵政,1,1,kobe-list-business-2024,農業・林業
kobe,kobe-business,2024,日立システムズ,1,1,kobe-list-business-2024,情報通信業
kobe,kobe-business,2024,農林中央金庫,1,1,kobe-list-business-2024,金融業・保険業
kobe,kobe-business,2024,博報堂プロダクツ,1,1,kobe-list-business-2024,学術研究・専門・技術サービス業
kobe,kobe-business,2024,美津濃（ミズノ）,1,1,kobe-list-business-2024,その他の製造業
kobe,kobe-business,2024,富士通,1,1,kobe-list-business-2024,電気・情報通信機械器具製造業
kobe,kobe-business,2024,芙蓉総合リース,2,1,kobe-list-business-2024,その他の専門・技術サービス業
kobe,kobe-business,2024,兵庫教育大学（職員）,1,1,kobe-list-business-2024,学校教育（大学を含む）
kobe,kobe-business,2024,兵庫信用金庫,1,1,kobe-list-business-2024,金融業
kobe,kobe-business,2024,豊田通商,1,1,kobe-list-business-2024,卸売業・小売業
kobe,kobe-business,2024,名南経営コンサルティング,1,1,kobe-list-business-2024,その他の専門・技術サービス業
kobe,kobe-business,2024,明治安田生命保険,1,1,kobe-list-business-2024,金融業・保険業
kobe,kobe-business,2024,野村総合研究所（ＮＲＩ）,1,1,kobe-list-business-2024,情報通信業
kobe,kobe-business,2024,野村證券,1,1,kobe-list-business-2024,金融業・保険業
kobe,kobe-business,2024,有限責任あずさ監査法人,6,1,kobe-list-business-2024,学術研究・専門・技術サービス業
kobe,kobe-business,2024,有限責任監査法人トーマツ,6,1,kobe-list-business-2024,学術研究・専門・技術サービス業
kobe,kobe-business,2024,理化学研究所,1,1,kobe-list-business-2024,学術研究・専門・技術サービス業
kobe,kobe-science,2024,ＤＧフィーリスト,1,1,kobe-list-science-2024,情報通信業
kobe,kobe-science,2024,ＥＹストラテジー・アンド・コンサルティング,1,1,kobe-list-science-2024,学術研究・専門・技術サービス業
kobe,kobe-science,2024,ＮＴＴデータ関西,1,1,kobe-list-science-2024,情報通信業
kobe,kobe-science,2024,ＳＭＢＣ日興証券,1,1,kobe-list-science-2024,金融業・保険業
kobe,kobe-science,2024,アエナ,1,1,kobe-list-science-2024,小売業
kobe,kobe-science,2024,アビームコンサルティング,1,1,kobe-list-science-2024,学術研究・専門・技術サービス業
kobe,kobe-science,2024,アプリシェイト,1,1,kobe-list-science-2024,社会保険・社会福祉・介護事業・保育所
kobe,kobe-science,2024,カメラのキタムラ,1,1,kobe-list-science-2024,小売業
kobe,kobe-science,2024,コア,1,1,kobe-list-science-2024,情報通信業
kobe,kobe-science,2024,ビーブレイクシステムズ,1,1,kobe-list-science-2024,情報通信業
kobe,kobe-science,2024,ビジネクスト,1,1,kobe-list-science-2024,保険業
kobe,kobe-science,2024,ビジョン・コンサルティング,1,1,kobe-list-science-2024,その他の専門・技術サービス業
kobe,kobe-science,2024,フロンティアホールディングス,1,1,kobe-list-science-2024,不動産業・物品賃貸業
kobe,kobe-science,2024,みずほ証券,1,1,kobe-list-science-2024,金融業・保険業
kobe,kobe-science,2024,モロゾフ,1,1,kobe-list-science-2024,食料品・飲料・たばこ・飼料製造業
kobe,kobe-science,2024,ワールドインテック,1,1,kobe-list-science-2024,学術研究・専門・技術サービス業
kobe,kobe-science,2024,宇宙技術開発,1,1,kobe-list-science-2024,その他
kobe,kobe-science,2024,丸紅,1,1,kobe-list-science-2024,卸売業・小売業
kobe,kobe-science,2024,荒川化学工業,1,1,kobe-list-science-2024,化学工業・石油・石炭製品製造業
kobe,kobe-science,2024,三菱ＵＦＪ銀行,1,1,kobe-list-science-2024,金融業・保険業
kobe,kobe-science,2024,三菱瓦斯化学（三菱ガス化学）,1,1,kobe-list-science-2024,化学工業・石油・石炭製品製造業
kobe,kobe-science,2024,三菱電機ソフトウエア,1,1,kobe-list-science-2024,情報通信業
kobe,kobe-science,2024,神戸製鋼所,1,1,kobe-list-science-2024,鉄鋼業・非鉄金属・金属製品製造業
kobe,kobe-science,2024,全日本空輸（ＡＮＡ）,1,1,kobe-list-science-2024,運輸業、郵便業
kobe,kobe-science,2024,島津トラステック,1,1,kobe-list-science-2024,その他の製造業
kobe,kobe-science,2024,東芝デバイス＆ストレージ,1,1,kobe-list-science-2024,電子部品・デバイス・電子回路製造業
kobe,kobe-science,2024,日能研関西,1,1,kobe-list-science-2024,その他の教育・学習支援業
kobe,kobe-science,2024,日本ゼオン,1,1,kobe-list-science-2024,化学工業・石油・石炭製品製造業
kobe,kobe-science,2024,日本気象協会,1,1,kobe-list-science-2024,学術研究・専門・技術サービス業
kobe,kobe-science,2024,兵庫県立高等学校（教員）,2,1,kobe-list-science-2024,学校教育
kobe,kobe-medicine,2024,ＡＥＶＩＣ,1,1,kobe-list-medicine-2024,情報通信業
kobe,kobe-medicine,2024,ＪＣＨＯ大阪病院,1,1,kobe-list-medicine-2024,医療・福祉
kobe,kobe-medicine,2024,ライフ・エクステンション研究所付属永寿総合病院,1,1,kobe-list-medicine-2024,医療業、保健衛生
kobe,kobe-medicine,2024,愛仁会高槻病院,6,1,kobe-list-medicine-2024,医療・福祉
kobe,kobe-medicine,2024,愛仁会千船病院,2,1,kobe-list-medicine-2024,医療・福祉
kobe,kobe-medicine,2024,愛仁会明石医療センター,2,1,kobe-list-medicine-2024,医療・福祉
kobe,kobe-medicine,2024,横浜市立市民病院,1,1,kobe-list-medicine-2024,医療業、保健衛生
kobe,kobe-medicine,2024,岡崎市民病院,1,1,kobe-list-medicine-2024,医療・福祉
kobe,kobe-medicine,2024,岡山済生会総合病院,1,1,kobe-list-medicine-2024,医療業、保健衛生
kobe,kobe-medicine,2024,加古川中央市民病院,10,1,kobe-list-medicine-2024,医療・福祉
kobe,kobe-medicine,2024,岸和田市民病院,1,1,kobe-list-medicine-2024,医療・福祉
kobe,kobe-medicine,2024,京都大学医学部附属病院,1,1,kobe-list-medicine-2024,医療・福祉
kobe,kobe-medicine,2024,京都中部総合医療センター,1,1,kobe-list-medicine-2024,医療業、保健衛生
kobe,kobe-medicine,2024,公立宍粟総合病院,1,1,kobe-list-medicine-2024,医療・福祉
kobe,kobe-medicine,2024,公立陶生病院,1,1,kobe-list-medicine-2024,医療業、保健衛生
kobe,kobe-medicine,2024,弘道会なにわ生野病院,1,1,kobe-list-medicine-2024,医療業、保健衛生
kobe,kobe-medicine,2024,甲南医療センター,4,1,kobe-list-medicine-2024,医療・福祉
kobe,kobe-medicine,2024,高知医療センター,1,1,kobe-list-medicine-2024,医療・福祉
kobe,kobe-medicine,2024,国立病院機構神戸医療センター,2,1,kobe-list-medicine-2024,医療・福祉
kobe,kobe-medicine,2024,国立病院機構東京医療センター,1,1,kobe-list-medicine-2024,医療業、保健衛生
kobe,kobe-medicine,2024,済生会松阪総合病院,1,1,kobe-list-medicine-2024,医療業、保健衛生
kobe,kobe-medicine,2024,済生会兵庫県病院,1,1,kobe-list-medicine-2024,医療・福祉
kobe,kobe-medicine,2024,三田市民病院,1,1,kobe-list-medicine-2024,医療・福祉
kobe,kobe-medicine,2024,山梨県立中央病院,1,1,kobe-list-medicine-2024,医療業、保健衛生
kobe,kobe-medicine,2024,市立豊中病院,2,1,kobe-list-medicine-2024,医療・福祉
kobe,kobe-medicine,2024,神戸市立医療センター西市民病院,1,1,kobe-list-medicine-2024,医療・福祉
kobe,kobe-medicine,2024,神戸市立医療センター中央市民病院,1,1,kobe-list-medicine-2024,医療・福祉
kobe,kobe-medicine,2024,神戸赤十字病院,3,1,kobe-list-medicine-2024,医療・福祉
kobe,kobe-medicine,2024,神戸大学医学部附属病院,14,1,kobe-list-medicine-2024,医療・福祉
kobe,kobe-medicine,2024,神戸労災病院,1,1,kobe-list-medicine-2024,医療・福祉
kobe,kobe-medicine,2024,神鋼記念病院,1,1,kobe-list-medicine-2024,医療・福祉
kobe,kobe-medicine,2024,聖路加国際病院,1,1,kobe-list-medicine-2024,医療業、保健衛生
kobe,kobe-medicine,2024,西宮市立中央病院,1,1,kobe-list-medicine-2024,医療・福祉
kobe,kobe-medicine,2024,赤穂市民病院,2,1,kobe-list-medicine-2024,医療・福祉
kobe,kobe-medicine,2024,倉敷中央病院,1,1,kobe-list-medicine-2024,医療・福祉
kobe,kobe-medicine,2024,総合病院厚生中央病院,1,1,kobe-list-medicine-2024,医療業、保健衛生
kobe,kobe-medicine,2024,総合病院国保旭中央病院,1,1,kobe-list-medicine-2024,医療業、保健衛生
kobe,kobe-medicine,2024,大阪赤十字病院,1,1,kobe-list-medicine-2024,医療・福祉
kobe,kobe-medicine,2024,淡路医療センター,1,1,kobe-list-medicine-2024,医療・福祉
kobe,kobe-medicine,2024,田附興風会医学研究所北野病院,1,1,kobe-list-medicine-2024,医療・福祉
kobe,kobe-medicine,2024,東京ベイ・浦安市川医療センター,1,1,kobe-list-medicine-2024,医療業、保健衛生
kobe,kobe-medicine,2024,東京逓信病院,1,1,kobe-list-medicine-2024,医療・福祉
kobe,kobe-medicine,2024,東京都医療保健協会練馬総合病院,1,1,kobe-list-medicine-2024,医療業、保健衛生
kobe,kobe-medicine,2024,東京都済生会中央病院,1,1,kobe-list-medicine-2024,医療業、保健衛生
kobe,kobe-medicine,2024,姫路赤十字病院,1,1,kobe-list-medicine-2024,医療・福祉
kobe,kobe-medicine,2024,兵庫県立はりま姫路総合医療センター,5,1,kobe-list-medicine-2024,医療・福祉
kobe,kobe-medicine,2024,兵庫県立加古川医療センター,1,1,kobe-list-medicine-2024,医療・福祉
kobe,kobe-medicine,2024,兵庫県立丹波医療センター,3,1,kobe-list-medicine-2024,医療・福祉
kobe,kobe-medicine,2024,兵庫県立淡路医療センター,3,1,kobe-list-medicine-2024,医療・福祉
kobe,kobe-medicine,2024,兵庫県立尼崎総合医療センター,3,1,kobe-list-medicine-2024,医療・福祉
kobe,kobe-medicine,2024,豊岡病院,2,1,kobe-list-medicine-2024,医療・福祉
kobe,kobe-medicine,2024,北播磨総合医療センター,6,1,kobe-list-medicine-2024,医療・福祉
kobe,kobe-medicine,2024,明和病院,1,1,kobe-list-medicine-2024,医療・福祉
kobe,kobe-medicine,2024,淀川キリスト教病院,4,1,kobe-list-medicine-2024,医療・福祉
kobe,kobe-medicine,2024,洛和会丸太町病院,1,1,kobe-list-medicine-2024,医療業、保健衛生
kobe,kobe-health,2024,ＳＢＣメディカルグループ,1,1,kobe-list-health-2024,医療・福祉
kobe,kobe-health,2024,Ｓｋｙ,1,1,kobe-list-health-2024,学術研究・専門・技術サービス業
kobe,kobe-health,2024,キッセイ薬品工業,1,1,kobe-list-health-2024,その他の専門・技術サービス業
kobe,kobe-health,2024,シミックヘルスケア・インスティテュート,1,1,kobe-list-health-2024,医療・保健衛生
kobe,kobe-health,2024,ニトリ,1,1,kobe-list-health-2024,卸売業・小売業
kobe,kobe-health,2024,パラマウントベッド,1,1,kobe-list-health-2024,その他の製造業
kobe,kobe-health,2024,ビー・エム・エル,1,1,kobe-list-health-2024,医療業、保健衛生
kobe,kobe-health,2024,ビジョン・コンサルティング,1,1,kobe-list-health-2024,その他の専門・技術サービス業
kobe,kobe-health,2024,ひょうご子どもと家庭福祉財団,1,1,kobe-list-health-2024,社会保険・社会福祉・介護事業・保育所
kobe,kobe-health,2024,レバレジーズ,1,1,kobe-list-health-2024,複合サービス事業
kobe,kobe-health,2024,ワイドソフトデザイン,1,1,kobe-list-health-2024,情報通信業
kobe,kobe-health,2024,愛仁会明石医療センター,1,1,kobe-list-health-2024,医療・福祉
kobe,kobe-health,2024,愛徳福祉会大阪発達総合療育センター,1,1,kobe-list-health-2024,医療・福祉
kobe,kobe-health,2024,医誠会国際総合病院,1,1,kobe-list-health-2024,医療業、保健衛生
kobe,kobe-health,2024,育生会京都久野病院,1,1,kobe-list-health-2024,医療業、保健衛生
kobe,kobe-health,2024,加古川中央市民病院,1,1,kobe-list-health-2024,医療・福祉
kobe,kobe-health,2024,楽天グループ,1,1,kobe-list-health-2024,複合サービス事業
kobe,kobe-health,2024,関西医科大学総合医療センター,1,1,kobe-list-health-2024,医療・福祉
kobe,kobe-health,2024,京都大学医学部附属病院,1,1,kobe-list-health-2024,医療・福祉
kobe,kobe-health,2024,京都第一赤十字病院,1,1,kobe-list-health-2024,医療・福祉
kobe,kobe-health,2024,協和会千里中央病院,1,1,kobe-list-health-2024,医療業、保健衛生
kobe,kobe-health,2024,協和会川西市立総合医療センター,1,1,kobe-list-health-2024,医療業、保健衛生
kobe,kobe-health,2024,慶應義塾大学病院,1,1,kobe-list-health-2024,医療・福祉
kobe,kobe-health,2024,互恵会大阪回生病院,1,1,kobe-list-health-2024,医療業、保健衛生
kobe,kobe-health,2024,広島大学病院,2,1,kobe-list-health-2024,医療業、保健衛生
kobe,kobe-health,2024,甲南会六甲アイランド甲南病院,1,1,kobe-list-health-2024,医療業、保健衛生
kobe,kobe-health,2024,甲風会有馬温泉病院,1,1,kobe-list-health-2024,医療業、保健衛生
kobe,kobe-health,2024,国立がん研究センター中央病院,1,1,kobe-list-health-2024,医療・福祉
kobe,kobe-health,2024,国立循環器病研究センター,2,1,kobe-list-health-2024,医療・福祉
kobe,kobe-health,2024,済生会支部大阪府済生会大阪北リハビリテーション病院,1,1,kobe-list-health-2024,医療業、保健衛生
kobe,kobe-health,2024,済生会兵庫県病院,1,1,kobe-list-health-2024,医療・福祉
kobe,kobe-health,2024,阪急阪神百貨店,1,1,kobe-list-health-2024,卸売業・小売業
kobe,kobe-health,2024,三栄会ツカザキ病院,1,1,kobe-list-health-2024,医療・福祉
kobe,kobe-health,2024,小田原市立病院,1,1,kobe-list-health-2024,医療・福祉
kobe,kobe-health,2024,湘南美容クリニック大阪梅田院,1,1,kobe-list-health-2024,医療業、保健衛生
kobe,kobe-health,2024,城陽江尻病院,1,1,kobe-list-health-2024,医療業、保健衛生
kobe,kobe-health,2024,神戸海星病院,1,1,kobe-list-health-2024,医療・福祉
kobe,kobe-health,2024,神戸市立医療センター西市民病院,1,1,kobe-list-health-2024,医療・福祉
kobe,kobe-health,2024,神戸市立西神戸医療センター,1,1,kobe-list-health-2024,医療・福祉
kobe,kobe-health,2024,神戸大学医学部附属病院,17,1,kobe-list-health-2024,医療・福祉
kobe,kobe-health,2024,神甲会隈病院,1,1,kobe-list-health-2024,医療業、保健衛生
kobe,kobe-health,2024,吹田市民病院,1,1,kobe-list-health-2024,医療・福祉
kobe,kobe-health,2024,西記念ポートアイランドリハビリテーション病院,1,1,kobe-list-health-2024,医療・福祉
kobe,kobe-health,2024,創生会介護老人保健施設オラージュ須磨,1,1,kobe-list-health-2024,医療業、保健衛生
kobe,kobe-health,2024,大原記念倉敷中央医療機構倉敷中央病院,1,1,kobe-list-health-2024,医療業、保健衛生
kobe,kobe-health,2024,大阪医科薬科大学病院,2,1,kobe-list-health-2024,医療業、保健衛生
kobe,kobe-health,2024,大阪赤十字病院,1,1,kobe-list-health-2024,医療・福祉
kobe,kobe-health,2024,大阪大学医学部附属病院,9,1,kobe-list-health-2024,医療・福祉
kobe,kobe-health,2024,大阪鉄道病院,1,1,kobe-list-health-2024,医療業、保健衛生
kobe,kobe-health,2024,大阪府立病院機構大阪母子医療センター,2,1,kobe-list-health-2024,医療業、保健衛生
kobe,kobe-health,2024,渡邊高記念会西宮渡辺病院,1,1,kobe-list-health-2024,医療・福祉
kobe,kobe-health,2024,東京科学大学病院,2,1,kobe-list-health-2024,医療業、保健衛生
kobe,kobe-health,2024,東京大学医学部附属病院,1,1,kobe-list-health-2024,医療・福祉
kobe,kobe-health,2024,日本ハム,1,1,kobe-list-health-2024,食料品・飲料・たばこ・飼料製造業
kobe,kobe-health,2024,日本メドトロニック,1,1,kobe-list-health-2024,医療・保健衛生
kobe,kobe-health,2024,福井県立病院,1,1,kobe-list-health-2024,医療業、保健衛生
kobe,kobe-health,2024,兵庫県庁,1,1,kobe-list-health-2024,地方公務
kobe,kobe-health,2024,兵庫県立こども病院,2,1,kobe-list-health-2024,医療・福祉
kobe,kobe-health,2024,兵庫県立はりま姫路総合医療センター,2,1,kobe-list-health-2024,医療・福祉
kobe,kobe-health,2024,兵庫県立ひょうごこころの医療センター,1,1,kobe-list-health-2024,医療・福祉
kobe,kobe-health,2024,祐生会みどりヶ丘病院,1,1,kobe-list-health-2024,医療業、保健衛生
kobe,kobe-health,2024,洛和会ヘルスケアシステム,1,1,kobe-list-health-2024,医療・福祉
kobe,kobe-health,2024,六心会恒生病院,1,1,kobe-list-health-2024,医療・福祉
kobe,kobe-engineering,2024,＜韓国＞ＬＧ Ｅｌｅｃｔｒｏｎｉｃｓ,1,1,kobe-list-engineering-2024,電気・情報通信機械器具製造業
kobe,kobe-engineering,2024,ＥＹストラテジー・アンド・コンサルティング,1,1,kobe-list-engineering-2024,学術研究・専門・技術サービス業
kobe,kobe-engineering,2024,ＧｒａｎｄＣｅｎｔｒａｌ,1,1,kobe-list-engineering-2024,その他の専門・技術サービス業
kobe,kobe-engineering,2024,ＧＳＩクレオス,1,1,kobe-list-engineering-2024,その他の専門・技術サービス業
kobe,kobe-engineering,2024,ＪＡＸＡ（宇宙航空研究開発機構）,1,1,kobe-list-engineering-2024,その他の専門・技術サービス業
kobe,kobe-engineering,2024,ＪＦＥエンジニアリング,1,1,kobe-list-engineering-2024,建設業
kobe,kobe-engineering,2024,ＮＣＳ＆Ａ,1,1,kobe-list-engineering-2024,情報通信業
kobe,kobe-engineering,2024,ＮＴＴデータ,1,1,kobe-list-engineering-2024,情報通信業
kobe,kobe-engineering,2024,ＴＤＩシステムサービス,1,1,kobe-list-engineering-2024,情報通信業
kobe,kobe-engineering,2024,ＴＯＰＰＡＮ,1,1,kobe-list-engineering-2024,印刷・同関連業
kobe,kobe-engineering,2024,アイシン,1,1,kobe-list-engineering-2024,その他の製造業
kobe,kobe-engineering,2024,アイテック阪急阪神,1,1,kobe-list-engineering-2024,情報通信業
kobe,kobe-engineering,2024,アイホー（ＡＩＨＯ）,1,1,kobe-list-engineering-2024,電子部品・デバイス・電子回路製造業
kobe,kobe-engineering,2024,アイリスオーヤマ,1,1,kobe-list-engineering-2024,その他の製造業
kobe,kobe-engineering,2024,アドキャスト,1,1,kobe-list-engineering-2024,不動産取引・賃貸・管理業
kobe,kobe-engineering,2024,イシダ,1,1,kobe-list-engineering-2024,はん用・生産用・業務用機械器具製造業
kobe,kobe-engineering,2024,エムトラスト,1,1,kobe-list-engineering-2024,不動産取引・賃貸・管理業
kobe,kobe-engineering,2024,オークラ輸送機,1,1,kobe-list-engineering-2024,その他の製造業
kobe,kobe-engineering,2024,オービック,1,1,kobe-list-engineering-2024,情報通信業
kobe,kobe-engineering,2024,オリエンタルコンサルタンツ,1,1,kobe-list-engineering-2024,学術研究・専門・技術サービス業
kobe,kobe-engineering,2024,キヤノンＩＴソリューションズ,2,1,kobe-list-engineering-2024,情報通信業
kobe,kobe-engineering,2024,グンゼ,1,1,kobe-list-engineering-2024,繊維工業
kobe,kobe-engineering,2024,コナミデジタルエンタテインメント,1,1,kobe-list-engineering-2024,生活関連サービス業・娯楽業
kobe,kobe-engineering,2024,コベルコ・コンプレッサ,1,1,kobe-list-engineering-2024,はん用・生産用・業務用機械器具製造業
kobe,kobe-engineering,2024,ザイマックス関西,1,1,kobe-list-engineering-2024,不動産業・物品賃貸業
kobe,kobe-engineering,2024,ジェイエイシーリクルートメント,1,1,kobe-list-engineering-2024,その他のサービス業
kobe,kobe-engineering,2024,シスメックス,1,1,kobe-list-engineering-2024,化学工業・石油・石炭製品製造業
kobe,kobe-engineering,2024,ソフトバンク,1,1,kobe-list-engineering-2024,情報通信業
kobe,kobe-engineering,2024,ダイヘン,1,1,kobe-list-engineering-2024,電気・情報通信機械器具製造業
kobe,kobe-engineering,2024,デロイトトーマツファイナンシャルアドバイザリー,1,1,kobe-list-engineering-2024,学術研究・専門・技術サービス業
kobe,kobe-engineering,2024,トヨタ自動車,1,1,kobe-list-engineering-2024,輸送用機械器具製造業
kobe,kobe-engineering,2024,トヨタ車体,1,1,kobe-list-engineering-2024,輸送用機械器具製造業
kobe,kobe-engineering,2024,パーソルＡＶＣテクノロジー,1,1,kobe-list-engineering-2024,電子部品・デバイス・電子回路製造業
kobe,kobe-engineering,2024,パーソルエクセルＨＲパートナーズ,1,1,kobe-list-engineering-2024,その他の専門・技術サービス業
kobe,kobe-engineering,2024,パーソルクロステクノロジー,1,1,kobe-list-engineering-2024,はん用・生産用・業務用機械器具製造業
kobe,kobe-engineering,2024,パナソニックハウジングソリューションズ,1,1,kobe-list-engineering-2024,その他の製造業
kobe,kobe-engineering,2024,ビズリーチ,1,1,kobe-list-engineering-2024,情報通信業
kobe,kobe-engineering,2024,フージャースホールディングス,1,1,kobe-list-engineering-2024,不動産業・物品賃貸業
kobe,kobe-engineering,2024,フクシマガリレイ,1,1,kobe-list-engineering-2024,はん用・生産用・業務用機械器具製造業
kobe,kobe-engineering,2024,プログレス・テクノロジーズ,1,1,kobe-list-engineering-2024,その他の専門・技術サービス業
kobe,kobe-engineering,2024,フロンティアホールディングス,1,1,kobe-list-engineering-2024,不動産業・物品賃貸業
kobe,kobe-engineering,2024,ヤンマーホールディングス,2,1,kobe-list-engineering-2024,はん用・生産用・業務用機械器具製造業
kobe,kobe-engineering,2024,安藤・間,1,1,kobe-list-engineering-2024,建設業
kobe,kobe-engineering,2024,王子ホールディングス,1,1,kobe-list-engineering-2024,その他の製造業
kobe,kobe-engineering,2024,楽天モバイル,1,1,kobe-list-engineering-2024,情報通信業
kobe,kobe-engineering,2024,関西電力送配電,1,1,kobe-list-engineering-2024,電気・ガス・熱供給・水道業
kobe,kobe-engineering,2024,関電不動産開発,1,1,kobe-list-engineering-2024,不動産業・物品賃貸業
kobe,kobe-engineering,2024,協和設計,1,1,kobe-list-engineering-2024,建設業
kobe,kobe-engineering,2024,近鉄グループホールディングス,1,1,kobe-list-engineering-2024,運輸業、郵便業
kobe,kobe-engineering,2024,光洋機械産業,1,1,kobe-list-engineering-2024,鉄鋼業、非鉄金属・金属製品製造業
kobe,kobe-engineering,2024,広島銀行,1,1,kobe-list-engineering-2024,金融業・保険業
kobe,kobe-engineering,2024,広島市役所,1,1,kobe-list-engineering-2024,地方公務
kobe,kobe-engineering,2024,香川県庁,2,1,kobe-list-engineering-2024,地方公務
kobe,kobe-engineering,2024,国土交通省,2,1,kobe-list-engineering-2024,国家公務
kobe,kobe-engineering,2024,国土交通省近畿地方整備局,1,1,kobe-list-engineering-2024,国家公務
kobe,kobe-engineering,2024,阪急阪神不動産,1,1,kobe-list-engineering-2024,不動産業・物品賃貸業
kobe,kobe-engineering,2024,三ツ星,1,1,kobe-list-engineering-2024,その他の製造業
kobe,kobe-engineering,2024,三井住友銀行,1,1,kobe-list-engineering-2024,金融業・保険業
kobe,kobe-engineering,2024,三井住友信託銀行,1,1,kobe-list-engineering-2024,金融業・保険業
kobe,kobe-engineering,2024,三浦工業,1,1,kobe-list-engineering-2024,はん用・生産用・業務用機械器具製造業
kobe,kobe-engineering,2024,三菱重工業,1,1,kobe-list-engineering-2024,輸送用機械器具製造業
kobe,kobe-engineering,2024,住友林業,2,1,kobe-list-engineering-2024,農業・林業
kobe,kobe-engineering,2024,情報技術開発,1,1,kobe-list-engineering-2024,情報通信業
kobe,kobe-engineering,2024,神戸市役所,3,1,kobe-list-engineering-2024,地方公務
kobe,kobe-engineering,2024,神戸製鋼所,1,1,kobe-list-engineering-2024,鉄鋼業・非鉄金属・金属製品製造業
kobe,kobe-engineering,2024,神姫バス,1,1,kobe-list-engineering-2024,運輸業、郵便業
kobe,kobe-engineering,2024,清水建設,1,1,kobe-list-engineering-2024,建設業
kobe,kobe-engineering,2024,西日本高速道路,1,1,kobe-list-engineering-2024,複合サービス事業
kobe,kobe-engineering,2024,西日本旅客鉄道（ＪＲ西日本）,1,1,kobe-list-engineering-2024,運輸業、郵便業
kobe,kobe-engineering,2024,積水ハウス,2,1,kobe-list-engineering-2024,建設業
kobe,kobe-engineering,2024,川重冷熱工業,1,1,kobe-list-engineering-2024,はん用・生産用・業務用機械器具製造業
kobe,kobe-engineering,2024,全日本空輸（ＡＮＡ）,1,1,kobe-list-engineering-2024,運輸業、郵便業
kobe,kobe-engineering,2024,村田製作所,1,1,kobe-list-engineering-2024,電子部品・デバイス・電子回路製造業
kobe,kobe-engineering,2024,大阪市高速電気軌道,1,1,kobe-list-engineering-2024,運輸業、郵便業
kobe,kobe-engineering,2024,大林組,2,1,kobe-list-engineering-2024,建設業
kobe,kobe-engineering,2024,大和ライフネクスト,1,1,kobe-list-engineering-2024,不動産業・物品賃貸業
kobe,kobe-engineering,2024,長谷工コーポレーション,1,1,kobe-list-engineering-2024,建設業
kobe,kobe-engineering,2024,都市再生機構（ＵＲ都市機構）,1,1,kobe-list-engineering-2024,不動産業・物品賃貸業
kobe,kobe-engineering,2024,東レ,1,1,kobe-list-engineering-2024,繊維工業
kobe,kobe-engineering,2024,東洋建設,1,1,kobe-list-engineering-2024,建設業
kobe,kobe-engineering,2024,日揮グローバル,1,1,kobe-list-engineering-2024,建設業
kobe,kobe-engineering,2024,日立ソリューションズ,1,1,kobe-list-engineering-2024,情報通信業
kobe,kobe-engineering,2024,富士通,1,1,kobe-list-engineering-2024,電気・情報通信機械器具製造業
kobe,kobe-engineering,2024,野村不動産,1,1,kobe-list-engineering-2024,不動産業・物品賃貸業
kobe,kobe-engineering,2024,淀川製鋼所,1,1,kobe-list-engineering-2024,鉄鋼業・非鉄金属・金属製品製造業
kobe,kobe-engineering,2024,和歌山県庁,1,1,kobe-list-engineering-2024,地方公務
kobe,kobe-agriculture,2024,ＡＧＣ（旭硝子）,1,1,kobe-list-agriculture-2024,化学工業・石油・石炭製品製造業
kobe,kobe-agriculture,2024,ＪｏＢｉｎｓ,1,1,kobe-list-agriculture-2024,その他のサービス業
kobe,kobe-agriculture,2024,ＮＴＴデータ関西,1,1,kobe-list-agriculture-2024,情報通信業
kobe,kobe-agriculture,2024,ウィル,1,1,kobe-list-agriculture-2024,不動産業・物品賃貸業
kobe,kobe-agriculture,2024,カゴメ,1,1,kobe-list-agriculture-2024,食料品・飲料・たばこ・飼料製造業
kobe,kobe-agriculture,2024,カワサキモータース,1,1,kobe-list-agriculture-2024,輸送用機械器具製造業
kobe,kobe-agriculture,2024,コシイプレザービング,1,1,kobe-list-agriculture-2024,化学工業、石油・石炭製品製造業
kobe,kobe-agriculture,2024,シャープ,1,1,kobe-list-agriculture-2024,電気・情報通信機械器具製造業
kobe,kobe-agriculture,2024,ダイキン工業,1,1,kobe-list-agriculture-2024,電気・情報通信機械器具製造業
kobe,kobe-agriculture,2024,トヨタ自動車,1,1,kobe-list-agriculture-2024,輸送用機械器具製造業
kobe,kobe-agriculture,2024,ネイチャーライブ,1,1,kobe-list-agriculture-2024,宿泊業、飲食サービス業
kobe,kobe-agriculture,2024,パナソニックインフォメーションシステムズ,1,1,kobe-list-agriculture-2024,情報通信業
kobe,kobe-agriculture,2024,ヤンマーアグリジャパン,1,1,kobe-list-agriculture-2024,小売業
kobe,kobe-agriculture,2024,レーク滋賀農業協同組合,1,1,kobe-list-agriculture-2024,複合サービス事業（郵便局・農林水産協同組合等）
kobe,kobe-agriculture,2024,井澤商店,1,1,kobe-list-agriculture-2024,農業、林業
kobe,kobe-agriculture,2024,関西電力,1,1,kobe-list-agriculture-2024,電気・ガス・熱供給・水道業
kobe,kobe-agriculture,2024,京都銀行,1,1,kobe-list-agriculture-2024,金融業・保険業
kobe,kobe-agriculture,2024,京都市役所,1,1,kobe-list-agriculture-2024,地方公務
kobe,kobe-agriculture,2024,高砂香料工業,1,1,kobe-list-agriculture-2024,化学工業・石油・石炭製品製造業
kobe,kobe-agriculture,2024,財務省国税庁大阪国税局,1,1,kobe-list-agriculture-2024,国家公務
kobe,kobe-agriculture,2024,三井住友銀行,1,1,kobe-list-agriculture-2024,金融業・保険業
kobe,kobe-agriculture,2024,三菱ＵＦＪ銀行,1,1,kobe-list-agriculture-2024,金融業・保険業
kobe,kobe-agriculture,2024,神戸市役所,1,1,kobe-list-agriculture-2024,地方公務
kobe,kobe-agriculture,2024,全国健康保険協会,1,1,kobe-list-agriculture-2024,社会保険・社会福祉・介護事業・保育所
kobe,kobe-agriculture,2024,大阪市役所,1,1,kobe-list-agriculture-2024,地方公務
kobe,kobe-agriculture,2024,大阪府庁,2,1,kobe-list-agriculture-2024,地方公務
kobe,kobe-agriculture,2024,大和総研,1,1,kobe-list-agriculture-2024,金融業・保険業
kobe,kobe-agriculture,2024,東海デキストリン,1,1,kobe-list-agriculture-2024,食料品・飲料・たばこ・飼料製造業
kobe,kobe-agriculture,2024,東京海上日動火災保険,1,1,kobe-list-agriculture-2024,金融業・保険業
kobe,kobe-agriculture,2024,東京電力リニューアブルパワー,1,1,kobe-list-agriculture-2024,電気・ガス・熱供給・水道業
kobe,kobe-agriculture,2024,栃木県庁,1,1,kobe-list-agriculture-2024,地方公務
kobe,kobe-agriculture,2024,日華化学,1,1,kobe-list-agriculture-2024,化学工業・石油・石炭製品製造業
kobe,kobe-agriculture,2024,農林水産省,1,1,kobe-list-agriculture-2024,国家公務
kobe,kobe-agriculture,2024,農林中央金庫,1,1,kobe-list-agriculture-2024,金融業・保険業
kobe,kobe-agriculture,2024,富士フイルム,1,1,kobe-list-agriculture-2024,化学工業・石油・石炭製品製造業
kobe,kobe-agriculture,2024,堀園芸,1,1,kobe-list-agriculture-2024,農業、林業
kobe,kobe-maritime,2024,ＭＯＬマリン＆エンジニアリング,1,1,kobe-list-maritime-2024,運輸業、郵便業
kobe,kobe-maritime,2024,ＮＳユナイテッド海運,1,1,kobe-list-maritime-2024,船舶職員
kobe,kobe-maritime,2024,オービック,1,1,kobe-list-maritime-2024,情報通信業
kobe,kobe-maritime,2024,オプト,1,1,kobe-list-maritime-2024,情報通信業
kobe,kobe-maritime,2024,カシワテック,1,1,kobe-list-maritime-2024,輸送用機械器具製造業
kobe,kobe-maritime,2024,カナデビア,1,1,kobe-list-maritime-2024,はん用・生産用・業務用機械器具製造業
kobe,kobe-maritime,2024,グローバルオーシャンディベロップメント,1,1,kobe-list-maritime-2024,船舶職員
kobe,kobe-maritime,2024,コーエーテクモホールディングス,1,1,kobe-list-maritime-2024,情報通信業
kobe,kobe-maritime,2024,ザイマックス関西,1,1,kobe-list-maritime-2024,不動産業・物品賃貸業
kobe,kobe-maritime,2024,デンソー,1,1,kobe-list-maritime-2024,電気・情報通信機械器具製造業
kobe,kobe-maritime,2024,みずほリサーチ＆テクノロジーズ,1,1,kobe-list-maritime-2024,その他の専門・技術サービス業
kobe,kobe-maritime,2024,みずほ証券,1,1,kobe-list-maritime-2024,金融業・保険業
kobe,kobe-maritime,2024,井本商運,1,1,kobe-list-maritime-2024,運輸業、郵便業
kobe,kobe-maritime,2024,近海郵船,1,1,kobe-list-maritime-2024,運輸業、郵便業
kobe,kobe-maritime,2024,三菱重工業,1,1,kobe-list-maritime-2024,輸送用機械器具製造業
kobe,kobe-maritime,2024,三菱電機,2,1,kobe-list-maritime-2024,電気・情報通信機械器具製造業
kobe,kobe-maritime,2024,上組,1,1,kobe-list-maritime-2024,運輸業、郵便業
kobe,kobe-maritime,2024,東栄ジャパン,1,1,kobe-list-maritime-2024,運輸業、郵便業
kobe,kobe-maritime,2024,東北電力,1,1,kobe-list-maritime-2024,電気・ガス・熱供給・水道業
kobe,kobe-maritime,2024,日徳汽船,1,1,kobe-list-maritime-2024,運輸業、郵便業
kobe,kobe-maritime,2024,日本生命保険,1,1,kobe-list-maritime-2024,金融業・保険業
kobe,kobe-maritime,2024,日本電気通信システム,1,1,kobe-list-maritime-2024,情報通信業
kobe,kobe-maritime,2024,日本郵船,1,1,kobe-list-maritime-2024,船舶職員
kobe,kobe-maritime,2024,トランス・コスモス,1,1,kobe-list-maritime-2024,情報通信業
kobe,kobe-oceanpolicy,2024,ＥＮＥＯＳオーシャン,1,1,kobe-list-oceanpolicy-2024,船舶職員
kobe,kobe-oceanpolicy,2024,ＪＥＲＡ,1,1,kobe-list-oceanpolicy-2024,電気・ガス・熱供給・水道業
kobe,kobe-oceanpolicy,2024,ＪＦＥ物流,1,1,kobe-list-oceanpolicy-2024,運輸業、郵便業
kobe,kobe-oceanpolicy,2024,ＮＳユナイテッド海運,2,1,kobe-list-oceanpolicy-2024,船舶職員
kobe,kobe-oceanpolicy,2024,ＮＴＴドコモ,1,1,kobe-list-oceanpolicy-2024,情報通信業
kobe,kobe-oceanpolicy,2024,ＮＹＫ ＬＮＧシップマネージメント,1,1,kobe-list-oceanpolicy-2024,船舶職員
kobe,kobe-oceanpolicy,2024,ＮＹＫバルク・プロジェクト,1,1,kobe-list-oceanpolicy-2024,運輸業、郵便業
kobe,kobe-oceanpolicy,2024,Ｏｚｌｉｎｋ,1,1,kobe-list-oceanpolicy-2024,その他の専門・技術サービス業
kobe,kobe-oceanpolicy,2024,ＰＩＬＬＡＲ,1,1,kobe-list-oceanpolicy-2024,はん用・生産用・業務用機械器具製造業
kobe,kobe-oceanpolicy,2024,ＰＷＣコンサルティング,1,1,kobe-list-oceanpolicy-2024,学術研究・専門・技術サービス業
kobe,kobe-oceanpolicy,2024,ＳＧホールディングス,1,1,kobe-list-oceanpolicy-2024,運輸業、郵便業
kobe,kobe-oceanpolicy,2024,Ｓｋｙ,1,1,kobe-list-oceanpolicy-2024,学術研究・専門・技術サービス業
kobe,kobe-oceanpolicy,2024,ＳＭＢＣ日興証券,1,1,kobe-list-oceanpolicy-2024,金融業・保険業
kobe,kobe-oceanpolicy,2024,アズビル,1,1,kobe-list-oceanpolicy-2024,電気・情報通信機械器具製造業
kobe,kobe-oceanpolicy,2024,オリエンタル技研工業,1,1,kobe-list-oceanpolicy-2024,学術研究・専門・技術サービス業
kobe,kobe-oceanpolicy,2024,カシオ計算機,1,1,kobe-list-oceanpolicy-2024,はん用・生産用・業務用機械器具製造業
kobe,kobe-oceanpolicy,2024,シンプレクス・ホールディングス,1,1,kobe-list-oceanpolicy-2024,情報通信業
kobe,kobe-oceanpolicy,2024,ストライク,1,1,kobe-list-oceanpolicy-2024,金融業
kobe,kobe-oceanpolicy,2024,ダイハツディーゼル,1,1,kobe-list-oceanpolicy-2024,輸送用機械器具製造業
kobe,kobe-oceanpolicy,2024,トランストロン,1,1,kobe-list-oceanpolicy-2024,輸送用機械器具製造業
kobe,kobe-oceanpolicy,2024,ニチコン,1,1,kobe-list-oceanpolicy-2024,電子部品・デバイス・電子回路製造業
kobe,kobe-oceanpolicy,2024,ニッセイ情報テクノロジー,1,1,kobe-list-oceanpolicy-2024,情報通信業
kobe,kobe-oceanpolicy,2024,ニトリ,1,1,kobe-list-oceanpolicy-2024,卸売業・小売業
kobe,kobe-oceanpolicy,2024,パナソニックオペレーショナルエクセレンス,2,1,kobe-list-oceanpolicy-2024,その他
kobe,kobe-oceanpolicy,2024,バンダイ,1,1,kobe-list-oceanpolicy-2024,その他の製造業
kobe,kobe-oceanpolicy,2024,ベニックソリューション,1,1,kobe-list-oceanpolicy-2024,情報通信業
kobe,kobe-oceanpolicy,2024,ヤマハ発動機,1,1,kobe-list-oceanpolicy-2024,輸送用機械器具製造業
kobe,kobe-oceanpolicy,2024,花王,1,1,kobe-list-oceanpolicy-2024,化学工業・石油・石炭製品製造業
kobe,kobe-oceanpolicy,2024,海技教育機構,2,1,kobe-list-oceanpolicy-2024,船舶職員
kobe,kobe-oceanpolicy,2024,関西エアポート,1,1,kobe-list-oceanpolicy-2024,運輸業、郵便業
kobe,kobe-oceanpolicy,2024,丸和運輸機関,1,1,kobe-list-oceanpolicy-2024,運輸業、郵便業
kobe,kobe-oceanpolicy,2024,吉本興業,1,1,kobe-list-oceanpolicy-2024,生活関連サービス業・娯楽業
kobe,kobe-oceanpolicy,2024,京都市役所,1,1,kobe-list-oceanpolicy-2024,地方公務
kobe,kobe-oceanpolicy,2024,古野電気,1,1,kobe-list-oceanpolicy-2024,電気・情報通信機械器具製造業
kobe,kobe-oceanpolicy,2024,国土交通省海事局,1,1,kobe-list-oceanpolicy-2024,国家公務
kobe,kobe-oceanpolicy,2024,阪和興業,1,1,kobe-list-oceanpolicy-2024,卸売業・小売業
kobe,kobe-oceanpolicy,2024,三井住友銀行,1,1,kobe-list-oceanpolicy-2024,金融業・保険業
kobe,kobe-oceanpolicy,2024,三井住友信託銀行,2,1,kobe-list-oceanpolicy-2024,金融業・保険業
kobe,kobe-oceanpolicy,2024,三技協イオス,1,1,kobe-list-oceanpolicy-2024,情報通信業
kobe,kobe-oceanpolicy,2024,三菱ＵＦＪ銀行,1,1,kobe-list-oceanpolicy-2024,金融業・保険業
kobe,kobe-oceanpolicy,2024,三菱化工機,1,1,kobe-list-oceanpolicy-2024,はん用・生産用・業務用機械器具製造業
kobe,kobe-oceanpolicy,2024,三菱鉱石輸送,1,1,kobe-list-oceanpolicy-2024,運輸業、郵便業
kobe,kobe-oceanpolicy,2024,三菱重工業,2,1,kobe-list-oceanpolicy-2024,輸送用機械器具製造業
kobe,kobe-oceanpolicy,2024,三菱倉庫,1,1,kobe-list-oceanpolicy-2024,運輸業、郵便業
kobe,kobe-oceanpolicy,2024,山九,1,1,kobe-list-oceanpolicy-2024,運輸業、郵便業
kobe,kobe-oceanpolicy,2024,住友ゴム工業,1,1,kobe-list-oceanpolicy-2024,化学工業・石油・石炭製品製造業
kobe,kobe-oceanpolicy,2024,住友重機械工業,1,1,kobe-list-oceanpolicy-2024,輸送用機械器具製造業
kobe,kobe-oceanpolicy,2024,住友倉庫,1,1,kobe-list-oceanpolicy-2024,運輸業、郵便業
kobe,kobe-oceanpolicy,2024,商船三井,6,1,kobe-list-oceanpolicy-2024,船舶職員
kobe,kobe-oceanpolicy,2024,商船三井クルーズ,1,1,kobe-list-oceanpolicy-2024,運輸業、郵便業
kobe,kobe-oceanpolicy,2024,新日本海フェリー,1,1,kobe-list-oceanpolicy-2024,船舶職員
kobe,kobe-oceanpolicy,2024,新明和工業,1,1,kobe-list-oceanpolicy-2024,輸送用機械器具製造業
kobe,kobe-oceanpolicy,2024,川崎汽船,3,1,kobe-list-oceanpolicy-2024,船舶職員
kobe,kobe-oceanpolicy,2024,川崎重工業,3,1,kobe-list-oceanpolicy-2024,鉄鋼業・非鉄金属・金属製品製造業
kobe,kobe-oceanpolicy,2024,総務省,1,1,kobe-list-oceanpolicy-2024,国家公務
kobe,kobe-oceanpolicy,2024,損害保険ジャパン,1,1,kobe-list-oceanpolicy-2024,金融業・保険業
kobe,kobe-oceanpolicy,2024,大林組,1,1,kobe-list-oceanpolicy-2024,建設業
kobe,kobe-oceanpolicy,2024,大和証券グループ本社,1,1,kobe-list-oceanpolicy-2024,金融業・保険業
kobe,kobe-oceanpolicy,2024,第一生命保険,1,1,kobe-list-oceanpolicy-2024,金融業・保険業
kobe,kobe-oceanpolicy,2024,中央コンピューター,1,1,kobe-list-oceanpolicy-2024,情報通信業
kobe,kobe-oceanpolicy,2024,中国総業,1,1,kobe-list-oceanpolicy-2024,運輸業、郵便業
kobe,kobe-oceanpolicy,2024,中部国際空港,1,1,kobe-list-oceanpolicy-2024,運輸業、郵便業
kobe,kobe-oceanpolicy,2024,東芝,1,1,kobe-list-oceanpolicy-2024,電子部品・デバイス・電子回路製造業
kobe,kobe-oceanpolicy,2024,日本アイ・ビー・エム（日本ＩＢＭ）,1,1,kobe-list-oceanpolicy-2024,情報通信業
kobe,kobe-oceanpolicy,2024,日本海事協会,2,1,kobe-list-oceanpolicy-2024,学術研究・専門・技術サービス業
kobe,kobe-oceanpolicy,2024,日本生命保険,2,1,kobe-list-oceanpolicy-2024,金融業・保険業
kobe,kobe-oceanpolicy,2024,日本郵船,3,1,kobe-list-oceanpolicy-2024,船舶職員
kobe,kobe-oceanpolicy,2024,日立ソリューションズ・クリエイト,1,1,kobe-list-oceanpolicy-2024,情報通信業
kobe,kobe-oceanpolicy,2024,八馬汽船,1,1,kobe-list-oceanpolicy-2024,船舶職員
kobe,kobe-oceanpolicy,2024,北陸電力,1,1,kobe-list-oceanpolicy-2024,電気・ガス・熱供給・水道業
kobe,kobe-oceanpolicy,2024,明海グループ,1,1,kobe-list-oceanpolicy-2024,運輸業、郵便業
kobe,kobe-oceanpolicy,2024,明治安田生命保険,1,1,kobe-list-oceanpolicy-2024,金融業・保険業
kobe,kobe-oceanpolicy,2024,網屋,1,1,kobe-list-oceanpolicy-2024,情報通信業
kobe,kobe-letters,2025,ＢＦＴ,1,1,kobe-list-letters-2025,情報通信業
kobe,kobe-letters,2025,ｉｒｏｄａｓ,1,1,kobe-list-letters-2025,その他のサービス業
kobe,kobe-letters,2025,ＪＸ金属,1,1,kobe-list-letters-2025,鉄鋼業、非鉄金属・金属製品製造業
kobe,kobe-letters,2025,Ｍｉｅｌ ｙｏｎａ ｙｏｎａ,1,1,kobe-list-letters-2025,宿泊業、飲食サービス業
kobe,kobe-letters,2025,ＮＴＴ西日本,1,1,kobe-list-letters-2025,情報通信業
kobe,kobe-letters,2025,ＴＩＳ,1,1,kobe-list-letters-2025,情報通信業
kobe,kobe-letters,2025,ＴＯＰＰＡＮ,1,1,kobe-list-letters-2025,印刷・同関連業
kobe,kobe-letters,2025,ＵＨＡ味覚糖,1,1,kobe-list-letters-2025,食料品・飲料・たばこ・飼料製造業
kobe,kobe-letters,2025,Ｕ－ＮＥＸＴ ＨＯＬＤＩＮＧＳ,1,1,kobe-list-letters-2025,その他の専門・技術サービス業
kobe,kobe-letters,2025,アイ・ケイ・ケイホールディングス,1,1,kobe-list-letters-2025,その他の専門・技術サービス業
kobe,kobe-letters,2025,ウィル,1,1,kobe-list-letters-2025,不動産取引・賃貸・管理業
kobe,kobe-letters,2025,エイチ・アイ・エス,1,1,kobe-list-letters-2025,生活関連サービス業、娯楽業
kobe,kobe-letters,2025,カイテクノロジー,1,1,kobe-list-letters-2025,情報通信業
kobe,kobe-letters,2025,キヤノンシステムアンドサポート,1,1,kobe-list-letters-2025,情報通信業
kobe,kobe-letters,2025,警察庁中部管区警察局,1,1,kobe-list-letters-2025,国家公務
kobe,kobe-letters,2025,コナミゲーミングテクノロジー,1,1,kobe-list-letters-2025,その他の製造業
kobe,kobe-letters,2025,ジェイアール西日本ウェルネット,1,1,kobe-list-letters-2025,その他のサービス業
kobe,kobe-letters,2025,ジェイエイシーリクルートメント,1,1,kobe-list-letters-2025,その他のサービス業
kobe,kobe-letters,2025,システムリサーチ,1,1,kobe-list-letters-2025,情報通信業
kobe,kobe-letters,2025,スタッフサービス・ホールディングス,1,1,kobe-list-letters-2025,その他の専門・技術サービス業
kobe,kobe-letters,2025,デンソー,1,1,kobe-list-letters-2025,輸送用機械器具製造業
kobe,kobe-letters,2025,東京都庁,1,1,kobe-list-letters-2025,地方公務
kobe,kobe-letters,2025,ドトールコーヒー,1,1,kobe-list-letters-2025,宿泊業、飲食サービス業
kobe,kobe-letters,2025,トヨタ自動車,1,1,kobe-list-letters-2025,輸送用機械器具製造業
kobe,kobe-letters,2025,パーソルキャリア,1,1,kobe-list-letters-2025,その他のサービス業
kobe,kobe-letters,2025,パーソルビジネスプロセスデザイン,1,1,kobe-list-letters-2025,その他のサービス業
kobe,kobe-letters,2025,バルテス,1,1,kobe-list-letters-2025,情報通信業
kobe,kobe-letters,2025,バンタン,1,1,kobe-list-letters-2025,その他の教育、学習支援業
kobe,kobe-letters,2025,ピーエイチピー研究所,1,1,kobe-list-letters-2025,情報通信業
kobe,kobe-letters,2025,ベネッセスタイルケア,1,1,kobe-list-letters-2025,社会保険・社会福祉・介護事業
kobe,kobe-letters,2025,マネジメントソリューションズ,1,1,kobe-list-letters-2025,その他の専門・技術サービス業
kobe,kobe-letters,2025,マンダム,1,1,kobe-list-letters-2025,化学工業、石油・石炭製品製造業
kobe,kobe-letters,2025,ヤハタ,1,1,kobe-list-letters-2025,鉄鋼業、非鉄金属・金属製品製造業
kobe,kobe-letters,2025,やまと,1,1,kobe-list-letters-2025,卸売業、小売業
kobe,kobe-letters,2025,ゆうちょ銀行,1,1,kobe-list-letters-2025,金融業
kobe,kobe-letters,2025,りそな銀行,1,1,kobe-list-letters-2025,金融業
kobe,kobe-letters,2025,リンクアンドモチベーション,1,1,kobe-list-letters-2025,その他の専門・技術サービス業
kobe,kobe-letters,2025,ワールド,1,1,kobe-list-letters-2025,その他の専門・技術サービス業
kobe,kobe-letters,2025,ワタナベフーマック,1,1,kobe-list-letters-2025,はん用・生産用・業務用機械器具製造業
kobe,kobe-letters,2025,愛知県庁,1,1,kobe-list-letters-2025,地方公務
kobe,kobe-letters,2025,岡山県庁,1,1,kobe-list-letters-2025,地方公務
kobe,kobe-letters,2025,加東市役所,1,1,kobe-list-letters-2025,地方公務
kobe,kobe-letters,2025,関西電力,2,1,kobe-list-letters-2025,電気・ガス・熱供給・水道業
kobe,kobe-letters,2025,啓隆社,1,1,kobe-list-letters-2025,情報通信業
kobe,kobe-letters,2025,広島市役所,1,1,kobe-list-letters-2025,地方公務
kobe,kobe-letters,2025,香川県庁,1,1,kobe-list-letters-2025,地方公務
kobe,kobe-letters,2025,阪急阪神ロジパートナーズ,1,1,kobe-list-letters-2025,運輸業、郵便業
kobe,kobe-letters,2025,三井住友銀行,1,1,kobe-list-letters-2025,金融業
kobe,kobe-letters,2025,三菱ＵＦＪ銀行,1,1,kobe-list-letters-2025,金融業
kobe,kobe-letters,2025,三菱ＵＦＪ信託銀行,1,1,kobe-list-letters-2025,金融業
kobe,kobe-letters,2025,三菱重工業,1,1,kobe-list-letters-2025,輸送用機械器具製造業
kobe,kobe-letters,2025,山口フィナンシャルグループ,1,1,kobe-list-letters-2025,その他の専門・技術サービス業
kobe,kobe-letters,2025,住信ＳＢＩネット銀行,1,1,kobe-list-letters-2025,金融業
kobe,kobe-letters,2025,住友生命保険,1,1,kobe-list-letters-2025,保険業
kobe,kobe-letters,2025,情報セキュリティ,1,1,kobe-list-letters-2025,情報通信業
kobe,kobe-letters,2025,新光電気工業,1,1,kobe-list-letters-2025,電子部品・デバイス・電子回路製造業
kobe,kobe-letters,2025,神戸市役所,1,1,kobe-list-letters-2025,地方公務
kobe,kobe-letters,2025,神戸市立中学校（教員）,1,1,kobe-list-letters-2025,学校教育
kobe,kobe-letters,2025,西松屋チェーン,1,1,kobe-list-letters-2025,卸売業、小売業
kobe,kobe-letters,2025,川崎重工業,1,1,kobe-list-letters-2025,輸送用機械器具製造業
kobe,kobe-letters,2025,大学入試センター,1,1,kobe-list-letters-2025,学校教育
kobe,kobe-letters,2025,大阪府庁,1,1,kobe-list-letters-2025,地方公務
kobe,kobe-letters,2025,田中貴金属グループ,1,1,kobe-list-letters-2025,その他の専門・技術サービス業
kobe,kobe-letters,2025,東京海上日動システムズ,1,1,kobe-list-letters-2025,情報通信業
kobe,kobe-letters,2025,日本チルド物流,1,1,kobe-list-letters-2025,運輸業、郵便業
kobe,kobe-letters,2025,日本触媒,1,1,kobe-list-letters-2025,化学工業、石油・石炭製品製造業
kobe,kobe-letters,2025,日本生命保険,1,1,kobe-list-letters-2025,保険業
kobe,kobe-letters,2025,日本赤十字社,1,1,kobe-list-letters-2025,医療業、保健衛生
kobe,kobe-letters,2025,日本郵政,1,1,kobe-list-letters-2025,その他の専門・技術サービス業
kobe,kobe-letters,2025,播州信用金庫,1,1,kobe-list-letters-2025,金融業
kobe,kobe-letters,2025,姫路市役所,1,1,kobe-list-letters-2025,地方公務
kobe,kobe-letters,2025,富士フイルム,1,1,kobe-list-letters-2025,はん用・生産用・業務用機械器具製造業
kobe,kobe-letters,2025,福井県庁,1,1,kobe-list-letters-2025,地方公務
kobe,kobe-letters,2025,福岡県庁,1,1,kobe-list-letters-2025,地方公務
kobe,kobe-letters,2025,兵庫県教育委員会,1,1,kobe-list-letters-2025,地方公務
kobe,kobe-letters,2025,兵庫県立高等学校（教員）,1,1,kobe-list-letters-2025,学校教育
kobe,kobe-letters,2025,宝ホールディングス,1,1,kobe-list-letters-2025,その他の専門・技術サービス業
kobe,kobe-letters,2025,北越コーポレーション,1,1,kobe-list-letters-2025,その他の製造業
kobe,kobe-letters,2025,北川組,1,1,kobe-list-letters-2025,建設業
kobe,kobe-letters,2025,本田技研工業（ＨＯＮＤＡ）,1,1,kobe-list-letters-2025,輸送用機械器具製造業
kobe,kobe-letters,2025,明治安田生命保険,1,1,kobe-list-letters-2025,保険業
kobe,kobe-intlhuman,2025,ＢａｔｏｎＬｉｎｋ,1,1,kobe-list-intlhuman-2025,その他の教育、学習支援業
kobe,kobe-intlhuman,2025,ＣＯＮＳＣＩＥＮＣＥ,1,1,kobe-list-intlhuman-2025,その他の専門・技術サービス業
kobe,kobe-intlhuman,2025,ＤＯＮＵＴＳ,1,1,kobe-list-intlhuman-2025,情報通信業
kobe,kobe-intlhuman,2025,ＤＹＭ,1,1,kobe-list-intlhuman-2025,その他のサービス業
kobe,kobe-intlhuman,2025,ＦＩＤＩＡ ＳＯＬＵＴＩＯＮＳ,1,1,kobe-list-intlhuman-2025,その他のサービス業
kobe,kobe-intlhuman,2025,Ｇａｋｋｅｎ,1,1,kobe-list-intlhuman-2025,情報通信業
kobe,kobe-intlhuman,2025,ＪＦＥ商事,1,1,kobe-list-intlhuman-2025,卸売業、小売業
kobe,kobe-intlhuman,2025,ＪＴＢグローバルマーケティング＆トラベル,1,1,kobe-list-intlhuman-2025,生活関連サービス業、娯楽業
kobe,kobe-intlhuman,2025,ＬＩＮＥヤフー,2,1,kobe-list-intlhuman-2025,情報通信業
kobe,kobe-intlhuman,2025,ＬＩＴＡＬＩＣＯ,2,1,kobe-list-intlhuman-2025,社会保険・社会福祉・介護事業
kobe,kobe-intlhuman,2025,ＭＢＭ,1,1,kobe-list-intlhuman-2025,その他のサービス業
kobe,kobe-intlhuman,2025,ＮＴＴデータ,2,1,kobe-list-intlhuman-2025,情報通信業
kobe,kobe-intlhuman,2025,ＮＴＴデータ・アイ,1,1,kobe-list-intlhuman-2025,情報通信業
kobe,kobe-intlhuman,2025,ＮＴＴドコモ,5,1,kobe-list-intlhuman-2025,情報通信業
kobe,kobe-intlhuman,2025,ＮＴＴ東日本,1,1,kobe-list-intlhuman-2025,情報通信業
kobe,kobe-intlhuman,2025,Ｐｒｉｍａ Ｓｔｅｌｌａ Ｂａｌｌｅｔ,1,1,kobe-list-intlhuman-2025,生活関連サービス業、娯楽業
kobe,kobe-intlhuman,2025,Ｓｃｏｖｉｌｌｅ,1,1,kobe-list-intlhuman-2025,情報通信業
kobe,kobe-intlhuman,2025,ＳＨＩＦＴ,1,1,kobe-list-intlhuman-2025,情報通信業
kobe,kobe-intlhuman,2025,ＳＩ＆Ｃ,1,1,kobe-list-intlhuman-2025,情報通信業
kobe,kobe-intlhuman,2025,Ｓｋｙ,1,1,kobe-list-intlhuman-2025,情報通信業
kobe,kobe-intlhuman,2025,ＳＭＩＬＩＮＧ,1,1,kobe-list-intlhuman-2025,社会保険・社会福祉・介護事業
kobe,kobe-intlhuman,2025,ＴＭＥＩＣ,1,1,kobe-list-intlhuman-2025,はん用・生産用・業務用機械器具製造業
kobe,kobe-intlhuman,2025,Ｔｏ２２,1,1,kobe-list-intlhuman-2025,情報通信業
kobe,kobe-intlhuman,2025,ＴＯＹＯ ＴＩＲＥ,1,1,kobe-list-intlhuman-2025,化学工業、石油・石炭製品製造業
kobe,kobe-intlhuman,2025,Ｚ会,1,1,kobe-list-intlhuman-2025,その他の教育、学習支援業
kobe,kobe-intlhuman,2025,アイエスエフネット,1,1,kobe-list-intlhuman-2025,情報通信業
kobe,kobe-intlhuman,2025,アイドマ・ホールディングス,1,1,kobe-list-intlhuman-2025,その他の専門・技術サービス業
kobe,kobe-intlhuman,2025,アクセンチュア,3,1,kobe-list-intlhuman-2025,その他の専門・技術サービス業
kobe,kobe-intlhuman,2025,アサヒ飲料,1,1,kobe-list-intlhuman-2025,食料品・飲料・たばこ・飼料製造業
kobe,kobe-intlhuman,2025,アジアゲートウェイ,1,1,kobe-list-intlhuman-2025,その他の教育、学習支援業
kobe,kobe-intlhuman,2025,アビームコンサルティング,1,1,kobe-list-intlhuman-2025,その他の専門・技術サービス業
kobe,kobe-intlhuman,2025,アミタホールディングス,1,1,kobe-list-intlhuman-2025,その他の専門・技術サービス業
kobe,kobe-intlhuman,2025,いたみ文化・スポーツ財団,1,1,kobe-list-intlhuman-2025,その他のサービス業
kobe,kobe-intlhuman,2025,ウィル,3,1,kobe-list-intlhuman-2025,不動産取引・賃貸・管理業
kobe,kobe-intlhuman,2025,エイトハンドレッド,1,1,kobe-list-intlhuman-2025,その他の専門・技術サービス業
kobe,kobe-intlhuman,2025,エイトビット,1,1,kobe-list-intlhuman-2025,情報通信業
kobe,kobe-intlhuman,2025,エスプール,1,1,kobe-list-intlhuman-2025,その他のサービス業
kobe,kobe-intlhuman,2025,エスユーエス,1,1,kobe-list-intlhuman-2025,情報通信業
kobe,kobe-intlhuman,2025,オービック,1,1,kobe-list-intlhuman-2025,情報通信業
kobe,kobe-intlhuman,2025,オープンハウス,1,1,kobe-list-intlhuman-2025,不動産取引・賃貸・管理業
kobe,kobe-intlhuman,2025,オープンハウス・アーキテクト,1,1,kobe-list-intlhuman-2025,建設業
kobe,kobe-intlhuman,2025,オンザページ,1,1,kobe-list-intlhuman-2025,生活関連サービス業、娯楽業
kobe,kobe-intlhuman,2025,カネカ,1,1,kobe-list-intlhuman-2025,化学工業、石油・石炭製品製造業
kobe,kobe-intlhuman,2025,カプコン,1,1,kobe-list-intlhuman-2025,情報通信業
kobe,kobe-intlhuman,2025,キヤノンマーケティングジャパン,1,1,kobe-list-intlhuman-2025,その他の専門・技術サービス業
kobe,kobe-intlhuman,2025,キングジム,1,1,kobe-list-intlhuman-2025,その他の製造業
kobe,kobe-intlhuman,2025,キンセイマテック,1,1,kobe-list-intlhuman-2025,鉄鋼業、非鉄金属・金属製品製造業
kobe,kobe-intlhuman,2025,クボタ,2,1,kobe-list-intlhuman-2025,はん用・生産用・業務用機械器具製造業
kobe,kobe-intlhuman,2025,クラブツーリズム,1,1,kobe-list-intlhuman-2025,生活関連サービス業、娯楽業
kobe,kobe-intlhuman,2025,クロス・マーケティング,1,1,kobe-list-intlhuman-2025,情報通信業
kobe,kobe-intlhuman,2025,ゲンキー,1,1,kobe-list-intlhuman-2025,卸売業、小売業
kobe,kobe-intlhuman,2025,神戸市立小学校（教員）,4,1,kobe-list-intlhuman-2025,学校教育
kobe,kobe-intlhuman,2025,サイバーエージェント,1,1,kobe-list-intlhuman-2025,情報通信業
kobe,kobe-intlhuman,2025,ザイマックス関西,1,1,kobe-list-intlhuman-2025,不動産取引・賃貸・管理業
kobe,kobe-intlhuman,2025,財務省近畿財務局,1,1,kobe-list-intlhuman-2025,国家公務
kobe,kobe-intlhuman,2025,さくら情報システム,1,1,kobe-list-intlhuman-2025,情報通信業
kobe,kobe-intlhuman,2025,サンテック,1,1,kobe-list-intlhuman-2025,建設業
kobe,kobe-intlhuman,2025,サントリーホールディングス,1,1,kobe-list-intlhuman-2025,その他の専門・技術サービス業
kobe,kobe-intlhuman,2025,ジェイック,1,1,kobe-list-intlhuman-2025,その他のサービス業
kobe,kobe-intlhuman,2025,シグマクシス,1,1,kobe-list-intlhuman-2025,その他の専門・技術サービス業
kobe,kobe-intlhuman,2025,シスメックス,1,1,kobe-list-intlhuman-2025,はん用・生産用・業務用機械器具製造業
kobe,kobe-intlhuman,2025,シャープ,1,1,kobe-list-intlhuman-2025,電気・情報通信機械器具製造業
kobe,kobe-intlhuman,2025,ジャパンフード,1,1,kobe-list-intlhuman-2025,卸売業、小売業
kobe,kobe-intlhuman,2025,シンプレクス・ホールディングス,1,1,kobe-list-intlhuman-2025,その他の専門・技術サービス業
kobe,kobe-intlhuman,2025,スクロール,1,1,kobe-list-intlhuman-2025,卸売業、小売業
kobe,kobe-intlhuman,2025,スタディスト,1,1,kobe-list-intlhuman-2025,情報通信業
kobe,kobe-intlhuman,2025,スマートバリュー,1,1,kobe-list-intlhuman-2025,情報通信業
kobe,kobe-intlhuman,2025,セイコーエプソン,1,1,kobe-list-intlhuman-2025,はん用・生産用・業務用機械器具製造業
kobe,kobe-intlhuman,2025,セプテーニ・ホールディングス,1,1,kobe-list-intlhuman-2025,その他の専門・技術サービス業
kobe,kobe-intlhuman,2025,ソニーミュージックグループ,1,1,kobe-list-intlhuman-2025,生活関連サービス業、娯楽業
kobe,kobe-intlhuman,2025,ダイキン工業,3,1,kobe-list-intlhuman-2025,電気・情報通信機械器具製造業
kobe,kobe-intlhuman,2025,タイズ,1,1,kobe-list-intlhuman-2025,その他のサービス業
kobe,kobe-intlhuman,2025,ダイトロン,1,1,kobe-list-intlhuman-2025,電子部品・デバイス・電子回路製造業
kobe,kobe-intlhuman,2025,ダイレクト出版,1,1,kobe-list-intlhuman-2025,情報通信業
kobe,kobe-intlhuman,2025,チェンジ,1,1,kobe-list-intlhuman-2025,情報通信業
kobe,kobe-intlhuman,2025,ティー・エス・イー,1,1,kobe-list-intlhuman-2025,情報通信業
kobe,kobe-intlhuman,2025,テルモ,1,1,kobe-list-intlhuman-2025,はん用・生産用・業務用機械器具製造業
kobe,kobe-intlhuman,2025,ナレッジワーク,1,1,kobe-list-intlhuman-2025,情報通信業
kobe,kobe-intlhuman,2025,ニップン,1,1,kobe-list-intlhuman-2025,食料品・飲料・たばこ・飼料製造業
kobe,kobe-intlhuman,2025,ニトリ,1,1,kobe-list-intlhuman-2025,卸売業、小売業
kobe,kobe-intlhuman,2025,ノースサンド,1,1,kobe-list-intlhuman-2025,その他の専門・技術サービス業
kobe,kobe-intlhuman,2025,パーソルキャリア,2,1,kobe-list-intlhuman-2025,その他のサービス業
kobe,kobe-intlhuman,2025,パーソルビジネスプロセスデザイン,1,1,kobe-list-intlhuman-2025,その他のサービス業
kobe,kobe-intlhuman,2025,パソナグループ,1,1,kobe-list-intlhuman-2025,その他のサービス業
kobe,kobe-intlhuman,2025,パナソニック,2,1,kobe-list-intlhuman-2025,電気・情報通信機械器具製造業
kobe,kobe-intlhuman,2025,パナソニック エレクトリックワークス,1,1,kobe-list-intlhuman-2025,電気・情報通信機械器具製造業
kobe,kobe-intlhuman,2025,パナソニック オートモーティブシステムズ,1,1,kobe-list-intlhuman-2025,電子部品・デバイス・電子回路製造業
kobe,kobe-intlhuman,2025,パナソニック コネクトグループ,1,1,kobe-list-intlhuman-2025,情報通信業
kobe,kobe-intlhuman,2025,パル,1,1,kobe-list-intlhuman-2025,繊維工業
kobe,kobe-intlhuman,2025,バルテス,1,1,kobe-list-intlhuman-2025,情報通信業
kobe,kobe-intlhuman,2025,ビジネスブレイン太田昭和,1,1,kobe-list-intlhuman-2025,その他の専門・技術サービス業
kobe,kobe-intlhuman,2025,ビジョン・コンサルティング,1,1,kobe-list-intlhuman-2025,その他の専門・技術サービス業
kobe,kobe-intlhuman,2025,ビズリーチ,1,1,kobe-list-intlhuman-2025,情報通信業
kobe,kobe-intlhuman,2025,ファーストリテイリング,3,1,kobe-list-intlhuman-2025,その他の専門・技術サービス業
kobe,kobe-intlhuman,2025,フューチャー,1,1,kobe-list-intlhuman-2025,その他の専門・技術サービス業
kobe,kobe-intlhuman,2025,ブラザー工業,1,1,kobe-list-intlhuman-2025,はん用・生産用・業務用機械器具製造業
kobe,kobe-intlhuman,2025,ブリーチ,2,1,kobe-list-intlhuman-2025,その他の専門・技術サービス業
kobe,kobe-intlhuman,2025,フロンティアインターナショナル,1,1,kobe-list-intlhuman-2025,その他の専門・技術サービス業
kobe,kobe-intlhuman,2025,ベイカレント,1,1,kobe-list-intlhuman-2025,その他の専門・技術サービス業
kobe,kobe-intlhuman,2025,ベネッセコーポレーション,1,1,kobe-list-intlhuman-2025,その他の教育、学習支援業
kobe,kobe-intlhuman,2025,み・らいず２,1,1,kobe-list-intlhuman-2025,社会保険・社会福祉・介護事業
kobe,kobe-intlhuman,2025,ミズノ,3,1,kobe-list-intlhuman-2025,その他の製造業
kobe,kobe-intlhuman,2025,みずほフィナンシャルグループ,1,1,kobe-list-intlhuman-2025,その他の専門・技術サービス業
kobe,kobe-intlhuman,2025,みずほ証券,1,1,kobe-list-intlhuman-2025,金融業
kobe,kobe-intlhuman,2025,みやぎ生活協同組合,1,1,kobe-list-intlhuman-2025,複合サービス事業
kobe,kobe-intlhuman,2025,ヤクルト本社,1,1,kobe-list-intlhuman-2025,食料品・飲料・たばこ・飼料製造業
kobe,kobe-intlhuman,2025,ゆうちょ銀行,1,1,kobe-list-intlhuman-2025,金融業
kobe,kobe-intlhuman,2025,ライオン,1,1,kobe-list-intlhuman-2025,化学工業、石油・石炭製品製造業
kobe,kobe-intlhuman,2025,リコー,1,1,kobe-list-intlhuman-2025,はん用・生産用・業務用機械器具製造業
kobe,kobe-intlhuman,2025,りそなデジタル・アイ,1,1,kobe-list-intlhuman-2025,情報通信業
kobe,kobe-intlhuman,2025,りそな銀行,1,1,kobe-list-intlhuman-2025,金融業
kobe,kobe-intlhuman,2025,リンク・インタラック,1,1,kobe-list-intlhuman-2025,その他のサービス業
kobe,kobe-intlhuman,2025,リンクアンドモチベーション,1,1,kobe-list-intlhuman-2025,その他の専門・技術サービス業
kobe,kobe-intlhuman,2025,ルネサンス,1,1,kobe-list-intlhuman-2025,生活関連サービス業、娯楽業
kobe,kobe-intlhuman,2025,レンゴー,1,1,kobe-list-intlhuman-2025,その他の製造業
kobe,kobe-intlhuman,2025,安田倉庫,1,1,kobe-list-intlhuman-2025,運輸業、郵便業
kobe,kobe-intlhuman,2025,伊藤忠丸紅鉄鋼,2,1,kobe-list-intlhuman-2025,卸売業、小売業
kobe,kobe-intlhuman,2025,伊藤忠商事,1,1,kobe-list-intlhuman-2025,卸売業、小売業
kobe,kobe-intlhuman,2025,茨木市役所,1,1,kobe-list-intlhuman-2025,地方公務
kobe,kobe-intlhuman,2025,歌手,1,1,kobe-list-intlhuman-2025,生活関連サービス業、娯楽業
kobe,kobe-intlhuman,2025,河内⾧野市役所,1,1,kobe-list-intlhuman-2025,地方公務
kobe,kobe-intlhuman,2025,楽天グループ,7,1,kobe-list-intlhuman-2025,情報通信業
kobe,kobe-intlhuman,2025,環境省,2,1,kobe-list-intlhuman-2025,国家公務
kobe,kobe-intlhuman,2025,環境省近畿地方環境事務所,1,1,kobe-list-intlhuman-2025,国家公務
kobe,kobe-intlhuman,2025,関西ビジネスインフォメーション,1,1,kobe-list-intlhuman-2025,その他の専門・技術サービス業
kobe,kobe-intlhuman,2025,関西電力,4,1,kobe-list-intlhuman-2025,電気・ガス・熱供給・水道業
kobe,kobe-intlhuman,2025,関電不動産開発,1,1,kobe-list-intlhuman-2025,不動産取引・賃貸・管理業
kobe,kobe-intlhuman,2025,丸紅,1,1,kobe-list-intlhuman-2025,卸売業、小売業
kobe,kobe-intlhuman,2025,紀伊國屋書店,1,1,kobe-list-intlhuman-2025,卸売業、小売業
kobe,kobe-intlhuman,2025,京阪ホールディングス,1,1,kobe-list-intlhuman-2025,その他の専門・技術サービス業
kobe,kobe-intlhuman,2025,京阪神ビルディング,1,1,kobe-list-intlhuman-2025,不動産取引・賃貸・管理業
kobe,kobe-intlhuman,2025,京都銀行,1,1,kobe-list-intlhuman-2025,金融業
kobe,kobe-intlhuman,2025,京都府立中学校（教員）,1,1,kobe-list-intlhuman-2025,学校教育
kobe,kobe-intlhuman,2025,近畿日本鉄道,1,1,kobe-list-intlhuman-2025,運輸業、郵便業
kobe,kobe-intlhuman,2025,近鉄グループホールディングス,2,1,kobe-list-intlhuman-2025,その他の専門・技術サービス業
kobe,kobe-intlhuman,2025,近鉄不動産,1,1,kobe-list-intlhuman-2025,不動産取引・賃貸・管理業
kobe,kobe-intlhuman,2025,金沢市役所,1,1,kobe-list-intlhuman-2025,地方公務
kobe,kobe-intlhuman,2025,古野電気,1,1,kobe-list-intlhuman-2025,電気・情報通信機械器具製造業
kobe,kobe-intlhuman,2025,厚生労働省,1,1,kobe-list-intlhuman-2025,国家公務
kobe,kobe-intlhuman,2025,江崎グリコ,2,1,kobe-list-intlhuman-2025,食料品・飲料・たばこ・飼料製造業
kobe,kobe-intlhuman,2025,高知県教育委員会,1,1,kobe-list-intlhuman-2025,地方公務
kobe,kobe-intlhuman,2025,高知新聞社,1,1,kobe-list-intlhuman-2025,情報通信業
kobe,kobe-intlhuman,2025,国際観光振興機構,1,1,kobe-list-intlhuman-2025,その他のサービス業
kobe,kobe-intlhuman,2025,国土交通省,1,1,kobe-list-intlhuman-2025,国家公務
kobe,kobe-intlhuman,2025,国立京都国際会館,1,1,kobe-list-intlhuman-2025,その他のサービス業
kobe,kobe-intlhuman,2025,国立国会図書館,1,1,kobe-list-intlhuman-2025,その他の教育、学習支援業
kobe,kobe-intlhuman,2025,黒龍酒造,1,1,kobe-list-intlhuman-2025,食料品・飲料・たばこ・飼料製造業
kobe,kobe-intlhuman,2025,財務省関東財務局,1,1,kobe-list-intlhuman-2025,国家公務
kobe,kobe-intlhuman,2025,阪急阪神ホールディングス,3,1,kobe-list-intlhuman-2025,その他の専門・技術サービス業
kobe,kobe-intlhuman,2025,阪急阪神百貨店,2,1,kobe-list-intlhuman-2025,卸売業、小売業
kobe,kobe-intlhuman,2025,阪神高速道路,1,1,kobe-list-intlhuman-2025,運輸業、郵便業
kobe,kobe-intlhuman,2025,三井住友カード,1,1,kobe-list-intlhuman-2025,金融業
kobe,kobe-intlhuman,2025,三井住友海上火災保険,1,1,kobe-list-intlhuman-2025,保険業
kobe,kobe-intlhuman,2025,三井住友銀行,2,1,kobe-list-intlhuman-2025,金融業
kobe,kobe-intlhuman,2025,三井住友信託銀行,1,1,kobe-list-intlhuman-2025,金融業
kobe,kobe-intlhuman,2025,三井不動産ホテルマネジメント,1,1,kobe-list-intlhuman-2025,宿泊業、飲食サービス業
kobe,kobe-intlhuman,2025,三起商行,2,1,kobe-list-intlhuman-2025,繊維工業
kobe,kobe-intlhuman,2025,三重県庁,1,1,kobe-list-intlhuman-2025,地方公務
kobe,kobe-intlhuman,2025,三菱ＵＦＪトラストシステム,1,1,kobe-list-intlhuman-2025,情報通信業
kobe,kobe-intlhuman,2025,三菱ＵＦＪニコス,1,1,kobe-list-intlhuman-2025,金融業
kobe,kobe-intlhuman,2025,三菱ＵＦＪ銀行,3,1,kobe-list-intlhuman-2025,金融業
kobe,kobe-intlhuman,2025,三菱ＵＦＪ信託銀行,2,1,kobe-list-intlhuman-2025,金融業
kobe,kobe-intlhuman,2025,三菱地所プロパティマネジメント,1,1,kobe-list-intlhuman-2025,不動産取引・賃貸・管理業
kobe,kobe-intlhuman,2025,三菱電機,1,1,kobe-list-intlhuman-2025,電気・情報通信機械器具製造業
kobe,kobe-intlhuman,2025,三菱電機トレーディング,1,1,kobe-list-intlhuman-2025,卸売業、小売業
kobe,kobe-intlhuman,2025,鹿島建設,1,1,kobe-list-intlhuman-2025,建設業
kobe,kobe-intlhuman,2025,住信ＳＢＩネット銀行,2,1,kobe-list-intlhuman-2025,金融業
kobe,kobe-intlhuman,2025,住友商事,1,1,kobe-list-intlhuman-2025,卸売業、小売業
kobe,kobe-intlhuman,2025,住友林業,1,1,kobe-list-intlhuman-2025,建設業
kobe,kobe-intlhuman,2025,出光興産,1,1,kobe-list-intlhuman-2025,化学工業、石油・石炭製品製造業
kobe,kobe-intlhuman,2025,商船三井,1,1,kobe-list-intlhuman-2025,運輸業、郵便業
kobe,kobe-intlhuman,2025,信金中央金庫,1,1,kobe-list-intlhuman-2025,金融業
kobe,kobe-intlhuman,2025,新潟県庁,1,1,kobe-list-intlhuman-2025,地方公務
kobe,kobe-intlhuman,2025,新国立劇場運営財団,1,1,kobe-list-intlhuman-2025,生活関連サービス業、娯楽業
kobe,kobe-intlhuman,2025,新潮社,1,1,kobe-list-intlhuman-2025,情報通信業
kobe,kobe-intlhuman,2025,森永製菓,1,1,kobe-list-intlhuman-2025,食料品・飲料・たばこ・飼料製造業
kobe,kobe-intlhuman,2025,森永乳業,1,1,kobe-list-intlhuman-2025,食料品・飲料・たばこ・飼料製造業
kobe,kobe-intlhuman,2025,神戸屋,1,1,kobe-list-intlhuman-2025,食料品・飲料・たばこ・飼料製造業
kobe,kobe-intlhuman,2025,神戸家庭裁判所,1,1,kobe-list-intlhuman-2025,国家公務
kobe,kobe-intlhuman,2025,神戸市こども家庭センター,1,1,kobe-list-intlhuman-2025,社会保険・社会福祉・介護事業
kobe,kobe-intlhuman,2025,神戸市公立保育所,1,1,kobe-list-intlhuman-2025,社会保険・社会福祉・介護事業
kobe,kobe-intlhuman,2025,神戸市役所,6,1,kobe-list-intlhuman-2025,地方公務
kobe,kobe-intlhuman,2025,神戸市立中学校（教員）,1,1,kobe-list-intlhuman-2025,学校教育
kobe,kobe-intlhuman,2025,神戸市立特別支援学校（教員）,1,1,kobe-list-intlhuman-2025,学校教育
kobe,kobe-intlhuman,2025,神戸大学附属小学校（教員）,1,1,kobe-list-intlhuman-2025,学校教育
kobe,kobe-intlhuman,2025,神奈川県庁,1,1,kobe-list-intlhuman-2025,地方公務
kobe,kobe-intlhuman,2025,進工業,1,1,kobe-list-intlhuman-2025,電子部品・デバイス・電子回路製造業
kobe,kobe-intlhuman,2025,吹田市立中学校（教員）,1,1,kobe-list-intlhuman-2025,学校教育
kobe,kobe-intlhuman,2025,星野リゾート,1,1,kobe-list-intlhuman-2025,宿泊業、飲食サービス業
kobe,kobe-intlhuman,2025,石川県立高等学校（教員）,1,1,kobe-list-intlhuman-2025,学校教育
kobe,kobe-intlhuman,2025,石川樹脂工業,1,1,kobe-list-intlhuman-2025,化学工業、石油・石炭製品製造業
kobe,kobe-intlhuman,2025,川崎重工業,3,1,kobe-list-intlhuman-2025,輸送用機械器具製造業
kobe,kobe-intlhuman,2025,前田建設工業,1,1,kobe-list-intlhuman-2025,建設業
kobe,kobe-intlhuman,2025,全日本空輸（ＡＮＡ）,3,1,kobe-list-intlhuman-2025,運輸業、郵便業
kobe,kobe-intlhuman,2025,損害保険ジャパン,1,1,kobe-list-intlhuman-2025,保険業
kobe,kobe-intlhuman,2025,村田製作所,1,1,kobe-list-intlhuman-2025,電子部品・デバイス・電子回路製造業
kobe,kobe-intlhuman,2025,大阪ガス,1,1,kobe-list-intlhuman-2025,電気・ガス・熱供給・水道業
kobe,kobe-intlhuman,2025,大阪市役所,1,1,kobe-list-intlhuman-2025,地方公務
kobe,kobe-intlhuman,2025,大阪中小企業投資育成,1,1,kobe-list-intlhuman-2025,金融業
kobe,kobe-intlhuman,2025,大阪府庁,1,1,kobe-list-intlhuman-2025,地方公務
kobe,kobe-intlhuman,2025,大日本印刷,1,1,kobe-list-intlhuman-2025,印刷・同関連業
kobe,kobe-intlhuman,2025,大和ライフネクスト,1,1,kobe-list-intlhuman-2025,不動産取引・賃貸・管理業
kobe,kobe-intlhuman,2025,大和証券,1,1,kobe-list-intlhuman-2025,金融業
kobe,kobe-intlhuman,2025,第一生命保険,1,1,kobe-list-intlhuman-2025,保険業
kobe,kobe-intlhuman,2025,但陽信用金庫,1,1,kobe-list-intlhuman-2025,金融業
kobe,kobe-intlhuman,2025,竹中工務店,1,1,kobe-list-intlhuman-2025,建設業
kobe,kobe-intlhuman,2025,中国電力,1,1,kobe-list-intlhuman-2025,電気・ガス・熱供給・水道業
kobe,kobe-intlhuman,2025,蝶理,1,1,kobe-list-intlhuman-2025,卸売業、小売業
kobe,kobe-intlhuman,2025,直島文化村,1,1,kobe-list-intlhuman-2025,宿泊業、飲食サービス業
kobe,kobe-intlhuman,2025,電通西日本,1,1,kobe-list-intlhuman-2025,その他の専門・技術サービス業
kobe,kobe-intlhuman,2025,東海テレビ放送,1,1,kobe-list-intlhuman-2025,情報通信業
kobe,kobe-intlhuman,2025,東京海上日動火災保険,2,1,kobe-list-intlhuman-2025,保険業
kobe,kobe-intlhuman,2025,東京精密,1,1,kobe-list-intlhuman-2025,はん用・生産用・業務用機械器具製造業
kobe,kobe-intlhuman,2025,東京都立特別支援学校（教員）,1,1,kobe-list-intlhuman-2025,学校教育
kobe,kobe-intlhuman,2025,東武トップツアーズ,1,1,kobe-list-intlhuman-2025,生活関連サービス業、娯楽業
kobe,kobe-intlhuman,2025,東邦ガス,1,1,kobe-list-intlhuman-2025,電気・ガス・熱供給・水道業
kobe,kobe-intlhuman,2025,読売テレビ放送,1,1,kobe-list-intlhuman-2025,情報通信業
kobe,kobe-intlhuman,2025,読売新聞大阪本社,1,1,kobe-list-intlhuman-2025,情報通信業
kobe,kobe-intlhuman,2025,奈良県庁,1,1,kobe-list-intlhuman-2025,地方公務
kobe,kobe-intlhuman,2025,日鉄興和不動産,1,1,kobe-list-intlhuman-2025,不動産取引・賃貸・管理業
kobe,kobe-intlhuman,2025,日本システム技術,1,1,kobe-list-intlhuman-2025,情報通信業
kobe,kobe-intlhuman,2025,日本タタ・コンサルタンシー・サービシズ,1,1,kobe-list-intlhuman-2025,情報通信業
kobe,kobe-intlhuman,2025,日本食研ホールディングス,1,1,kobe-list-intlhuman-2025,食料品・飲料・たばこ・飼料製造業
kobe,kobe-intlhuman,2025,日本政策金融公庫,1,1,kobe-list-intlhuman-2025,金融業
kobe,kobe-intlhuman,2025,日本政策投資銀行,1,1,kobe-list-intlhuman-2025,金融業
kobe,kobe-intlhuman,2025,日本生命保険,3,1,kobe-list-intlhuman-2025,保険業
kobe,kobe-intlhuman,2025,日本総合システム,1,1,kobe-list-intlhuman-2025,情報通信業
kobe,kobe-intlhuman,2025,日本放送協会（ＮＨＫ）,2,1,kobe-list-intlhuman-2025,情報通信業
kobe,kobe-intlhuman,2025,日本貿易振興機構,1,1,kobe-list-intlhuman-2025,その他の専門・技術サービス業
kobe,kobe-intlhuman,2025,日本郵政,2,1,kobe-list-intlhuman-2025,その他の専門・技術サービス業
kobe,kobe-intlhuman,2025,姫路市立小学校（教員）,1,1,kobe-list-intlhuman-2025,学校教育
kobe,kobe-intlhuman,2025,富士フイルムビジネスイノベーションジャパン,1,1,kobe-list-intlhuman-2025,はん用・生産用・業務用機械器具製造業
kobe,kobe-intlhuman,2025,富士通,1,1,kobe-list-intlhuman-2025,情報通信業
kobe,kobe-intlhuman,2025,福井県庁,1,1,kobe-list-intlhuman-2025,地方公務
kobe,kobe-intlhuman,2025,福岡銀行,2,1,kobe-list-intlhuman-2025,金融業
kobe,kobe-intlhuman,2025,兵庫県立小学校（教員）,1,1,kobe-list-intlhuman-2025,学校教育
kobe,kobe-intlhuman,2025,兵庫県立中学校（教員）,1,1,kobe-list-intlhuman-2025,学校教育
kobe,kobe-intlhuman,2025,兵庫県庁,2,1,kobe-list-intlhuman-2025,地方公務
kobe,kobe-intlhuman,2025,兵庫県立高等学校（教員）,1,1,kobe-list-intlhuman-2025,学校教育
kobe,kobe-intlhuman,2025,防衛省海上自衛隊,1,1,kobe-list-intlhuman-2025,国家公務
kobe,kobe-intlhuman,2025,毎日新聞社,1,1,kobe-list-intlhuman-2025,情報通信業
kobe,kobe-intlhuman,2025,名古屋市立小学校（教員）,1,1,kobe-list-intlhuman-2025,学校教育
kobe,kobe-intlhuman,2025,明治安田生命保険,2,1,kobe-list-intlhuman-2025,保険業
kobe,kobe-intlhuman,2025,琉球朝日放送,1,1,kobe-list-intlhuman-2025,情報通信業
kobe,kobe-intlhuman,2025,良品計画,1,1,kobe-list-intlhuman-2025,卸売業、小売業
kobe,kobe-intlhuman,2025,令和トラベル,1,1,kobe-list-intlhuman-2025,生活関連サービス業、娯楽業
kobe,kobe-intlhuman,2025,和歌山県庁,1,1,kobe-list-intlhuman-2025,地方公務
kobe,kobe-intlhuman,2025,和歌山県立小学校（教員）,1,1,kobe-list-intlhuman-2025,学校教育
kobe,kobe-law,2025,ｆｉｎｅｔｒａｃｋ,1,1,kobe-list-law-2025,繊維工業
kobe,kobe-law,2025,Ｈａｍｅｅ,1,1,kobe-list-law-2025,卸売業、小売業
kobe,kobe-law,2025,ＪＦＥ鋼板,1,1,kobe-list-law-2025,鉄鋼業、非鉄金属・金属製品製造業
kobe,kobe-law,2025,ＮＴＴ西日本,1,1,kobe-list-law-2025,情報通信業
kobe,kobe-law,2025,ＳＯＭＰＯひまわり生命保険,1,1,kobe-list-law-2025,保険業
kobe,kobe-law,2025,ＴＣ神鋼不動産,1,1,kobe-list-law-2025,不動産取引・賃貸・管理業
kobe,kobe-law,2025,ＴＯＡシブル,1,1,kobe-list-law-2025,その他のサービス業
kobe,kobe-law,2025,ＴＰＩ,1,1,kobe-list-law-2025,情報通信業
kobe,kobe-law,2025,ＷＡＶＥ,1,1,kobe-list-law-2025,その他の専門・技術サービス業
kobe,kobe-law,2025,ＷＥＳＴ ＢＲＡＩＮ,1,1,kobe-list-law-2025,その他の専門・技術サービス業
kobe,kobe-law,2025,Ｚ会,1,1,kobe-list-law-2025,その他の教育、学習支援業
kobe,kobe-law,2025,アビームコンサルティング,2,1,kobe-list-law-2025,その他の専門・技術サービス業
kobe,kobe-law,2025,イーエフユーアドウィス,1,1,kobe-list-law-2025,情報通信業
kobe,kobe-law,2025,イソライト工業,1,1,kobe-list-law-2025,その他の製造業
kobe,kobe-law,2025,エステー,1,1,kobe-list-law-2025,その他の製造業
kobe,kobe-law,2025,大家,1,1,kobe-list-law-2025,不動産取引・賃貸・管理業
kobe,kobe-law,2025,キヤノンマーケティングジャパン,1,1,kobe-list-law-2025,その他の専門・技術サービス業
kobe,kobe-law,2025,クラブツーリズム,1,1,kobe-list-law-2025,生活関連サービス業、娯楽業
kobe,kobe-law,2025,国税庁金沢国税局,1,1,kobe-list-law-2025,国家公務
kobe,kobe-law,2025,コスモスイニシア,1,1,kobe-list-law-2025,不動産取引・賃貸・管理業
kobe,kobe-law,2025,コベルコシステム,1,1,kobe-list-law-2025,情報通信業
kobe,kobe-law,2025,シンプレクス・ホールディングス,1,1,kobe-list-law-2025,その他の専門・技術サービス業
kobe,kobe-law,2025,セコム,1,1,kobe-list-law-2025,その他のサービス業
kobe,kobe-law,2025,ソフトヒューベリオン,1,1,kobe-list-law-2025,情報通信業
kobe,kobe-law,2025,デジタル・インフォメーション・テクノロジー,1,1,kobe-list-law-2025,情報通信業
kobe,kobe-law,2025,テス・エンジニアリング,1,1,kobe-list-law-2025,その他の専門・技術サービス業
kobe,kobe-law,2025,テック情報,1,1,kobe-list-law-2025,情報通信業
kobe,kobe-law,2025,デンソー,1,1,kobe-list-law-2025,輸送用機械器具製造業
kobe,kobe-law,2025,トヨタ自動車,1,1,kobe-list-law-2025,輸送用機械器具製造業
kobe,kobe-law,2025,ノーザンファーム,1,1,kobe-list-law-2025,農業、林業
kobe,kobe-law,2025,パーソルキャリア,1,1,kobe-list-law-2025,その他のサービス業
kobe,kobe-law,2025,ピアス,1,1,kobe-list-law-2025,化学工業、石油・石炭製品製造業
kobe,kobe-law,2025,ビジネステクノクラフツ,1,1,kobe-list-law-2025,情報通信業
kobe,kobe-law,2025,フューチャー,1,1,kobe-list-law-2025,その他の専門・技術サービス業
kobe,kobe-law,2025,フルノソフテック,1,1,kobe-list-law-2025,情報通信業
kobe,kobe-law,2025,ベイカレント,1,1,kobe-list-law-2025,その他の専門・技術サービス業
kobe,kobe-law,2025,法務省岡山地方検察庁,1,1,kobe-list-law-2025,国家公務
kobe,kobe-law,2025,みずほ銀行,1,1,kobe-list-law-2025,金融業
kobe,kobe-law,2025,みずほ証券,1,1,kobe-list-law-2025,金融業
kobe,kobe-law,2025,ヤマダデンキ,1,1,kobe-list-law-2025,卸売業、小売業
kobe,kobe-law,2025,ゆうちょ銀行,1,1,kobe-list-law-2025,金融業
kobe,kobe-law,2025,ユニバーサル園芸社,1,1,kobe-list-law-2025,物品賃貸業
kobe,kobe-law,2025,りそな銀行,1,1,kobe-list-law-2025,金融業
kobe,kobe-law,2025,レンゴー,1,1,kobe-list-law-2025,その他の製造業
kobe,kobe-law,2025,愛知県庁,1,1,kobe-list-law-2025,地方公務
kobe,kobe-law,2025,愛媛県庁,2,1,kobe-list-law-2025,地方公務
kobe,kobe-law,2025,宇和島市役所,1,1,kobe-list-law-2025,地方公務
kobe,kobe-law,2025,関西みらい銀行,1,1,kobe-list-law-2025,金融業
kobe,kobe-law,2025,関西電力,4,1,kobe-list-law-2025,電気・ガス・熱供給・水道業
kobe,kobe-law,2025,丸三証券,1,1,kobe-list-law-2025,金融業
kobe,kobe-law,2025,亀岡市役所,1,1,kobe-list-law-2025,地方公務
kobe,kobe-law,2025,京都銀行,1,1,kobe-list-law-2025,金融業
kobe,kobe-law,2025,近畿日本鉄道,1,1,kobe-list-law-2025,運輸業、郵便業
kobe,kobe-law,2025,厚生労働省,1,1,kobe-list-law-2025,国家公務
kobe,kobe-law,2025,広島市役所,1,1,kobe-list-law-2025,地方公務
kobe,kobe-law,2025,広島地方裁判所,1,1,kobe-list-law-2025,国家公務
kobe,kobe-law,2025,国土交通省近畿地方整備局,1,1,kobe-list-law-2025,国家公務
kobe,kobe-law,2025,財務省国税庁,1,1,kobe-list-law-2025,国家公務
kobe,kobe-law,2025,阪急阪神ホールディングス,1,1,kobe-list-law-2025,その他の専門・技術サービス業
kobe,kobe-law,2025,三井住友銀行,6,1,kobe-list-law-2025,金融業
kobe,kobe-law,2025,三井住友信託銀行,2,1,kobe-list-law-2025,金融業
kobe,kobe-law,2025,三菱ＵＦＪインフォメーションテクノロジー,1,1,kobe-list-law-2025,情報通信業
kobe,kobe-law,2025,三菱ＵＦＪ銀行,1,1,kobe-list-law-2025,金融業
kobe,kobe-law,2025,山口フィナンシャルグループ,1,1,kobe-list-law-2025,その他の専門・技術サービス業
kobe,kobe-law,2025,滋賀県庁,1,1,kobe-list-law-2025,地方公務
kobe,kobe-law,2025,住友金属鉱山,1,1,kobe-list-law-2025,鉄鋼業、非鉄金属・金属製品製造業
kobe,kobe-law,2025,住友商事,1,1,kobe-list-law-2025,卸売業、小売業
kobe,kobe-law,2025,住友電気工業,1,1,kobe-list-law-2025,鉄鋼業、非鉄金属・金属製品製造業
kobe,kobe-law,2025,住友林業,1,1,kobe-list-law-2025,建設業
kobe,kobe-law,2025,新明和工業,1,1,kobe-list-law-2025,輸送用機械器具製造業
kobe,kobe-law,2025,神戸市役所,1,1,kobe-list-law-2025,地方公務
kobe,kobe-law,2025,千寿製薬,1,1,kobe-list-law-2025,化学工業、石油・石炭製品製造業
kobe,kobe-law,2025,川崎重工業,1,1,kobe-list-law-2025,輸送用機械器具製造業
kobe,kobe-law,2025,大王海運,1,1,kobe-list-law-2025,運輸業、郵便業
kobe,kobe-law,2025,大阪ガス,1,1,kobe-list-law-2025,電気・ガス・熱供給・水道業
kobe,kobe-law,2025,大阪市高速電気軌道（Ｏｓａｋａ Ｍｅｔｒｏ）,1,1,kobe-list-law-2025,運輸業、郵便業
kobe,kobe-law,2025,大阪府警察,1,1,kobe-list-law-2025,地方公務
kobe,kobe-law,2025,大創産業,1,1,kobe-list-law-2025,卸売業、小売業
kobe,kobe-law,2025,大塚商会,1,1,kobe-list-law-2025,情報通信業
kobe,kobe-law,2025,大分市役所,1,1,kobe-list-law-2025,地方公務
kobe,kobe-law,2025,大分地方裁判所,1,1,kobe-list-law-2025,国家公務
kobe,kobe-law,2025,中央復建コンサルタンツ,1,1,kobe-list-law-2025,その他の専門・技術サービス業
kobe,kobe-law,2025,中国新聞社,1,1,kobe-list-law-2025,情報通信業
kobe,kobe-law,2025,中国電力,1,1,kobe-list-law-2025,電気・ガス・熱供給・水道業
kobe,kobe-law,2025,朝日放送テレビ,1,1,kobe-list-law-2025,情報通信業
kobe,kobe-law,2025,東レ,1,1,kobe-list-law-2025,繊維工業
kobe,kobe-law,2025,東京海上ディーアール,1,1,kobe-list-law-2025,その他の専門・技術サービス業
kobe,kobe-law,2025,東京海上日動火災保険,2,1,kobe-list-law-2025,保険業
kobe,kobe-law,2025,東京建物,1,1,kobe-list-law-2025,不動産取引・賃貸・管理業
kobe,kobe-law,2025,東京精密,1,1,kobe-list-law-2025,はん用・生産用・業務用機械器具製造業
kobe,kobe-law,2025,東京都庁,1,1,kobe-list-law-2025,地方公務
kobe,kobe-law,2025,東芝,1,1,kobe-list-law-2025,電子部品・デバイス・電子回路製造業
kobe,kobe-law,2025,東和薬品,1,1,kobe-list-law-2025,化学工業、石油・石炭製品製造業
kobe,kobe-law,2025,南都銀行,1,1,kobe-list-law-2025,金融業
kobe,kobe-law,2025,日清食品ホールディングス,1,1,kobe-list-law-2025,その他の専門・技術サービス業
kobe,kobe-law,2025,日鉄エンジニアリング,1,1,kobe-list-law-2025,建設業
kobe,kobe-law,2025,日本イーライリリー,1,1,kobe-list-law-2025,化学工業、石油・石炭製品製造業
kobe,kobe-law,2025,日本軽金属,1,1,kobe-list-law-2025,鉄鋼業、非鉄金属・金属製品製造業
kobe,kobe-law,2025,日本生命保険,2,1,kobe-list-law-2025,保険業
kobe,kobe-law,2025,日本総合研究所,1,1,kobe-list-law-2025,その他の専門・技術サービス業
kobe,kobe-law,2025,日本通運,1,1,kobe-list-law-2025,運輸業、郵便業
kobe,kobe-law,2025,日本貿易保険,1,1,kobe-list-law-2025,保険業
kobe,kobe-law,2025,日本郵船,1,1,kobe-list-law-2025,運輸業、郵便業
kobe,kobe-law,2025,日本郵便,1,1,kobe-list-law-2025,複合サービス事業
kobe,kobe-law,2025,福井地方・家庭裁判所,1,1,kobe-list-law-2025,国家公務
kobe,kobe-law,2025,兵庫県庁,1,1,kobe-list-law-2025,地方公務
kobe,kobe-law,2025,法務省,1,1,kobe-list-law-2025,国家公務
kobe,kobe-law,2025,法務省京都保護観察所,1,1,kobe-list-law-2025,国家公務
kobe,kobe-law,2025,法務省松江地方法務局,1,1,kobe-list-law-2025,国家公務
kobe,kobe-law,2025,法務省神戸地方検察庁,1,1,kobe-list-law-2025,国家公務
kobe,kobe-law,2025,防衛省,1,1,kobe-list-law-2025,国家公務
kobe,kobe-law,2025,北陸電力,1,1,kobe-list-law-2025,電気・ガス・熱供給・水道業
kobe,kobe-law,2025,野村證券,1,1,kobe-list-law-2025,金融業
kobe,kobe-economics,2025,ＡＧＣ,1,1,kobe-list-economics-2025,化学工業、石油・石炭製品製造業
kobe,kobe-economics,2025,ＢＲＥＸＡ Ｔｅｃｈｎｏｌｏｇｙ,1,1,kobe-list-economics-2025,その他のサービス業
kobe,kobe-economics,2025,Ｄｉｒｂａｔｏ,1,1,kobe-list-economics-2025,情報通信業
kobe,kobe-economics,2025,ＤＹＭ,1,1,kobe-list-economics-2025,その他のサービス業
kobe,kobe-economics,2025,ＪＦＥスチール,1,1,kobe-list-economics-2025,鉄鋼業、非鉄金属・金属製品製造業
kobe,kobe-economics,2025,Ｍａｔｃｈｂｏｘ Ｔｅｃｈｎｏｌｏｇｉｅｓ,1,1,kobe-list-economics-2025,その他のサービス業
kobe,kobe-economics,2025,ＮＥＣソリューションイノベータ,2,1,kobe-list-economics-2025,情報通信業
kobe,kobe-economics,2025,ＮＳホールディングス,1,1,kobe-list-economics-2025,その他の専門・技術サービス業
kobe,kobe-economics,2025,ＮＴＴドコモ,1,1,kobe-list-economics-2025,情報通信業
kobe,kobe-economics,2025,ＮＴＴ西日本,1,1,kobe-list-economics-2025,情報通信業
kobe,kobe-economics,2025,ＮＴＴ東日本,1,1,kobe-list-economics-2025,情報通信業
kobe,kobe-economics,2025,ＰｗＣコンサルティング,1,1,kobe-list-economics-2025,その他の専門・技術サービス業
kobe,kobe-economics,2025,ＳＢＩホールディングス,1,1,kobe-list-economics-2025,その他の専門・技術サービス業
kobe,kobe-economics,2025,ＳＢＩ岡三アセットマネジメント,1,1,kobe-list-economics-2025,金融業
kobe,kobe-economics,2025,ＳＧシステム,1,1,kobe-list-economics-2025,情報通信業
kobe,kobe-economics,2025,Ｓｋｙ,2,1,kobe-list-economics-2025,情報通信業
kobe,kobe-economics,2025,ＳＯＭＰＯひまわり生命保険,1,1,kobe-list-economics-2025,保険業
kobe,kobe-economics,2025,ＴＤＩ,1,1,kobe-list-economics-2025,情報通信業
kobe,kobe-economics,2025,ＴＤＩシステムサービス,1,1,kobe-list-economics-2025,情報通信業
kobe,kobe-economics,2025,ＴＫＣ,1,1,kobe-list-economics-2025,情報通信業
kobe,kobe-economics,2025,アイテック阪急阪神,1,1,kobe-list-economics-2025,情報通信業
kobe,kobe-economics,2025,アイ工務店,1,1,kobe-list-economics-2025,建設業
kobe,kobe-economics,2025,あおぞら銀行,1,1,kobe-list-economics-2025,金融業
kobe,kobe-economics,2025,アクセンチュア,2,1,kobe-list-economics-2025,その他の専門・技術サービス業
kobe,kobe-economics,2025,あずさ監査法人,2,1,kobe-list-economics-2025,その他の専門・技術サービス業
kobe,kobe-economics,2025,アフラック生命保険,2,1,kobe-list-economics-2025,保険業
kobe,kobe-economics,2025,アルク不動産,1,1,kobe-list-economics-2025,不動産取引・賃貸・管理業
kobe,kobe-economics,2025,イッセイミヤケ,1,1,kobe-list-economics-2025,繊維工業
kobe,kobe-economics,2025,インフォーマ マーケッツ ジャパン,1,1,kobe-list-economics-2025,情報通信業
kobe,kobe-economics,2025,ウィル,1,1,kobe-list-economics-2025,不動産取引・賃貸・管理業
kobe,kobe-economics,2025,エイトビット,1,1,kobe-list-economics-2025,情報通信業
kobe,kobe-economics,2025,エスネットワークス,1,1,kobe-list-economics-2025,その他の専門・技術サービス業
kobe,kobe-economics,2025,エスビー食品,1,1,kobe-list-economics-2025,食料品・飲料・たばこ・飼料製造業
kobe,kobe-economics,2025,オービック,1,1,kobe-list-economics-2025,情報通信業
kobe,kobe-economics,2025,オープンハウス・リアルエステート,1,1,kobe-list-economics-2025,不動産取引・賃貸・管理業
kobe,kobe-economics,2025,オプト,1,1,kobe-list-economics-2025,その他の専門・技術サービス業
kobe,kobe-economics,2025,オリックス,1,1,kobe-list-economics-2025,金融業
kobe,kobe-economics,2025,キッカケクリエイション,1,1,kobe-list-economics-2025,その他のサービス業
kobe,kobe-economics,2025,クスリのアオキ,1,1,kobe-list-economics-2025,卸売業、小売業
kobe,kobe-economics,2025,国税庁名古屋国税局,1,1,kobe-list-economics-2025,国家公務
kobe,kobe-economics,2025,サイバーエージェント,1,1,kobe-list-economics-2025,情報通信業
kobe,kobe-economics,2025,サンテレビジョン,1,1,kobe-list-economics-2025,情報通信業
kobe,kobe-economics,2025,ジェイエイシーリクルートメント,1,1,kobe-list-economics-2025,その他のサービス業
kobe,kobe-economics,2025,ジェットスター・ジャパン,1,1,kobe-list-economics-2025,運輸業、郵便業
kobe,kobe-economics,2025,シグマクシス,1,1,kobe-list-economics-2025,その他の専門・技術サービス業
kobe,kobe-economics,2025,ジンジブ,1,1,kobe-list-economics-2025,その他のサービス業
kobe,kobe-economics,2025,スタンレー電気,1,1,kobe-list-economics-2025,電気・情報通信機械器具製造業
kobe,kobe-economics,2025,セコム損害保険,1,1,kobe-list-economics-2025,保険業
kobe,kobe-economics,2025,ソフトバンク,1,1,kobe-list-economics-2025,情報通信業
kobe,kobe-economics,2025,ダイキン工業,1,1,kobe-list-economics-2025,電気・情報通信機械器具製造業
kobe,kobe-economics,2025,タイズ,1,1,kobe-list-economics-2025,その他のサービス業
kobe,kobe-economics,2025,タレント,1,1,kobe-list-economics-2025,生活関連サービス業、娯楽業
kobe,kobe-economics,2025,デロイト トーマツ,3,1,kobe-list-economics-2025,その他の専門・技術サービス業
kobe,kobe-economics,2025,デンソー,1,1,kobe-list-economics-2025,輸送用機械器具製造業
kobe,kobe-economics,2025,ドコモＣＳ関西,1,1,kobe-list-economics-2025,情報通信業
kobe,kobe-economics,2025,ニチレイロジグループ本社,1,1,kobe-list-economics-2025,その他の専門・技術サービス業
kobe,kobe-economics,2025,ニッセイ情報テクノロジー,1,1,kobe-list-economics-2025,情報通信業
kobe,kobe-economics,2025,ニューテック,1,1,kobe-list-economics-2025,電子部品・デバイス・電子回路製造業
kobe,kobe-economics,2025,ハズブロジャパン,1,1,kobe-list-economics-2025,その他の製造業
kobe,kobe-economics,2025,パナソニック エナジー,1,1,kobe-list-economics-2025,電気・情報通信機械器具製造業
kobe,kobe-economics,2025,ビービット,1,1,kobe-list-economics-2025,情報通信業
kobe,kobe-economics,2025,ビジョナル,1,1,kobe-list-economics-2025,その他の専門・技術サービス業
kobe,kobe-economics,2025,びわ湖放送,1,1,kobe-list-economics-2025,情報通信業
kobe,kobe-economics,2025,ファーストリテイリング,1,1,kobe-list-economics-2025,その他の専門・技術サービス業
kobe,kobe-economics,2025,プレサンス,1,1,kobe-list-economics-2025,不動産取引・賃貸・管理業
kobe,kobe-economics,2025,プレックス,1,1,kobe-list-economics-2025,その他のサービス業
kobe,kobe-economics,2025,プロジェクトホールディングス,1,1,kobe-list-economics-2025,情報通信業
kobe,kobe-economics,2025,ベイカレント,2,1,kobe-list-economics-2025,その他の専門・技術サービス業
kobe,kobe-economics,2025,ベイカレント・コンサルティング,2,1,kobe-list-economics-2025,その他の専門・技術サービス業
kobe,kobe-economics,2025,ベイカレント・テクノロジー,1,1,kobe-list-economics-2025,情報通信業
kobe,kobe-economics,2025,法務省神戸地方検察庁,1,1,kobe-list-economics-2025,国家公務
kobe,kobe-economics,2025,ホーン,1,1,kobe-list-economics-2025,その他のサービス業
kobe,kobe-economics,2025,みずほ銀行,1,1,kobe-list-economics-2025,金融業
kobe,kobe-economics,2025,みなと銀行,1,1,kobe-list-economics-2025,金融業
kobe,kobe-economics,2025,メルカリ,1,1,kobe-list-economics-2025,情報通信業
kobe,kobe-economics,2025,ヤマサ醤油,1,1,kobe-list-economics-2025,食料品・飲料・たばこ・飼料製造業
kobe,kobe-economics,2025,リアライズ,1,1,kobe-list-economics-2025,不動産取引・賃貸・管理業
kobe,kobe-economics,2025,りそな銀行,6,1,kobe-list-economics-2025,金融業
kobe,kobe-economics,2025,レイス,1,1,kobe-list-economics-2025,その他の専門・技術サービス業
kobe,kobe-economics,2025,レンゴー,1,1,kobe-list-economics-2025,その他の製造業
kobe,kobe-economics,2025,愛媛県庁,1,1,kobe-list-economics-2025,地方公務
kobe,kobe-economics,2025,芦屋市役所,1,1,kobe-list-economics-2025,地方公務
kobe,kobe-economics,2025,伊藤ハム米久ホールディングス,1,1,kobe-list-economics-2025,食料品・飲料・たばこ・飼料製造業
kobe,kobe-economics,2025,伊藤忠商事,1,1,kobe-list-economics-2025,卸売業、小売業
kobe,kobe-economics,2025,伊予銀行,1,1,kobe-list-economics-2025,金融業
kobe,kobe-economics,2025,横河ブリッジ,1,1,kobe-list-economics-2025,建設業
kobe,kobe-economics,2025,楽天グループ,4,1,kobe-list-economics-2025,情報通信業
kobe,kobe-economics,2025,関西電力,3,1,kobe-list-economics-2025,電気・ガス・熱供給・水道業
kobe,kobe-economics,2025,関電システムズ,1,1,kobe-list-economics-2025,情報通信業
kobe,kobe-economics,2025,関電不動産開発,1,1,kobe-list-economics-2025,不動産取引・賃貸・管理業
kobe,kobe-economics,2025,丸三証券,1,1,kobe-list-economics-2025,金融業
kobe,kobe-economics,2025,京阪ホールディングス,1,1,kobe-list-economics-2025,その他の専門・技術サービス業
kobe,kobe-economics,2025,近畿日本鉄道,1,1,kobe-list-economics-2025,運輸業、郵便業
kobe,kobe-economics,2025,近鉄グループホールディングス,3,1,kobe-list-economics-2025,その他の専門・技術サービス業
kobe,kobe-economics,2025,経営情報センター,1,1,kobe-list-economics-2025,情報通信業
kobe,kobe-economics,2025,古野電気,1,1,kobe-list-economics-2025,電気・情報通信機械器具製造業
kobe,kobe-economics,2025,厚生労働省兵庫労働局,1,1,kobe-list-economics-2025,国家公務
kobe,kobe-economics,2025,香川県庁,1,1,kobe-list-economics-2025,地方公務
kobe,kobe-economics,2025,国土交通省航空局,1,1,kobe-list-economics-2025,国家公務
kobe,kobe-economics,2025,財務省大阪税関,1,1,kobe-list-economics-2025,国家公務
kobe,kobe-economics,2025,財務省北陸財務局,1,1,kobe-list-economics-2025,国家公務
kobe,kobe-economics,2025,三井住友カード,1,1,kobe-list-economics-2025,金融業
kobe,kobe-economics,2025,三井住友海上火災保険,2,1,kobe-list-economics-2025,保険業
kobe,kobe-economics,2025,三井住友銀行,12,1,kobe-list-economics-2025,金融業
kobe,kobe-economics,2025,三井住友信託銀行,3,1,kobe-list-economics-2025,金融業
kobe,kobe-economics,2025,三機工業,2,1,kobe-list-economics-2025,建設業
kobe,kobe-economics,2025,三十三銀行,1,1,kobe-list-economics-2025,金融業
kobe,kobe-economics,2025,三菱ＵＦＪニコス,2,1,kobe-list-economics-2025,金融業
kobe,kobe-economics,2025,三菱ＵＦＪリサーチ＆コンサルティング,1,1,kobe-list-economics-2025,その他の専門・技術サービス業
kobe,kobe-economics,2025,三菱ＵＦＪ信託銀行,5,1,kobe-list-economics-2025,金融業
kobe,kobe-economics,2025,三菱プレシジョン,1,1,kobe-list-economics-2025,はん用・生産用・業務用機械器具製造業
kobe,kobe-economics,2025,三菱電機,1,1,kobe-list-economics-2025,電気・情報通信機械器具製造業
kobe,kobe-economics,2025,資生堂,1,1,kobe-list-economics-2025,化学工業、石油・石炭製品製造業
kobe,kobe-economics,2025,衆議院議員武井事務所,1,1,kobe-list-economics-2025,その他のサービス業
kobe,kobe-economics,2025,住友商事,2,1,kobe-list-economics-2025,卸売業、小売業
kobe,kobe-economics,2025,住友商事グローバルメタルズ,1,1,kobe-list-economics-2025,卸売業、小売業
kobe,kobe-economics,2025,住友生命保険,2,1,kobe-list-economics-2025,保険業
kobe,kobe-economics,2025,住友電気工業,3,1,kobe-list-economics-2025,鉄鋼業、非鉄金属・金属製品製造業
kobe,kobe-economics,2025,小林製薬,1,1,kobe-list-economics-2025,化学工業、石油・石炭製品製造業
kobe,kobe-economics,2025,森ビル,1,1,kobe-list-economics-2025,不動産取引・賃貸・管理業
kobe,kobe-economics,2025,森田会計事務所,1,1,kobe-list-economics-2025,その他の専門・技術サービス業
kobe,kobe-economics,2025,神戸製鋼所,1,1,kobe-list-economics-2025,鉄鋼業、非鉄金属・金属製品製造業
kobe,kobe-economics,2025,西日本高速道路,1,1,kobe-list-economics-2025,運輸業、郵便業
kobe,kobe-economics,2025,西日本旅客鉄道（ＪＲ西日本）,2,1,kobe-list-economics-2025,運輸業、郵便業
kobe,kobe-economics,2025,静岡県庁,1,1,kobe-list-economics-2025,地方公務
kobe,kobe-economics,2025,千葉銀行,1,1,kobe-list-economics-2025,金融業
kobe,kobe-economics,2025,全国農業協同組合連合会,1,1,kobe-list-economics-2025,複合サービス事業
kobe,kobe-economics,2025,損害保険ジャパン,1,1,kobe-list-economics-2025,保険業
kobe,kobe-economics,2025,大阪ガス,2,1,kobe-list-economics-2025,電気・ガス・熱供給・水道業
kobe,kobe-economics,2025,大阪市役所,1,1,kobe-list-economics-2025,地方公務
kobe,kobe-economics,2025,大塚商会,1,1,kobe-list-economics-2025,情報通信業
kobe,kobe-economics,2025,大同生命保険,1,1,kobe-list-economics-2025,保険業
kobe,kobe-economics,2025,大分銀行,1,1,kobe-list-economics-2025,金融業
kobe,kobe-economics,2025,大林組,1,1,kobe-list-economics-2025,建設業
kobe,kobe-economics,2025,大和証券,3,1,kobe-list-economics-2025,金融業
kobe,kobe-economics,2025,大和総研,2,1,kobe-list-economics-2025,その他の専門・技術サービス業
kobe,kobe-economics,2025,谷澤総合鑑定所,1,1,kobe-list-economics-2025,その他の専門・技術サービス業
kobe,kobe-economics,2025,丹青社,1,1,kobe-list-economics-2025,その他のサービス業
kobe,kobe-economics,2025,竹中土木,1,1,kobe-list-economics-2025,建設業
kobe,kobe-economics,2025,竹内製作所,1,1,kobe-list-economics-2025,はん用・生産用・業務用機械器具製造業
kobe,kobe-economics,2025,中部電力パワーグリッド,1,1,kobe-list-economics-2025,電気・ガス・熱供給・水道業
kobe,kobe-economics,2025,中部電力ミライズ,1,1,kobe-list-economics-2025,電気・ガス・熱供給・水道業
kobe,kobe-economics,2025,田辺ファーマ,1,1,kobe-list-economics-2025,化学工業、石油・石炭製品製造業
kobe,kobe-economics,2025,電通,2,1,kobe-list-economics-2025,その他の専門・技術サービス業
kobe,kobe-economics,2025,電通デジタル,1,1,kobe-list-economics-2025,その他の専門・技術サービス業
kobe,kobe-economics,2025,東海旅客鉄道（ＪＲ東海）,1,1,kobe-list-economics-2025,運輸業、郵便業
kobe,kobe-economics,2025,東急コミュニティー,1,1,kobe-list-economics-2025,不動産取引・賃貸・管理業
kobe,kobe-economics,2025,東京海上日動火災保険,1,1,kobe-list-economics-2025,保険業
kobe,kobe-economics,2025,東芝テック,1,1,kobe-list-economics-2025,電気・情報通信機械器具製造業
kobe,kobe-economics,2025,東宝,1,1,kobe-list-economics-2025,生活関連サービス業、娯楽業
kobe,kobe-economics,2025,東邦ガス,1,1,kobe-list-economics-2025,電気・ガス・熱供給・水道業
kobe,kobe-economics,2025,東洋建設,1,1,kobe-list-economics-2025,建設業
kobe,kobe-economics,2025,徳島地方裁判所,1,1,kobe-list-economics-2025,国家公務
kobe,kobe-economics,2025,読売テレビ放送,1,1,kobe-list-economics-2025,情報通信業
kobe,kobe-economics,2025,内田洋行,1,1,kobe-list-economics-2025,卸売業、小売業
kobe,kobe-economics,2025,南海電気鉄道,2,1,kobe-list-economics-2025,運輸業、郵便業
kobe,kobe-economics,2025,南都銀行,1,1,kobe-list-economics-2025,金融業
kobe,kobe-economics,2025,日本アイ・ビー・エムデジタルサービス,2,1,kobe-list-economics-2025,情報通信業
kobe,kobe-economics,2025,日本ハム,1,1,kobe-list-economics-2025,食料品・飲料・たばこ・飼料製造業
kobe,kobe-economics,2025,日本ルナ,1,1,kobe-list-economics-2025,食料品・飲料・たばこ・飼料製造業
kobe,kobe-economics,2025,日本貨物鉄道,1,1,kobe-list-economics-2025,運輸業、郵便業
kobe,kobe-economics,2025,日本政策金融公庫,2,1,kobe-list-economics-2025,金融業
kobe,kobe-economics,2025,日本製鉄,1,1,kobe-list-economics-2025,鉄鋼業、非鉄金属・金属製品製造業
kobe,kobe-economics,2025,日本総合研究所,2,1,kobe-list-economics-2025,その他の専門・技術サービス業
kobe,kobe-economics,2025,日本発条,1,1,kobe-list-economics-2025,はん用・生産用・業務用機械器具製造業
kobe,kobe-economics,2025,博報堂,1,1,kobe-list-economics-2025,その他の専門・技術サービス業
kobe,kobe-economics,2025,百五銀行,2,1,kobe-list-economics-2025,金融業
kobe,kobe-economics,2025,百十四銀行,1,1,kobe-list-economics-2025,金融業
kobe,kobe-economics,2025,不二製油,1,1,kobe-list-economics-2025,食料品・飲料・たばこ・飼料製造業
kobe,kobe-economics,2025,富国生命保険,2,1,kobe-list-economics-2025,保険業
kobe,kobe-economics,2025,福井県庁,1,1,kobe-list-economics-2025,地方公務
kobe,kobe-economics,2025,福岡銀行,1,1,kobe-list-economics-2025,金融業
kobe,kobe-economics,2025,豊橋市役所,1,1,kobe-list-economics-2025,地方公務
kobe,kobe-economics,2025,本州四国連絡高速道路,1,1,kobe-list-economics-2025,運輸業、郵便業
kobe,kobe-economics,2025,本田技研工業（ＨＯＮＤＡ）,1,1,kobe-list-economics-2025,輸送用機械器具製造業
kobe,kobe-economics,2025,毎日放送,1,1,kobe-list-economics-2025,情報通信業
kobe,kobe-economics,2025,名古屋銀行,1,1,kobe-list-economics-2025,金融業
kobe,kobe-economics,2025,明治安田生命保険,1,1,kobe-list-economics-2025,保険業
kobe,kobe-economics,2025,野村信託銀行,1,1,kobe-list-economics-2025,金融業
kobe,kobe-business,2025,Ｄｅｅｐ Ｇｒｏｗｔｈ Ｐａｒｔｎｅｒｓ,1,1,kobe-list-business-2025,その他のサービス業
kobe,kobe-business,2025,Ｄｉｒｂａｔｏ,1,1,kobe-list-business-2025,情報通信業
kobe,kobe-business,2025,ＥＹストラテジー・アンド・コンサルティング,1,1,kobe-list-business-2025,その他の専門・技術サービス業
kobe,kobe-business,2025,ＥＹ新日本有限責任監査法人,2,1,kobe-list-business-2025,その他の専門・技術サービス業
kobe,kobe-business,2025,ｆｒｅｅｅ,1,1,kobe-list-business-2025,情報通信業
kobe,kobe-business,2025,ＪＥＲＡ,1,1,kobe-list-business-2025,電気・ガス・熱供給・水道業
kobe,kobe-business,2025,ｊｉｎｊｅｒ,1,1,kobe-list-business-2025,情報通信業
kobe,kobe-business,2025,ＫＰＭＧ税理士法人,2,1,kobe-list-business-2025,その他の専門・技術サービス業
kobe,kobe-business,2025,Ｍ＆Ａ総合研究所,1,1,kobe-list-business-2025,その他の専門・技術サービス業
kobe,kobe-business,2025,ＭＥＴＡＴＥＡＭ,1,1,kobe-list-business-2025,情報通信業
kobe,kobe-business,2025,Ｍｉｚｋａｎ Ｊ ｐｌｕｓ Ｈｏｌｄｉｎｇｓ,1,1,kobe-list-business-2025,その他の専門・技術サービス業
kobe,kobe-business,2025,ＭＯＴＡ,2,1,kobe-list-business-2025,情報通信業
kobe,kobe-business,2025,Ｍｏｖｉｅｍｅｎｔ,1,1,kobe-list-business-2025,情報通信業
kobe,kobe-business,2025,ＮＧＫ,1,1,kobe-list-business-2025,その他の製造業
kobe,kobe-business,2025,ＮＴＴデータ,1,1,kobe-list-business-2025,情報通信業
kobe,kobe-business,2025,ＮＴＴドコモ,2,1,kobe-list-business-2025,情報通信業
kobe,kobe-business,2025,ＮＴＴ都市開発,1,1,kobe-list-business-2025,不動産取引・賃貸・管理業
kobe,kobe-business,2025,ＰｗＣ Ｊａｐａｎ有限責任監査法人,3,1,kobe-list-business-2025,その他の専門・技術サービス業
kobe,kobe-business,2025,ＲＸ Ｊａｐａｎ,1,1,kobe-list-business-2025,その他のサービス業
kobe,kobe-business,2025,ＳＡＰジャパン,1,1,kobe-list-business-2025,情報通信業
kobe,kobe-business,2025,ＳＢＩ新生銀行,1,1,kobe-list-business-2025,金融業
kobe,kobe-business,2025,ＳＧホールディングス,1,1,kobe-list-business-2025,その他の専門・技術サービス業
kobe,kobe-business,2025,ＳＭＢＣ日興証券,1,1,kobe-list-business-2025,金融業
kobe,kobe-business,2025,Ｗｏｒｋｓ Ｈｕｍａｎ Ｉｎｔｅｌｌｉｇｅｎｃｅ,1,1,kobe-list-business-2025,情報通信業
kobe,kobe-business,2025,ＹｏｕＴｕｂｅｒ,1,1,kobe-list-business-2025,情報通信業
kobe,kobe-business,2025,ＹＲＫ ａｎｄ,1,1,kobe-list-business-2025,その他の専門・技術サービス業
kobe,kobe-business,2025,アイザワ証券,1,1,kobe-list-business-2025,金融業
kobe,kobe-business,2025,アイデンティティー,1,1,kobe-list-business-2025,その他のサービス業
kobe,kobe-business,2025,あおぞら銀行,1,1,kobe-list-business-2025,金融業
kobe,kobe-business,2025,アキュイティー,1,1,kobe-list-business-2025,情報通信業
kobe,kobe-business,2025,アクセンチュア,2,1,kobe-list-business-2025,その他の専門・技術サービス業
kobe,kobe-business,2025,アサヒビール,1,1,kobe-list-business-2025,食料品・飲料・たばこ・飼料製造業
kobe,kobe-business,2025,アシックス,1,1,kobe-list-business-2025,化学工業、石油・石炭製品製造業
kobe,kobe-business,2025,あずさ監査法人,7,1,kobe-list-business-2025,その他の専門・技術サービス業
kobe,kobe-business,2025,アビームコンサルティング,2,1,kobe-list-business-2025,その他の専門・技術サービス業
kobe,kobe-business,2025,いちよし証券,1,1,kobe-list-business-2025,金融業
kobe,kobe-business,2025,エイトハンドレッド,1,1,kobe-list-business-2025,その他の専門・技術サービス業
kobe,kobe-business,2025,エムアイシー・コンサルティング,1,1,kobe-list-business-2025,その他の専門・技術サービス業
kobe,kobe-business,2025,エレコム,1,1,kobe-list-business-2025,電気・情報通信機械器具製造業
kobe,kobe-business,2025,オリックス,1,1,kobe-list-business-2025,金融業
kobe,kobe-business,2025,カネカ,1,1,kobe-list-business-2025,化学工業、石油・石炭製品製造業
kobe,kobe-business,2025,カプコン,1,1,kobe-list-business-2025,情報通信業
kobe,kobe-business,2025,カルビー,1,1,kobe-list-business-2025,食料品・飲料・たばこ・飼料製造業
kobe,kobe-business,2025,キャディ,1,1,kobe-list-business-2025,情報通信業
kobe,kobe-business,2025,クエスト,1,1,kobe-list-business-2025,情報通信業
kobe,kobe-business,2025,クリーク・アンド・リバー社,1,1,kobe-list-business-2025,情報通信業
kobe,kobe-business,2025,サイバーエージェント,1,1,kobe-list-business-2025,情報通信業
kobe,kobe-business,2025,サカタインクス,1,1,kobe-list-business-2025,化学工業、石油・石炭製品製造業
kobe,kobe-business,2025,サントリーホールディングス,1,1,kobe-list-business-2025,その他の専門・技術サービス業
kobe,kobe-business,2025,ジェイエイシーリクルートメント,1,1,kobe-list-business-2025,その他のサービス業
kobe,kobe-business,2025,シグマクシス,1,1,kobe-list-business-2025,その他の専門・技術サービス業
kobe,kobe-business,2025,シマノ,1,1,kobe-list-business-2025,輸送用機械器具製造業
kobe,kobe-business,2025,ソフトバンク,1,1,kobe-list-business-2025,情報通信業
kobe,kobe-business,2025,テックベース,1,1,kobe-list-business-2025,情報通信業
kobe,kobe-business,2025,デロイト トーマツ,1,1,kobe-list-business-2025,その他の専門・技術サービス業
kobe,kobe-business,2025,ドコモＣＳ関西,1,1,kobe-list-business-2025,情報通信業
kobe,kobe-business,2025,トヨタ自動車,2,1,kobe-list-business-2025,輸送用機械器具製造業
kobe,kobe-business,2025,トヨタ車体,1,1,kobe-list-business-2025,輸送用機械器具製造業
kobe,kobe-business,2025,トランス・コスモス,1,1,kobe-list-business-2025,情報通信業
kobe,kobe-business,2025,ニップン,1,1,kobe-list-business-2025,食料品・飲料・たばこ・飼料製造業
kobe,kobe-business,2025,ニトリホールディングス,1,1,kobe-list-business-2025,その他の専門・技術サービス業
kobe,kobe-business,2025,ネミー,1,1,kobe-list-business-2025,電気・情報通信機械器具製造業
kobe,kobe-business,2025,ノースサンド,2,1,kobe-list-business-2025,その他の専門・技術サービス業
kobe,kobe-business,2025,パーク２４,1,1,kobe-list-business-2025,その他の専門・技術サービス業
kobe,kobe-business,2025,パーソルテンプスタッフ ｆｕｎｔａｂｌｅ,1,1,kobe-list-business-2025,その他のサービス業
kobe,kobe-business,2025,パソナグループ,1,1,kobe-list-business-2025,その他のサービス業
kobe,kobe-business,2025,パナソニック,1,1,kobe-list-business-2025,電気・情報通信機械器具製造業
kobe,kobe-business,2025,パナソニック インダストリー,1,1,kobe-list-business-2025,電子部品・デバイス・電子回路製造業
kobe,kobe-business,2025,パナソニック オペレーショナルエクセレンス,1,1,kobe-list-business-2025,その他の専門・技術サービス業
kobe,kobe-business,2025,パナソニック ホールディングス,1,1,kobe-list-business-2025,その他の専門・技術サービス業
kobe,kobe-business,2025,ピーアップ,1,1,kobe-list-business-2025,卸売業、小売業
kobe,kobe-business,2025,ビズリーチ,1,1,kobe-list-business-2025,情報通信業
kobe,kobe-business,2025,フロンティアホールディングス,1,1,kobe-list-business-2025,不動産取引・賃貸・管理業
kobe,kobe-business,2025,ベイカレント,2,1,kobe-list-business-2025,その他の専門・技術サービス業
kobe,kobe-business,2025,ベイカレント・コンサルティング,3,1,kobe-list-business-2025,その他の専門・技術サービス業
kobe,kobe-business,2025,マネーフォワード,1,1,kobe-list-business-2025,情報通信業
kobe,kobe-business,2025,みずほフィナンシャルグループ,1,1,kobe-list-business-2025,その他の専門・技術サービス業
kobe,kobe-business,2025,みずほ銀行,2,1,kobe-list-business-2025,金融業
kobe,kobe-business,2025,モチベーションアカデミア,1,1,kobe-list-business-2025,その他の教育、学習支援業
kobe,kobe-business,2025,ヤンマーエネルギーシステム,1,1,kobe-list-business-2025,はん用・生産用・業務用機械器具製造業
kobe,kobe-business,2025,ゆうちょ銀行,1,1,kobe-list-business-2025,金融業
kobe,kobe-business,2025,ランドマーク税理士法人,1,1,kobe-list-business-2025,その他の専門・技術サービス業
kobe,kobe-business,2025,りそな銀行,2,1,kobe-list-business-2025,金融業
kobe,kobe-business,2025,レバレジーズ,2,1,kobe-list-business-2025,情報通信業
kobe,kobe-business,2025,ローソン,1,1,kobe-list-business-2025,卸売業、小売業
kobe,kobe-business,2025,ワコール,1,1,kobe-list-business-2025,繊維工業
kobe,kobe-business,2025,旭化成,1,1,kobe-list-business-2025,化学工業、石油・石炭製品製造業
kobe,kobe-business,2025,伊藤忠商事,2,1,kobe-list-business-2025,卸売業、小売業
kobe,kobe-business,2025,岡三証券,2,1,kobe-list-business-2025,金融業
kobe,kobe-business,2025,加東市役所,1,1,kobe-list-business-2025,地方公務
kobe,kobe-business,2025,学芸出版社,1,1,kobe-list-business-2025,情報通信業
kobe,kobe-business,2025,楽天グループ,1,1,kobe-list-business-2025,情報通信業
kobe,kobe-business,2025,関西電力,1,1,kobe-list-business-2025,電気・ガス・熱供給・水道業
kobe,kobe-business,2025,関電パワーテック,1,1,kobe-list-business-2025,電気・ガス・熱供給・水道業
kobe,kobe-business,2025,関電不動産開発,1,1,kobe-list-business-2025,不動産取引・賃貸・管理業
kobe,kobe-business,2025,丸紅,1,1,kobe-list-business-2025,卸売業、小売業
kobe,kobe-business,2025,京阪ホールディングス,1,1,kobe-list-business-2025,その他の専門・技術サービス業
kobe,kobe-business,2025,共英製鋼,1,1,kobe-list-business-2025,鉄鋼業、非鉄金属・金属製品製造業
kobe,kobe-business,2025,近畿日本鉄道,2,1,kobe-list-business-2025,運輸業、郵便業
kobe,kobe-business,2025,九州電力,1,1,kobe-list-business-2025,電気・ガス・熱供給・水道業
kobe,kobe-business,2025,九州旅客鉄道（ＪＲ九州）,1,1,kobe-list-business-2025,運輸業、郵便業
kobe,kobe-business,2025,兼松,1,1,kobe-list-business-2025,卸売業、小売業
kobe,kobe-business,2025,古野電気,1,1,kobe-list-business-2025,電気・情報通信機械器具製造業
kobe,kobe-business,2025,江崎グリコ,1,1,kobe-list-business-2025,食料品・飲料・たばこ・飼料製造業
kobe,kobe-business,2025,国際協力機構,1,1,kobe-list-business-2025,その他のサービス業
kobe,kobe-business,2025,国土交通省航空局,1,1,kobe-list-business-2025,国家公務
kobe,kobe-business,2025,三井住友ＤＳアセットマネジメント,1,1,kobe-list-business-2025,金融業
kobe,kobe-business,2025,三井住友ファイナンス＆リース,2,1,kobe-list-business-2025,物品賃貸業
kobe,kobe-business,2025,三井住友海上火災保険,1,1,kobe-list-business-2025,保険業
kobe,kobe-business,2025,三井住友銀行,6,1,kobe-list-business-2025,金融業
kobe,kobe-business,2025,三井住友信託銀行,5,1,kobe-list-business-2025,金融業
kobe,kobe-business,2025,三菱ＵＦＪモルガン・スタンレー証券,1,1,kobe-list-business-2025,金融業
kobe,kobe-business,2025,三菱ＵＦＪ銀行,2,1,kobe-list-business-2025,金融業
kobe,kobe-business,2025,三菱ＵＦＪ信託銀行,2,1,kobe-list-business-2025,金融業
kobe,kobe-business,2025,三菱重工業,2,1,kobe-list-business-2025,輸送用機械器具製造業
kobe,kobe-business,2025,三菱商事,1,1,kobe-list-business-2025,卸売業、小売業
kobe,kobe-business,2025,山口フィナンシャルグループ,1,1,kobe-list-business-2025,その他の専門・技術サービス業
kobe,kobe-business,2025,山星屋,1,1,kobe-list-business-2025,卸売業、小売業
kobe,kobe-business,2025,山陽特殊製鋼,1,1,kobe-list-business-2025,鉄鋼業、非鉄金属・金属製品製造業
kobe,kobe-business,2025,四国ガス,1,1,kobe-list-business-2025,電気・ガス・熱供給・水道業
kobe,kobe-business,2025,四国電力,1,1,kobe-list-business-2025,電気・ガス・熱供給・水道業
kobe,kobe-business,2025,住友ゴム工業,1,1,kobe-list-business-2025,化学工業、石油・石炭製品製造業
kobe,kobe-business,2025,住友倉庫,1,1,kobe-list-business-2025,運輸業、郵便業
kobe,kobe-business,2025,住友電気工業,1,1,kobe-list-business-2025,鉄鋼業、非鉄金属・金属製品製造業
kobe,kobe-business,2025,住友不動産ステップ,1,1,kobe-list-business-2025,不動産取引・賃貸・管理業
kobe,kobe-business,2025,杉田エース,1,1,kobe-list-business-2025,卸売業、小売業
kobe,kobe-business,2025,西松屋チェーン,1,1,kobe-list-business-2025,卸売業、小売業
kobe,kobe-business,2025,西日本旅客鉄道（ＪＲ西日本）,1,1,kobe-list-business-2025,運輸業、郵便業
kobe,kobe-business,2025,千寿製薬,1,1,kobe-list-business-2025,化学工業、石油・石炭製品製造業
kobe,kobe-business,2025,川崎重工業,4,1,kobe-list-business-2025,輸送用機械器具製造業
kobe,kobe-business,2025,船井総合研究所,4,1,kobe-list-business-2025,その他の専門・技術サービス業
kobe,kobe-business,2025,損害保険ジャパン,3,1,kobe-list-business-2025,保険業
kobe,kobe-business,2025,太陽生命保険,1,1,kobe-list-business-2025,保険業
kobe,kobe-business,2025,大垣共立銀行,1,1,kobe-list-business-2025,金融業
kobe,kobe-business,2025,大阪ガス,5,1,kobe-list-business-2025,電気・ガス・熱供給・水道業
kobe,kobe-business,2025,大阪ガス都市開発,1,1,kobe-list-business-2025,不動産取引・賃貸・管理業
kobe,kobe-business,2025,大阪マリオット都ホテル,1,1,kobe-list-business-2025,宿泊業、飲食サービス業
kobe,kobe-business,2025,大阪モノレール,1,1,kobe-list-business-2025,運輸業、郵便業
kobe,kobe-business,2025,大阪市高速電気軌道（Ｏｓａｋａ Ｍｅｔｒｏ）,1,1,kobe-list-business-2025,運輸業、郵便業
kobe,kobe-business,2025,大林組,1,1,kobe-list-business-2025,建設業
kobe,kobe-business,2025,大和ライフネクスト,1,1,kobe-list-business-2025,不動産取引・賃貸・管理業
kobe,kobe-business,2025,第一生命保険,1,1,kobe-list-business-2025,保険業
kobe,kobe-business,2025,⾧瀬産業,1,1,kobe-list-business-2025,卸売業、小売業
kobe,kobe-business,2025,土屋鞄製造所,1,1,kobe-list-business-2025,その他の製造業
kobe,kobe-business,2025,東海旅客鉄道（ＪＲ東海）,1,1,kobe-list-business-2025,運輸業、郵便業
kobe,kobe-business,2025,東急,1,1,kobe-list-business-2025,運輸業、郵便業
kobe,kobe-business,2025,東急不動産,1,1,kobe-list-business-2025,不動産取引・賃貸・管理業
kobe,kobe-business,2025,東京海上アセットマネジメント,1,1,kobe-list-business-2025,金融業
kobe,kobe-business,2025,東京海上日動火災保険,4,1,kobe-list-business-2025,保険業
kobe,kobe-business,2025,東京電力ホールディングス,1,1,kobe-list-business-2025,電気・ガス・熱供給・水道業
kobe,kobe-business,2025,東洋製罐グループホールディングス,1,1,kobe-list-business-2025,その他の専門・技術サービス業
kobe,kobe-business,2025,徳島県庁,1,1,kobe-list-business-2025,地方公務
kobe,kobe-business,2025,日清ヨーク,1,1,kobe-list-business-2025,食料品・飲料・たばこ・飼料製造業
kobe,kobe-business,2025,日本コントロールシステム,1,1,kobe-list-business-2025,情報通信業
kobe,kobe-business,2025,日本貨物鉄道,1,1,kobe-list-business-2025,運輸業、郵便業
kobe,kobe-business,2025,日本経済社,1,1,kobe-list-business-2025,その他の専門・技術サービス業
kobe,kobe-business,2025,日本生命保険,5,1,kobe-list-business-2025,保険業
kobe,kobe-business,2025,日本電気（ＮＥＣ）,2,1,kobe-list-business-2025,電気・情報通信機械器具製造業
kobe,kobe-business,2025,日立製作所,1,1,kobe-list-business-2025,電気・情報通信機械器具製造業
kobe,kobe-business,2025,任天堂,1,1,kobe-list-business-2025,その他の製造業
kobe,kobe-business,2025,農林中央金庫,1,1,kobe-list-business-2025,金融業
kobe,kobe-business,2025,富士フイルム,3,1,kobe-list-business-2025,はん用・生産用・業務用機械器具製造業
kobe,kobe-business,2025,福岡銀行,1,1,kobe-list-business-2025,金融業
kobe,kobe-business,2025,本田技研工業（ＨＯＮＤＡ）,2,1,kobe-list-business-2025,輸送用機械器具製造業
kobe,kobe-business,2025,野村證券,1,1,kobe-list-business-2025,金融業
kobe,kobe-business,2025,有限責任監査法人トーマツ,8,1,kobe-list-business-2025,その他の専門・技術サービス業
kobe,kobe-business,2025,両備システムズ,1,1,kobe-list-business-2025,情報通信業
kobe,kobe-science,2025,ＡＪＳ,1,1,kobe-list-science-2025,情報通信業
kobe,kobe-science,2025,ＢＲＥＸＡ Ｔｅｃｈｎｏｌｏｇｙ,1,1,kobe-list-science-2025,その他のサービス業
kobe,kobe-science,2025,ＥＨ,1,1,kobe-list-science-2025,卸売業、小売業
kobe,kobe-science,2025,ＮＴＴデータグループ,1,1,kobe-list-science-2025,その他の専門・技術サービス業
kobe,kobe-science,2025,ＮＴＴドコモソリューションズ,1,1,kobe-list-science-2025,情報通信業
kobe,kobe-science,2025,ＰＩＬＬＡＲ,1,1,kobe-list-science-2025,はん用・生産用・業務用機械器具製造業
kobe,kobe-science,2025,Ｓａｎｓａｎ,1,1,kobe-list-science-2025,情報通信業
kobe,kobe-science,2025,ＳＨＩＦＴ,1,1,kobe-list-science-2025,情報通信業
kobe,kobe-science,2025,ＳＯＭＰＯひまわり生命保険,1,1,kobe-list-science-2025,保険業
kobe,kobe-science,2025,Ｓｐｅｅｅ,1,1,kobe-list-science-2025,情報通信業
kobe,kobe-science,2025,オービックビジネスコンサルタント,1,1,kobe-list-science-2025,情報通信業
kobe,kobe-science,2025,キーエンスソフトウェア,1,1,kobe-list-science-2025,情報通信業
kobe,kobe-science,2025,コカ・コーラ ボトラーズジャパン,1,1,kobe-list-science-2025,食料品・飲料・たばこ・飼料製造業
kobe,kobe-science,2025,シティアスコム,1,1,kobe-list-science-2025,情報通信業
kobe,kobe-science,2025,シャープ,2,1,kobe-list-science-2025,電気・情報通信機械器具製造業
kobe,kobe-science,2025,スプリックス,1,1,kobe-list-science-2025,その他の教育、学習支援業
kobe,kobe-science,2025,ソニー生命保険,1,1,kobe-list-science-2025,保険業
kobe,kobe-science,2025,パナソニック コネクトグループ,1,1,kobe-list-science-2025,情報通信業
kobe,kobe-science,2025,フードテクノエンジニアリング,1,1,kobe-list-science-2025,その他の専門・技術サービス業
kobe,kobe-science,2025,フリークアウトホールディングス,1,1,kobe-list-science-2025,その他の専門・技術サービス業
kobe,kobe-science,2025,ベイカレント,1,1,kobe-list-science-2025,その他の専門・技術サービス業
kobe,kobe-science,2025,ミネベアミツミ,1,1,kobe-list-science-2025,電子部品・デバイス・電子回路製造業
kobe,kobe-science,2025,ヤマハ発動機,1,1,kobe-list-science-2025,輸送用機械器具製造業
kobe,kobe-science,2025,愛知県教育委員会,1,1,kobe-list-science-2025,地方公務
kobe,kobe-science,2025,関西電力,1,1,kobe-list-science-2025,電気・ガス・熱供給・水道業
kobe,kobe-science,2025,広島市立中学校（教員）,1,1,kobe-list-science-2025,学校教育
kobe,kobe-science,2025,三菱電機ソフトウエア,1,1,kobe-list-science-2025,情報通信業
kobe,kobe-science,2025,四谷学院,1,1,kobe-list-science-2025,その他の教育、学習支援業
kobe,kobe-science,2025,住友商事,1,1,kobe-list-science-2025,卸売業、小売業
kobe,kobe-science,2025,松本機械製作所,1,1,kobe-list-science-2025,鉄鋼業、非鉄金属・金属製品製造業
kobe,kobe-science,2025,神戸市役所,1,1,kobe-list-science-2025,地方公務
kobe,kobe-science,2025,神戸市立高等学校（教員）,1,1,kobe-list-science-2025,学校教育
kobe,kobe-science,2025,大阪府教育委員会,1,1,kobe-list-science-2025,地方公務
kobe,kobe-science,2025,大和証券,1,1,kobe-list-science-2025,金融業
kobe,kobe-science,2025,津田学園（教員）,1,1,kobe-list-science-2025,学校教育
kobe,kobe-science,2025,東芝,3,1,kobe-list-science-2025,電子部品・デバイス・電子回路製造業
kobe,kobe-science,2025,日本航空（ＪＡＬ）,1,1,kobe-list-science-2025,運輸業、郵便業
kobe,kobe-science,2025,日立システムズ,1,1,kobe-list-science-2025,情報通信業
kobe,kobe-science,2025,富山県警察,1,1,kobe-list-science-2025,地方公務
kobe,kobe-science,2025,富山県立高等学校（教員）,1,1,kobe-list-science-2025,学校教育
kobe,kobe-science,2025,富士通,1,1,kobe-list-science-2025,情報通信業
kobe,kobe-science,2025,兵庫県立高等学校（教員）,1,1,kobe-list-science-2025,学校教育
kobe,kobe-science,2025,北陸コンピュータ・サービス,1,1,kobe-list-science-2025,情報通信業
kobe,kobe-science,2025,本田技研工業（ＨＯＮＤＡ）,1,1,kobe-list-science-2025,輸送用機械器具製造業
kobe,kobe-medicine,2025,愛仁会高槻病院,2,1,kobe-list-medicine-2025,医療業、保健衛生
kobe,kobe-medicine,2025,愛仁会千船病院,2,1,kobe-list-medicine-2025,医療業、保健衛生
kobe,kobe-medicine,2025,愛仁会明石医療センター,4,1,kobe-list-medicine-2025,医療業、保健衛生
kobe,kobe-medicine,2025,一宮西病院,1,1,kobe-list-medicine-2025,医療業、保健衛生
kobe,kobe-medicine,2025,恩賜財団済生会兵庫県病院,2,1,kobe-list-medicine-2025,医療業、保健衛生
kobe,kobe-medicine,2025,加古川中央市民病院,10,1,kobe-list-medicine-2025,医療業、保健衛生
kobe,kobe-medicine,2025,京都大学医学部附属病院,1,1,kobe-list-medicine-2025,医療業、保健衛生
kobe,kobe-medicine,2025,公立宍粟総合病院,1,1,kobe-list-medicine-2025,医療業、保健衛生
kobe,kobe-medicine,2025,公立豊岡病院,4,1,kobe-list-medicine-2025,医療業、保健衛生
kobe,kobe-medicine,2025,甲南会甲南医療センター,7,1,kobe-list-medicine-2025,医療業、保健衛生
kobe,kobe-medicine,2025,国家公務員共済組合連合会ＫＫＲ札幌医療センター,1,1,kobe-list-medicine-2025,医療業、保健衛生
kobe,kobe-medicine,2025,国家公務員共済組合連合会斗南病院,1,1,kobe-list-medicine-2025,医療業、保健衛生
kobe,kobe-medicine,2025,国際医療福祉大学三田病院,1,1,kobe-list-medicine-2025,医療業、保健衛生
kobe,kobe-medicine,2025,国立病院機構神戸医療センター,2,1,kobe-list-medicine-2025,医療業、保健衛生
kobe,kobe-medicine,2025,市立岸和田市民病院,1,1,kobe-list-medicine-2025,医療業、保健衛生
kobe,kobe-medicine,2025,滋賀医科大学医学部附属病院,1,1,kobe-list-medicine-2025,医療業、保健衛生
kobe,kobe-medicine,2025,神戸市立医療センター中央市民病院,1,1,kobe-list-medicine-2025,医療業、保健衛生
kobe,kobe-medicine,2025,神戸市立西神戸医療センター,2,1,kobe-list-medicine-2025,医療業、保健衛生
kobe,kobe-medicine,2025,神戸赤十字病院,4,1,kobe-list-medicine-2025,医療業、保健衛生
kobe,kobe-medicine,2025,神戸大学医学部附属病院,8,1,kobe-list-medicine-2025,医療業、保健衛生
kobe,kobe-medicine,2025,神戸労災病院,2,1,kobe-list-medicine-2025,医療業、保健衛生
kobe,kobe-medicine,2025,西脇市立西脇病院,1,1,kobe-list-medicine-2025,医療業、保健衛生
kobe,kobe-medicine,2025,誠光会淡海医療センター,1,1,kobe-list-medicine-2025,医療業、保健衛生
kobe,kobe-medicine,2025,赤穂市民病院,1,1,kobe-list-medicine-2025,医療業、保健衛生
kobe,kobe-medicine,2025,川崎病院,1,1,kobe-list-medicine-2025,医療業、保健衛生
kobe,kobe-medicine,2025,大阪赤十字病院,2,1,kobe-list-medicine-2025,医療業、保健衛生
kobe,kobe-medicine,2025,大阪府済生会中津病院,2,1,kobe-list-medicine-2025,医療業、保健衛生
kobe,kobe-medicine,2025,中津市立中津市民病院,1,1,kobe-list-medicine-2025,医療業、保健衛生
kobe,kobe-medicine,2025,中部ろうさい病院,1,1,kobe-list-medicine-2025,医療業、保健衛生
kobe,kobe-medicine,2025,天理よろづ相談所病院,1,1,kobe-list-medicine-2025,医療業、保健衛生
kobe,kobe-medicine,2025,田附興風会医学研究所北野病院,2,1,kobe-list-medicine-2025,医療業、保健衛生
kobe,kobe-medicine,2025,東京科学大学病院,1,1,kobe-list-medicine-2025,医療業、保健衛生
kobe,kobe-medicine,2025,日本生命済生会日本生命病院,1,1,kobe-list-medicine-2025,医療業、保健衛生
kobe,kobe-medicine,2025,日本赤十字社愛知医療センター名古屋第二病院,1,1,kobe-list-medicine-2025,医療業、保健衛生
kobe,kobe-medicine,2025,姫路赤十字病院,2,1,kobe-list-medicine-2025,医療業、保健衛生
kobe,kobe-medicine,2025,浜松ろうさい病院,1,1,kobe-list-medicine-2025,医療業、保健衛生
kobe,kobe-medicine,2025,兵庫県立はりま姫路総合医療センター,7,1,kobe-list-medicine-2025,医療業、保健衛生
kobe,kobe-medicine,2025,兵庫県立丹波医療センター,3,1,kobe-list-medicine-2025,医療業、保健衛生
kobe,kobe-medicine,2025,兵庫県立淡路医療センター,3,1,kobe-list-medicine-2025,医療業、保健衛生
kobe,kobe-medicine,2025,兵庫県立尼崎総合医療センター,5,1,kobe-list-medicine-2025,医療業、保健衛生
kobe,kobe-medicine,2025,北播磨総合医療センター,3,1,kobe-list-medicine-2025,医療業、保健衛生
kobe,kobe-medicine,2025,名古屋大学医学部附属病院,1,1,kobe-list-medicine-2025,医療業、保健衛生
kobe,kobe-medicine,2025,名古屋掖済会病院,1,1,kobe-list-medicine-2025,医療業、保健衛生
kobe,kobe-medicine,2025,淀川キリスト教病院,4,1,kobe-list-medicine-2025,医療業、保健衛生
kobe,kobe-health,2025,ＪＡ愛知厚生連安城厚生病院,1,1,kobe-list-health-2025,医療業、保健衛生
kobe,kobe-health,2025,ＫＰＭＧコンサルティング,1,1,kobe-list-health-2025,その他の専門・技術サービス業
kobe,kobe-health,2025,Ｓｋｙ,1,1,kobe-list-health-2025,情報通信業
kobe,kobe-health,2025,ＳｍａｒｔＨＲ,1,1,kobe-list-health-2025,情報通信業
kobe,kobe-health,2025,ＳＭＢＣ日興証券,1,1,kobe-list-health-2025,金融業
kobe,kobe-health,2025,オービック,1,1,kobe-list-health-2025,情報通信業
kobe,kobe-health,2025,徳洲会八尾徳洲会総合病院,1,1,kobe-list-health-2025,医療業、保健衛生
kobe,kobe-health,2025,レジーナクリニック,1,1,kobe-list-health-2025,生活関連サービス業、娯楽業
kobe,kobe-health,2025,愛仁会,2,1,kobe-list-health-2025,医療業、保健衛生
kobe,kobe-health,2025,岡山大学病院,1,1,kobe-list-health-2025,医療業、保健衛生
kobe,kobe-health,2025,恩賜財団京都済生会病院,1,1,kobe-list-health-2025,医療業、保健衛生
kobe,kobe-health,2025,恩賜財団済生会支部大阪府済生会大阪北リハビリテーション病院,1,1,kobe-list-health-2025,医療業、保健衛生
kobe,kobe-health,2025,恩賜財団済生会兵庫県病院,1,1,kobe-list-health-2025,医療業、保健衛生
kobe,kobe-health,2025,関西医科大学総合医療センター,2,1,kobe-list-health-2025,医療業、保健衛生
kobe,kobe-health,2025,関西医科大学附属病院,2,1,kobe-list-health-2025,医療業、保健衛生
kobe,kobe-health,2025,京都大学医学部附属病院,2,1,kobe-list-health-2025,医療業、保健衛生
kobe,kobe-health,2025,協和会協和マリナホスピタル,1,1,kobe-list-health-2025,医療業、保健衛生
kobe,kobe-health,2025,錦秀会阪和記念病院,1,1,kobe-list-health-2025,医療業、保健衛生
kobe,kobe-health,2025,九州大学病院,1,1,kobe-list-health-2025,医療業、保健衛生
kobe,kobe-health,2025,光明会明石こころのホスピタル,1,1,kobe-list-health-2025,医療業、保健衛生
kobe,kobe-health,2025,国立循環器病研究センター,1,1,kobe-list-health-2025,学術・開発研究機関
kobe,kobe-health,2025,国立精神・神経医療研究センター病院,1,1,kobe-list-health-2025,医療業、保健衛生
kobe,kobe-health,2025,国立病院機構大阪医療センター,1,1,kobe-list-health-2025,医療業、保健衛生
kobe,kobe-health,2025,三田市民・済生会病院,1,1,kobe-list-health-2025,医療業、保健衛生
kobe,kobe-health,2025,市立ひらかた病院,1,1,kobe-list-health-2025,医療業、保健衛生
kobe,kobe-health,2025,滋賀医科大学医学部附属病院,1,1,kobe-list-health-2025,医療業、保健衛生
kobe,kobe-health,2025,信和会明和病院,1,1,kobe-list-health-2025,医療業、保健衛生
kobe,kobe-health,2025,神戸市民病院機構,1,1,kobe-list-health-2025,医療業、保健衛生
kobe,kobe-health,2025,神戸市立医療センター中央市民病院,3,1,kobe-list-health-2025,医療業、保健衛生
kobe,kobe-health,2025,神戸大学医学部附属病院,20,1,kobe-list-health-2025,医療業、保健衛生
kobe,kobe-health,2025,神鋼記念病院,1,1,kobe-list-health-2025,医療業、保健衛生
kobe,kobe-health,2025,神奈川リハビリテーション病院,1,1,kobe-list-health-2025,医療業、保健衛生
kobe,kobe-health,2025,全日本空輸（ＡＮＡ）,1,1,kobe-list-health-2025,運輸業、郵便業
kobe,kobe-health,2025,大阪赤十字病院,1,1,kobe-list-health-2025,医療業、保健衛生
kobe,kobe-health,2025,大道会森之宮病院,1,1,kobe-list-health-2025,医療業、保健衛生
kobe,kobe-health,2025,智聖会安藤病院,1,1,kobe-list-health-2025,医療業、保健衛生
kobe,kobe-health,2025,東京湾岸リハビリテーション病院,1,1,kobe-list-health-2025,医療業、保健衛生
kobe,kobe-health,2025,日本航空（ＪＡＬ）,1,1,kobe-list-health-2025,運輸業、郵便業
kobe,kobe-health,2025,姫路市役所,1,1,kobe-list-health-2025,地方公務
kobe,kobe-health,2025,復光会垂水病院,1,1,kobe-list-health-2025,医療業、保健衛生
kobe,kobe-health,2025,兵庫医科大学病院,1,1,kobe-list-health-2025,医療業、保健衛生
kobe,kobe-health,2025,兵庫県社会福祉事業団,1,1,kobe-list-health-2025,社会保険・社会福祉・介護事業
kobe,kobe-health,2025,兵庫県立西宮総合医療センター,1,1,kobe-list-health-2025,医療業、保健衛生
kobe,kobe-health,2025,兵庫県立尼崎総合医療センター,2,1,kobe-list-health-2025,医療業、保健衛生
kobe,kobe-health,2025,兵庫県立病院,2,1,kobe-list-health-2025,医療業、保健衛生
kobe,kobe-health,2025,宝塚市立病院,1,1,kobe-list-health-2025,医療業、保健衛生
kobe,kobe-health,2025,榮昌会吉田病院,1,1,kobe-list-health-2025,医療業、保健衛生
kobe,kobe-engineering,2025,＜マレーシア＞Ｐｅｔｒｏｌｉａｍ Ｎａｓｉｏｎａｌ Ｂｅｒｈａｄ,1,1,kobe-list-engineering-2025,電気・ガス・熱供給・水道業
kobe,kobe-engineering,2025,Ｂａｌｌｉｓｔａ,1,1,kobe-list-engineering-2025,その他の専門・技術サービス業
kobe,kobe-engineering,2025,ＪＡＰＡＮ ＴＥＳＴＩＮＧ ＬＡＢＯＲＡＴＯＲＩＥＳ,1,1,kobe-list-engineering-2025,その他の専門・技術サービス業
kobe,kobe-engineering,2025,ＪＮＣ,1,1,kobe-list-engineering-2025,化学工業、石油・石炭製品製造業
kobe,kobe-engineering,2025,Ｌｅｏ Ｓｏｐｈｉａ Ｇｒｏｕｐ,1,1,kobe-list-engineering-2025,その他の専門・技術サービス業
kobe,kobe-engineering,2025,ＬＩＮＥヤフー,1,1,kobe-list-engineering-2025,情報通信業
kobe,kobe-engineering,2025,Ｍ－ＴＥＣ,1,1,kobe-list-engineering-2025,輸送用機械器具製造業
kobe,kobe-engineering,2025,ＮＪＳ,1,1,kobe-list-engineering-2025,その他の専門・技術サービス業
kobe,kobe-engineering,2025,ＮＴＴデータＭＳＥ,1,1,kobe-list-engineering-2025,情報通信業
kobe,kobe-engineering,2025,ＮＴＴデータグループ,1,1,kobe-list-engineering-2025,その他の専門・技術サービス業
kobe,kobe-engineering,2025,ＮＴＴドコモ,1,1,kobe-list-engineering-2025,情報通信業
kobe,kobe-engineering,2025,Ｓｐｅｅｅ,1,1,kobe-list-engineering-2025,情報通信業
kobe,kobe-engineering,2025,アーキ・ジャパン,1,1,kobe-list-engineering-2025,その他の専門・技術サービス業
kobe,kobe-engineering,2025,アサヒグループ食品,1,1,kobe-list-engineering-2025,食料品・飲料・たばこ・飼料製造業
kobe,kobe-engineering,2025,アシロ,1,1,kobe-list-engineering-2025,情報通信業
kobe,kobe-engineering,2025,アップ,1,1,kobe-list-engineering-2025,その他の教育、学習支援業
kobe,kobe-engineering,2025,アバント,1,1,kobe-list-engineering-2025,情報通信業
kobe,kobe-engineering,2025,アルゴグラフィックス,1,1,kobe-list-engineering-2025,情報通信業
kobe,kobe-engineering,2025,ウィル,1,1,kobe-list-engineering-2025,不動産取引・賃貸・管理業
kobe,kobe-engineering,2025,エイトシークエンス,1,1,kobe-list-engineering-2025,その他のサービス業
kobe,kobe-engineering,2025,オービック,1,1,kobe-list-engineering-2025,情報通信業
kobe,kobe-engineering,2025,オプテージ,1,1,kobe-list-engineering-2025,情報通信業
kobe,kobe-engineering,2025,オリエンタル白石,1,1,kobe-list-engineering-2025,建設業
kobe,kobe-engineering,2025,オリックス,1,1,kobe-list-engineering-2025,金融業
kobe,kobe-engineering,2025,カナデビア,1,1,kobe-list-engineering-2025,はん用・生産用・業務用機械器具製造業
kobe,kobe-engineering,2025,キーエンス,1,1,kobe-list-engineering-2025,はん用・生産用・業務用機械器具製造業
kobe,kobe-engineering,2025,キリンホールディングス,1,1,kobe-list-engineering-2025,その他の専門・技術サービス業
kobe,kobe-engineering,2025,クボタ,2,1,kobe-list-engineering-2025,はん用・生産用・業務用機械器具製造業
kobe,kobe-engineering,2025,クリーク・アンド・リバー社,1,1,kobe-list-engineering-2025,情報通信業
kobe,kobe-engineering,2025,グリーンダイス,1,1,kobe-list-engineering-2025,生活関連サービス業、娯楽業
kobe,kobe-engineering,2025,コベルコＥ＆Ｍ,1,1,kobe-list-engineering-2025,その他の専門・技術サービス業
kobe,kobe-engineering,2025,シェルルブリカンツジャパン,1,1,kobe-list-engineering-2025,化学工業、石油・石炭製品製造業
kobe,kobe-engineering,2025,システムリサーチ,1,1,kobe-list-engineering-2025,情報通信業
kobe,kobe-engineering,2025,スペース,1,1,kobe-list-engineering-2025,建設業
kobe,kobe-engineering,2025,ダイキンエアテクノ,1,1,kobe-list-engineering-2025,建設業
kobe,kobe-engineering,2025,ダイキン工業,1,1,kobe-list-engineering-2025,電気・情報通信機械器具製造業
kobe,kobe-engineering,2025,ダスキン岸和田,1,1,kobe-list-engineering-2025,その他のサービス業
kobe,kobe-engineering,2025,テックチャオ,1,1,kobe-list-engineering-2025,情報通信業
kobe,kobe-engineering,2025,デロイト トーマツ,2,1,kobe-list-engineering-2025,その他の専門・技術サービス業
kobe,kobe-engineering,2025,トヨタ紡織,1,1,kobe-list-engineering-2025,輸送用機械器具製造業
kobe,kobe-engineering,2025,トライサーブ,1,1,kobe-list-engineering-2025,情報通信業
kobe,kobe-engineering,2025,パーソルＡＶＣテクノロジー,2,1,kobe-list-engineering-2025,情報通信業
kobe,kobe-engineering,2025,パシフィックコンサルタンツ,1,1,kobe-list-engineering-2025,その他の専門・技術サービス業
kobe,kobe-engineering,2025,パナソニック,2,1,kobe-list-engineering-2025,電気・情報通信機械器具製造業
kobe,kobe-engineering,2025,パナソニック オートモーティブシステムズ,1,1,kobe-list-engineering-2025,電子部品・デバイス・電子回路製造業
kobe,kobe-engineering,2025,ビジョン・コンサルティング,1,1,kobe-list-engineering-2025,その他の専門・技術サービス業
kobe,kobe-engineering,2025,フードテクノエンジニアリング,1,1,kobe-list-engineering-2025,その他の専門・技術サービス業
kobe,kobe-engineering,2025,ベイカレント・テクノロジー,1,1,kobe-list-engineering-2025,情報通信業
kobe,kobe-engineering,2025,ミズノ,2,1,kobe-list-engineering-2025,その他の製造業
kobe,kobe-engineering,2025,ユニ・チャーム,1,1,kobe-list-engineering-2025,その他の製造業
kobe,kobe-engineering,2025,レイテクソリューションズ,1,1,kobe-list-engineering-2025,情報通信業
kobe,kobe-engineering,2025,伊藤園,1,1,kobe-list-engineering-2025,食料品・飲料・たばこ・飼料製造業
kobe,kobe-engineering,2025,伊藤忠テクノソリューションズ,2,1,kobe-list-engineering-2025,情報通信業
kobe,kobe-engineering,2025,王子ホールディングス,1,1,kobe-list-engineering-2025,その他の専門・技術サービス業
kobe,kobe-engineering,2025,楽天グループ,1,1,kobe-list-engineering-2025,情報通信業
kobe,kobe-engineering,2025,関ヶ原石材,1,1,kobe-list-engineering-2025,その他の製造業
kobe,kobe-engineering,2025,関西電力,1,1,kobe-list-engineering-2025,電気・ガス・熱供給・水道業
kobe,kobe-engineering,2025,個別指導まなびプラス,1,1,kobe-list-engineering-2025,その他の教育、学習支援業
kobe,kobe-engineering,2025,鴻池組,2,1,kobe-list-engineering-2025,建設業
kobe,kobe-engineering,2025,国土交通省,1,1,kobe-list-engineering-2025,国家公務
kobe,kobe-engineering,2025,阪急阪神ホールディングス,1,1,kobe-list-engineering-2025,その他の専門・技術サービス業
kobe,kobe-engineering,2025,阪神高速道路,1,1,kobe-list-engineering-2025,運輸業、郵便業
kobe,kobe-engineering,2025,笹電,1,1,kobe-list-engineering-2025,建設業
kobe,kobe-engineering,2025,三菱ＵＦＪ信託銀行,1,1,kobe-list-engineering-2025,金融業
kobe,kobe-engineering,2025,三菱重工業,1,1,kobe-list-engineering-2025,輸送用機械器具製造業
kobe,kobe-engineering,2025,三和製作所,1,1,kobe-list-engineering-2025,鉄鋼業、非鉄金属・金属製品製造業
kobe,kobe-engineering,2025,住友電気工業,1,1,kobe-list-engineering-2025,鉄鋼業、非鉄金属・金属製品製造業
kobe,kobe-engineering,2025,小松製作所,3,1,kobe-list-engineering-2025,はん用・生産用・業務用機械器具製造業
kobe,kobe-engineering,2025,松井建設,1,1,kobe-list-engineering-2025,建設業
kobe,kobe-engineering,2025,松村組,1,1,kobe-list-engineering-2025,建設業
kobe,kobe-engineering,2025,吹田市役所,1,1,kobe-list-engineering-2025,地方公務
kobe,kobe-engineering,2025,積水ハウス,2,1,kobe-list-engineering-2025,建設業
kobe,kobe-engineering,2025,川崎重工業,1,1,kobe-list-engineering-2025,輸送用機械器具製造業
kobe,kobe-engineering,2025,川田テクノシステム,1,1,kobe-list-engineering-2025,情報通信業
kobe,kobe-engineering,2025,全日本空輸（ＡＮＡ）,1,1,kobe-list-engineering-2025,運輸業、郵便業
kobe,kobe-engineering,2025,村田製作所,2,1,kobe-list-engineering-2025,電子部品・デバイス・電子回路製造業
kobe,kobe-engineering,2025,大成建設,1,1,kobe-list-engineering-2025,建設業
kobe,kobe-engineering,2025,大林組,1,1,kobe-list-engineering-2025,建設業
kobe,kobe-engineering,2025,大和ハウス工業,1,1,kobe-list-engineering-2025,建設業
kobe,kobe-engineering,2025,中央復建コンサルタンツ,1,1,kobe-list-engineering-2025,その他の専門・技術サービス業
kobe,kobe-engineering,2025,鉄建建設,1,1,kobe-list-engineering-2025,建設業
kobe,kobe-engineering,2025,東芝,2,1,kobe-list-engineering-2025,電子部品・デバイス・電子回路製造業
kobe,kobe-engineering,2025,東陽建設工機,1,1,kobe-list-engineering-2025,はん用・生産用・業務用機械器具製造業
kobe,kobe-engineering,2025,藤木工務店,1,1,kobe-list-engineering-2025,建設業
kobe,kobe-engineering,2025,日鉄ソリューションズ,2,1,kobe-list-engineering-2025,情報通信業
kobe,kobe-engineering,2025,日本システム技術,1,1,kobe-list-engineering-2025,情報通信業
kobe,kobe-engineering,2025,日本工営,1,1,kobe-list-engineering-2025,その他の専門・技術サービス業
kobe,kobe-engineering,2025,日本国土開発,1,1,kobe-list-engineering-2025,建設業
kobe,kobe-engineering,2025,日本放送協会（ＮＨＫ）,1,1,kobe-list-engineering-2025,情報通信業
kobe,kobe-engineering,2025,日立ソリューションズ,1,1,kobe-list-engineering-2025,情報通信業
kobe,kobe-engineering,2025,日立製作所,1,1,kobe-list-engineering-2025,電気・情報通信機械器具製造業
kobe,kobe-engineering,2025,乃村工藝社,1,1,kobe-list-engineering-2025,その他のサービス業
kobe,kobe-engineering,2025,福井コンピュータホールディングス,1,1,kobe-list-engineering-2025,その他の専門・技術サービス業
kobe,kobe-engineering,2025,兵庫県庁,1,1,kobe-list-engineering-2025,地方公務
kobe,kobe-engineering,2025,宝塚市役所,1,1,kobe-list-engineering-2025,地方公務
kobe,kobe-engineering,2025,由利ロール,1,1,kobe-list-engineering-2025,はん用・生産用・業務用機械器具製造業
kobe,kobe-engineering,2025,髙松建設,1,1,kobe-list-engineering-2025,建設業
kobe,kobe-agriculture,2025,Ｄａｉｇａｓエナジー,1,1,kobe-list-agriculture-2025,電気・ガス・熱供給・水道業
kobe,kobe-agriculture,2025,ＭｏｎｏＬｕ,1,1,kobe-list-agriculture-2025,情報通信業
kobe,kobe-agriculture,2025,ＮＴＴデータセキスイシステムズ,1,1,kobe-list-agriculture-2025,情報通信業
kobe,kobe-agriculture,2025,Ｓｋｙ,1,1,kobe-list-agriculture-2025,情報通信業
kobe,kobe-agriculture,2025,アクセンチュア,1,1,kobe-list-agriculture-2025,その他の専門・技術サービス業
kobe,kobe-agriculture,2025,イソライト工業,1,1,kobe-list-agriculture-2025,その他の製造業
kobe,kobe-agriculture,2025,大阪府庁,1,1,kobe-list-agriculture-2025,地方公務
kobe,kobe-agriculture,2025,キーエンス,1,1,kobe-list-agriculture-2025,はん用・生産用・業務用機械器具製造業
kobe,kobe-agriculture,2025,クボタ,1,1,kobe-list-agriculture-2025,はん用・生産用・業務用機械器具製造業
kobe,kobe-agriculture,2025,芸人,1,1,kobe-list-agriculture-2025,生活関連サービス業、娯楽業
kobe,kobe-agriculture,2025,コベルコシステム,1,1,kobe-list-agriculture-2025,情報通信業
kobe,kobe-agriculture,2025,サラダボウル,1,1,kobe-list-agriculture-2025,農業、林業
kobe,kobe-agriculture,2025,サンドラッグ,1,1,kobe-list-agriculture-2025,卸売業、小売業
kobe,kobe-agriculture,2025,セントラルエンジニアリング,1,1,kobe-list-agriculture-2025,その他の専門・技術サービス業
kobe,kobe-agriculture,2025,ダイフク,1,1,kobe-list-agriculture-2025,はん用・生産用・業務用機械器具製造業
kobe,kobe-agriculture,2025,トヨタテクニカルディベロップメント,1,1,kobe-list-agriculture-2025,その他の専門・技術サービス業
kobe,kobe-agriculture,2025,ニトリホールディングス,1,1,kobe-list-agriculture-2025,その他の専門・技術サービス業
kobe,kobe-agriculture,2025,パーソルテンプスタッフ,1,1,kobe-list-agriculture-2025,その他のサービス業
kobe,kobe-agriculture,2025,プレサンス住販,1,1,kobe-list-agriculture-2025,不動産取引・賃貸・管理業
kobe,kobe-agriculture,2025,伊藤忠飼料,1,1,kobe-list-agriculture-2025,食料品・飲料・たばこ・飼料製造業
kobe,kobe-agriculture,2025,岡谷鋼機,1,1,kobe-list-agriculture-2025,卸売業、小売業
kobe,kobe-agriculture,2025,広島県庁,1,1,kobe-list-agriculture-2025,地方公務
kobe,kobe-agriculture,2025,三井住友カード,1,1,kobe-list-agriculture-2025,金融業
kobe,kobe-agriculture,2025,三菱ＵＦＪモルガン・スタンレー証券,1,1,kobe-list-agriculture-2025,金融業
kobe,kobe-agriculture,2025,三祐コンサルタンツ,1,1,kobe-list-agriculture-2025,その他の専門・技術サービス業
kobe,kobe-agriculture,2025,山崎製パン,1,1,kobe-list-agriculture-2025,食料品・飲料・たばこ・飼料製造業
kobe,kobe-agriculture,2025,全国共済農業協同組合連合会,1,1,kobe-list-agriculture-2025,複合サービス事業
kobe,kobe-agriculture,2025,大阪ガス,1,1,kobe-list-agriculture-2025,電気・ガス・熱供給・水道業
kobe,kobe-agriculture,2025,竹中工務店,1,1,kobe-list-agriculture-2025,建設業
kobe,kobe-agriculture,2025,日清食品,1,1,kobe-list-agriculture-2025,食料品・飲料・たばこ・飼料製造業
kobe,kobe-agriculture,2025,日本ハム,1,1,kobe-list-agriculture-2025,食料品・飲料・たばこ・飼料製造業
kobe,kobe-agriculture,2025,日本航空（ＪＡＬ）,1,1,kobe-list-agriculture-2025,運輸業、郵便業
kobe,kobe-agriculture,2025,農林水産省,1,1,kobe-list-agriculture-2025,国家公務
kobe,kobe-agriculture,2025,農林水産省林野庁,1,1,kobe-list-agriculture-2025,国家公務
kobe,kobe-agriculture,2025,兵庫県庁,1,1,kobe-list-agriculture-2025,地方公務
kobe,kobe-agriculture,2025,澁澤倉庫,1,1,kobe-list-agriculture-2025,運輸業、郵便業
kobe,kobe-maritime,2025,アイ・システム,1,1,kobe-list-maritime-2025,情報通信業
kobe,kobe-maritime,2025,国土交通省中国運輸局,1,1,kobe-list-maritime-2025,国家公務
kobe,kobe-maritime,2025,システムズ・デザイン,1,1,kobe-list-maritime-2025,情報通信業
kobe,kobe-maritime,2025,ダイハツインフィニアース,1,1,kobe-list-maritime-2025,輸送用機械器具製造業
kobe,kobe-maritime,2025,三井Ｅ＆Ｓ,2,1,kobe-list-maritime-2025,輸送用機械器具製造業
kobe,kobe-maritime,2025,日本郵船,1,1,kobe-list-maritime-2025,運輸業、郵便業
kobe,kobe-oceanpolicy,2025,Ａ．ｖｅｒ,1,1,kobe-list-oceanpolicy-2025,その他の教育、学習支援業
kobe,kobe-oceanpolicy,2025,ＥＮＥＯＳ,1,1,kobe-list-oceanpolicy-2025,化学工業、石油・石炭製品製造業
kobe,kobe-oceanpolicy,2025,ＥＮＥＯＳオーシャン,1,1,kobe-list-oceanpolicy-2025,運輸業、郵便業
kobe,kobe-oceanpolicy,2025,ＥＹ新日本有限責任監査法人,1,1,kobe-list-oceanpolicy-2025,その他の専門・技術サービス業
kobe,kobe-oceanpolicy,2025,ＧＡ ｔｅｃｈｎｏｌｏｇｉｅｓ,1,1,kobe-list-oceanpolicy-2025,情報通信業
kobe,kobe-oceanpolicy,2025,ＩＰＳホールディングス,1,1,kobe-list-oceanpolicy-2025,その他の専門・技術サービス業
kobe,kobe-oceanpolicy,2025,ＪＳＯＬ,1,1,kobe-list-oceanpolicy-2025,情報通信業
kobe,kobe-oceanpolicy,2025,ＮＳユナイテッド海運,2,1,kobe-list-oceanpolicy-2025,運輸業、郵便業
kobe,kobe-oceanpolicy,2025,ＮＴＴデータグループ,1,1,kobe-list-oceanpolicy-2025,その他の専門・技術サービス業
kobe,kobe-oceanpolicy,2025,ＮＴＴデータ関西,1,1,kobe-list-oceanpolicy-2025,情報通信業
kobe,kobe-oceanpolicy,2025,ＮＹＫ ＬＮＧシップマネージメント,2,1,kobe-list-oceanpolicy-2025,運輸業、郵便業
kobe,kobe-oceanpolicy,2025,ＰＩＬＬＡＲ,1,1,kobe-list-oceanpolicy-2025,はん用・生産用・業務用機械器具製造業
kobe,kobe-oceanpolicy,2025,ＴＫＣ,1,1,kobe-list-oceanpolicy-2025,情報通信業
kobe,kobe-oceanpolicy,2025,オーシャン リンク,1,1,kobe-list-oceanpolicy-2025,運輸業、郵便業
kobe,kobe-oceanpolicy,2025,オリックス・システム,1,1,kobe-list-oceanpolicy-2025,情報通信業
kobe,kobe-oceanpolicy,2025,オリックス銀行,1,1,kobe-list-oceanpolicy-2025,金融業
kobe,kobe-oceanpolicy,2025,クボタケミックス,1,1,kobe-list-oceanpolicy-2025,化学工業、石油・石炭製品製造業
kobe,kobe-oceanpolicy,2025,ケイラインローローバルクシップマネージメント,2,1,kobe-list-oceanpolicy-2025,運輸業、郵便業
kobe,kobe-oceanpolicy,2025,コベルコ・コンプレッサ,1,1,kobe-list-oceanpolicy-2025,はん用・生産用・業務用機械器具製造業
kobe,kobe-oceanpolicy,2025,コベルコロジスティクス,1,1,kobe-list-oceanpolicy-2025,運輸業、郵便業
kobe,kobe-oceanpolicy,2025,サンエックス,1,1,kobe-list-oceanpolicy-2025,生活関連サービス業、娯楽業
kobe,kobe-oceanpolicy,2025,シャープ,2,1,kobe-list-oceanpolicy-2025,電気・情報通信機械器具製造業
kobe,kobe-oceanpolicy,2025,スーパーソフトウエア,1,1,kobe-list-oceanpolicy-2025,情報通信業
kobe,kobe-oceanpolicy,2025,タレント,1,1,kobe-list-oceanpolicy-2025,生活関連サービス業、娯楽業
kobe,kobe-oceanpolicy,2025,デロイト トーマツ,1,1,kobe-list-oceanpolicy-2025,その他の専門・技術サービス業
kobe,kobe-oceanpolicy,2025,トヨタ自動車,1,1,kobe-list-oceanpolicy-2025,輸送用機械器具製造業
kobe,kobe-oceanpolicy,2025,ベニックソリューション,1,1,kobe-list-oceanpolicy-2025,情報通信業
kobe,kobe-oceanpolicy,2025,メイテックフィルダーズ,1,1,kobe-list-oceanpolicy-2025,その他の専門・技術サービス業
kobe,kobe-oceanpolicy,2025,モチベーションアカデミア,1,1,kobe-list-oceanpolicy-2025,その他の教育、学習支援業
kobe,kobe-oceanpolicy,2025,りそな銀行,1,1,kobe-list-oceanpolicy-2025,金融業
kobe,kobe-oceanpolicy,2025,リベラグループ,1,1,kobe-list-oceanpolicy-2025,運輸業、郵便業
kobe,kobe-oceanpolicy,2025,ロジスティード,3,1,kobe-list-oceanpolicy-2025,運輸業、郵便業
kobe,kobe-oceanpolicy,2025,ロジスティード西日本,1,1,kobe-list-oceanpolicy-2025,運輸業、郵便業
kobe,kobe-oceanpolicy,2025,伊丹産業,1,1,kobe-list-oceanpolicy-2025,電気・ガス・熱供給・水道業
kobe,kobe-oceanpolicy,2025,海技教育機構,2,1,kobe-list-oceanpolicy-2025,その他の教育、学習支援業
kobe,kobe-oceanpolicy,2025,海遊館,1,1,kobe-list-oceanpolicy-2025,その他の教育、学習支援業
kobe,kobe-oceanpolicy,2025,海洋技術開発,1,1,kobe-list-oceanpolicy-2025,運輸業、郵便業
kobe,kobe-oceanpolicy,2025,楽天グループ,1,1,kobe-list-oceanpolicy-2025,情報通信業
kobe,kobe-oceanpolicy,2025,関西電力送配電,1,1,kobe-list-oceanpolicy-2025,電気・ガス・熱供給・水道業
kobe,kobe-oceanpolicy,2025,丸全昭和運輸,1,1,kobe-list-oceanpolicy-2025,運輸業、郵便業
kobe,kobe-oceanpolicy,2025,岩谷産業,1,1,kobe-list-oceanpolicy-2025,卸売業、小売業
kobe,kobe-oceanpolicy,2025,京阪電気鉄道,1,1,kobe-list-oceanpolicy-2025,運輸業、郵便業
kobe,kobe-oceanpolicy,2025,経済産業省近畿経済産業局,1,1,kobe-list-oceanpolicy-2025,国家公務
kobe,kobe-oceanpolicy,2025,御国色素,1,1,kobe-list-oceanpolicy-2025,化学工業、石油・石炭製品製造業
kobe,kobe-oceanpolicy,2025,厚生労働省,1,1,kobe-list-oceanpolicy-2025,国家公務
kobe,kobe-oceanpolicy,2025,国土交通省近畿地方整備局,1,1,kobe-list-oceanpolicy-2025,国家公務
kobe,kobe-oceanpolicy,2025,三井物産グローバルロジスティクス,1,1,kobe-list-oceanpolicy-2025,運輸業、郵便業
kobe,kobe-oceanpolicy,2025,三菱ＵＦＪ信託銀行,1,1,kobe-list-oceanpolicy-2025,金融業
kobe,kobe-oceanpolicy,2025,三菱重工業,2,1,kobe-list-oceanpolicy-2025,輸送用機械器具製造業
kobe,kobe-oceanpolicy,2025,三菱倉庫,1,1,kobe-list-oceanpolicy-2025,運輸業、郵便業
kobe,kobe-oceanpolicy,2025,三菱電機,1,1,kobe-list-oceanpolicy-2025,電気・情報通信機械器具製造業
kobe,kobe-oceanpolicy,2025,三菱電機ディフェンス＆スペーステクノロジーズ,1,1,kobe-list-oceanpolicy-2025,電気・情報通信機械器具製造業
kobe,kobe-oceanpolicy,2025,山九,2,1,kobe-list-oceanpolicy-2025,運輸業、郵便業
kobe,kobe-oceanpolicy,2025,住友生命保険,1,1,kobe-list-oceanpolicy-2025,保険業
kobe,kobe-oceanpolicy,2025,住友倉庫,1,1,kobe-list-oceanpolicy-2025,運輸業、郵便業
kobe,kobe-oceanpolicy,2025,出光タンカー,2,1,kobe-list-oceanpolicy-2025,運輸業、郵便業
kobe,kobe-oceanpolicy,2025,商船三井,4,1,kobe-list-oceanpolicy-2025,運輸業、郵便業
kobe,kobe-oceanpolicy,2025,昭和日タン,1,1,kobe-list-oceanpolicy-2025,運輸業、郵便業
kobe,kobe-oceanpolicy,2025,信金中央金庫,1,1,kobe-list-oceanpolicy-2025,金融業
kobe,kobe-oceanpolicy,2025,新日本海フェリー,1,1,kobe-list-oceanpolicy-2025,運輸業、郵便業
kobe,kobe-oceanpolicy,2025,正栄汽船,1,1,kobe-list-oceanpolicy-2025,運輸業、郵便業
kobe,kobe-oceanpolicy,2025,西日本鉄道,1,1,kobe-list-oceanpolicy-2025,運輸業、郵便業
kobe,kobe-oceanpolicy,2025,石原産業,1,1,kobe-list-oceanpolicy-2025,化学工業、石油・石炭製品製造業
kobe,kobe-oceanpolicy,2025,川崎汽船,2,1,kobe-list-oceanpolicy-2025,運輸業、郵便業
kobe,kobe-oceanpolicy,2025,川崎重工業,2,1,kobe-list-oceanpolicy-2025,輸送用機械器具製造業
kobe,kobe-oceanpolicy,2025,大気社,1,1,kobe-list-oceanpolicy-2025,建設業
kobe,kobe-oceanpolicy,2025,大阪信用保証協会,1,1,kobe-list-oceanpolicy-2025,金融業
kobe,kobe-oceanpolicy,2025,大東建託パートナーズ,1,1,kobe-list-oceanpolicy-2025,不動産取引・賃貸・管理業
kobe,kobe-oceanpolicy,2025,大和証券,1,1,kobe-list-oceanpolicy-2025,金融業
kobe,kobe-oceanpolicy,2025,第一中央汽船,1,1,kobe-list-oceanpolicy-2025,運輸業、郵便業
kobe,kobe-oceanpolicy,2025,東栄ジャパン,1,1,kobe-list-oceanpolicy-2025,運輸業、郵便業
kobe,kobe-oceanpolicy,2025,東京海上日動火災保険,1,1,kobe-list-oceanpolicy-2025,保険業
kobe,kobe-oceanpolicy,2025,東光高岳,1,1,kobe-list-oceanpolicy-2025,電気・情報通信機械器具製造業
kobe,kobe-oceanpolicy,2025,東芝プラントシステム,1,1,kobe-list-oceanpolicy-2025,その他の専門・技術サービス業
kobe,kobe-oceanpolicy,2025,東日本旅客鉄道（ＪＲ東日本）,2,1,kobe-list-oceanpolicy-2025,運輸業、郵便業
kobe,kobe-oceanpolicy,2025,読売テレビ放送,1,1,kobe-list-oceanpolicy-2025,情報通信業
kobe,kobe-oceanpolicy,2025,日本サルヴェージ,1,1,kobe-list-oceanpolicy-2025,運輸業、郵便業
kobe,kobe-oceanpolicy,2025,日本海事協会,1,1,kobe-list-oceanpolicy-2025,その他のサービス業
kobe,kobe-oceanpolicy,2025,日本政策金融公庫,1,1,kobe-list-oceanpolicy-2025,金融業
kobe,kobe-oceanpolicy,2025,日本生命保険,2,1,kobe-list-oceanpolicy-2025,保険業
kobe,kobe-oceanpolicy,2025,日本郵船,4,1,kobe-list-oceanpolicy-2025,運輸業、郵便業
kobe,kobe-oceanpolicy,2025,農林水産省林野庁,1,1,kobe-list-oceanpolicy-2025,国家公務
kobe,kobe-oceanpolicy,2025,飯野海運,3,1,kobe-list-oceanpolicy-2025,運輸業、郵便業
kobe,kobe-oceanpolicy,2025,本田技術研究所（ＨＯＮＤＡ）,1,1,kobe-list-oceanpolicy-2025,輸送用機械器具製造業
kobe,kobe-oceanpolicy,2025,箕面市役所,1,1,kobe-list-oceanpolicy-2025,地方公務
kobe,kobe-oceanpolicy,2025,有限責任監査法人トーマツ,1,1,kobe-list-oceanpolicy-2025,その他の専門・技術サービス業
kobe,kobe-oceanpolicy,2025,郵船クルーズ,1,1,kobe-list-oceanpolicy-2025,運輸業、郵便業
kobe,kobe-oceanpolicy,2025,鈴与,1,1,kobe-list-oceanpolicy-2025,運輸業、郵便業
kobe,kobe-oceanpolicy,2025,澁澤倉庫,1,1,kobe-list-oceanpolicy-2025,運輸業、郵便業
