university_id,faculty_id,year,company_name_raw,count,listed,source_id,industry_raw
chiba,chiba-hort,2025,サンファームイベリカ,1,1,chiba-shushoku-2025,農業、林業
chiba,chiba-hort,2025,千葉県,2,1,chiba-shushoku-2025,農業、林業
chiba,chiba-edu,2025,K＆Oエナジーグループ,1,1,chiba-shushoku-2025,鉱業、採石業、砂利採取業
chiba,chiba-sci,2025,アサノ大成基礎エンジニアリング,1,1,chiba-shushoku-2025,建設業
chiba,chiba-eng,2025,エム・エムブリッジ,1,1,chiba-shushoku-2025,建設業
chiba,chiba-edu,2025,クラフティア,1,1,chiba-shushoku-2025,建設業
chiba,chiba-letters,2025,ストラクス,1,1,chiba-shushoku-2025,建設業
chiba,chiba-eng,2025,ポラスグループ,1,1,chiba-shushoku-2025,建設業
chiba,chiba-edu,2025,旭化成ホームズ,1,1,chiba-shushoku-2025,建設業
chiba,chiba-eng,2025,三井共同建設コンサルタント,1,1,chiba-shushoku-2025,建設業
chiba,chiba-intl,2025,三協フロンテア,1,1,chiba-shushoku-2025,建設業
chiba,chiba-hort,2025,三協フロンテア,1,1,chiba-shushoku-2025,建設業
chiba,chiba-edu,2025,鹿島建設,1,1,chiba-shushoku-2025,建設業
chiba,chiba-eng,2025,鹿島建設,1,1,chiba-shushoku-2025,建設業
chiba,chiba-eng,2025,出光エンジニアリング,1,1,chiba-shushoku-2025,建設業
chiba,chiba-lpe,2025,成友興業,1,1,chiba-shushoku-2025,建設業
chiba,chiba-lpe,2025,清家石材工業,1,1,chiba-shushoku-2025,建設業
chiba,chiba-hort,2025,清水建設,1,1,chiba-shushoku-2025,建設業
chiba,chiba-hort,2025,西武造園,2,1,chiba-shushoku-2025,建設業
chiba,chiba-eng,2025,積水ハウス,2,1,chiba-shushoku-2025,建設業
chiba,chiba-eng,2025,船場,1,1,chiba-shushoku-2025,建設業
chiba,chiba-lpe,2025,竹中工務店,1,1,chiba-shushoku-2025,建設業
chiba,chiba-edu,2025,長谷コーポレーション,1,1,chiba-shushoku-2025,建設業
chiba,chiba-intl,2025,長谷工コーポレーション,1,1,chiba-shushoku-2025,建設業
chiba,chiba-lpe,2025,長谷工コーポレーション,1,1,chiba-shushoku-2025,建設業
chiba,chiba-hort,2025,東京都,1,1,chiba-shushoku-2025,建設業
chiba,chiba-sci,2025,南海辰村建設,1,1,chiba-shushoku-2025,建設業
chiba,chiba-hort,2025,日産緑化,1,1,chiba-shushoku-2025,建設業
chiba,chiba-hort,2025,日比谷アメニス,1,1,chiba-shushoku-2025,建設業
chiba,chiba-eng,2025,平成建設,1,1,chiba-shushoku-2025,建設業
chiba,chiba-eng,2025,（独）国立印刷局,1,1,chiba-shushoku-2025,製造業
chiba,chiba-eng,2025,BANDAI SPIRITS,1,1,chiba-shushoku-2025,製造業
chiba,chiba-intl,2025,DIC,1,1,chiba-shushoku-2025,製造業
chiba,chiba-eng,2025,DNライティング,1,1,chiba-shushoku-2025,製造業
chiba,chiba-lpe,2025,IHI,1,1,chiba-shushoku-2025,製造業
chiba,chiba-sci,2025,JCRファーマ,1,1,chiba-shushoku-2025,製造業
chiba,chiba-edu,2025,JX金属,1,1,chiba-shushoku-2025,製造業
chiba,chiba-pharm,2025,Meiji Seika ファルマ,1,1,chiba-shushoku-2025,製造業
chiba,chiba-pharm,2025,MSD,1,1,chiba-shushoku-2025,製造業
chiba,chiba-pharm,2025,PDRファーマ,1,1,chiba-shushoku-2025,製造業
chiba,chiba-edu,2025,SOLIZE PARTNERS,1,1,chiba-shushoku-2025,製造業
chiba,chiba-letters,2025,TOAシブル,1,1,chiba-shushoku-2025,製造業
chiba,chiba-lpe,2025,UACJ金属加工,1,1,chiba-shushoku-2025,製造業
chiba,chiba-edu,2025,wood凪,1,1,chiba-shushoku-2025,製造業
chiba,chiba-eng,2025,YKK,1,1,chiba-shushoku-2025,製造業
chiba,chiba-letters,2025,アイチコーポレーション,1,1,chiba-shushoku-2025,製造業
chiba,chiba-pharm,2025,アサヒグループ食品,1,1,chiba-shushoku-2025,製造業
chiba,chiba-sci,2025,いなば食品,1,1,chiba-shushoku-2025,製造業
chiba,chiba-sci,2025,ウェルファムフーズ,1,1,chiba-shushoku-2025,製造業
chiba,chiba-hort,2025,エバラ食品工業,1,1,chiba-shushoku-2025,製造業
chiba,chiba-eng,2025,オカムラ,1,1,chiba-shushoku-2025,製造業
chiba,chiba-lpe,2025,キーエンス,1,1,chiba-shushoku-2025,製造業
chiba,chiba-eng,2025,キオクシア,1,1,chiba-shushoku-2025,製造業
chiba,chiba-lpe,2025,キヤノン,2,1,chiba-shushoku-2025,製造業
chiba,chiba-eng,2025,キョーラク,1,1,chiba-shushoku-2025,製造業
chiba,chiba-letters,2025,クツワ,1,1,chiba-shushoku-2025,製造業
chiba,chiba-hort,2025,クミアイ化学工業,1,1,chiba-shushoku-2025,製造業
chiba,chiba-hort,2025,クラシエ,1,1,chiba-shushoku-2025,製造業
chiba,chiba-lpe,2025,コニカミノルタ,1,1,chiba-shushoku-2025,製造業
chiba,chiba-lpe,2025,シンフォニアテクノロジー,1,1,chiba-shushoku-2025,製造業
chiba,chiba-lpe,2025,スズキ,1,1,chiba-shushoku-2025,製造業
chiba,chiba-eng,2025,セイコーウオッチ,1,1,chiba-shushoku-2025,製造業
chiba,chiba-letters,2025,ゼブラ,1,1,chiba-shushoku-2025,製造業
chiba,chiba-eng,2025,セントラルエンジニアリング,1,1,chiba-shushoku-2025,製造業
chiba,chiba-edu,2025,ソントン食品,1,1,chiba-shushoku-2025,製造業
chiba,chiba-eng,2025,ダイオーミウラ,1,1,chiba-shushoku-2025,製造業
chiba,chiba-eng,2025,タイガー魔法瓶,1,1,chiba-shushoku-2025,製造業
chiba,chiba-intl,2025,タカキベーカリー,1,1,chiba-shushoku-2025,製造業
chiba,chiba-lpe,2025,ディスコ,1,1,chiba-shushoku-2025,製造業
chiba,chiba-eng,2025,テルモ,2,1,chiba-shushoku-2025,製造業
chiba,chiba-eng,2025,トランストロン,1,1,chiba-shushoku-2025,製造業
chiba,chiba-eng,2025,パナソニック,1,1,chiba-shushoku-2025,製造業
chiba,chiba-eng,2025,パナソニックITS,1,1,chiba-shushoku-2025,製造業
chiba,chiba-eng,2025,パナソニックオートモーティブシステムズ,1,1,chiba-shushoku-2025,製造業
chiba,chiba-hort,2025,バルカー,1,1,chiba-shushoku-2025,製造業
chiba,chiba-letters,2025,バンビ,1,1,chiba-shushoku-2025,製造業
chiba,chiba-sci,2025,ファンケル,1,1,chiba-shushoku-2025,製造業
chiba,chiba-lpe,2025,フジパングループ本社,1,1,chiba-shushoku-2025,製造業
chiba,chiba-eng,2025,プラス,1,1,chiba-shushoku-2025,製造業
chiba,chiba-eng,2025,プログレス・テクノロジーズ,1,1,chiba-shushoku-2025,製造業
chiba,chiba-lpe,2025,プロテリアル,1,1,chiba-shushoku-2025,製造業
chiba,chiba-eng,2025,ペティオ,1,1,chiba-shushoku-2025,製造業
chiba,chiba-eng,2025,マブチモーター,1,1,chiba-shushoku-2025,製造業
chiba,chiba-eng,2025,ヤマハ発動機,2,1,chiba-shushoku-2025,製造業
chiba,chiba-letters,2025,ライオン事務器,1,1,chiba-shushoku-2025,製造業
chiba,chiba-letters,2025,安西製作所,1,1,chiba-shushoku-2025,製造業
chiba,chiba-letters,2025,伊藤園,1,1,chiba-shushoku-2025,製造業
chiba,chiba-lpe,2025,荏原実業,1,1,chiba-shushoku-2025,製造業
chiba,chiba-lpe,2025,吉野石膏,1,1,chiba-shushoku-2025,製造業
chiba,chiba-edu,2025,宮崎本店,1,1,chiba-shushoku-2025,製造業
chiba,chiba-lpe,2025,京セラ,1,1,chiba-shushoku-2025,製造業
chiba,chiba-lpe,2025,古川紙工,1,1,chiba-shushoku-2025,製造業
chiba,chiba-lpe,2025,三井化学,1,1,chiba-shushoku-2025,製造業
chiba,chiba-hort,2025,三協リール,1,1,chiba-shushoku-2025,製造業
chiba,chiba-edu,2025,三菱鉛筆,1,1,chiba-shushoku-2025,製造業
chiba,chiba-lpe,2025,三菱重工業,1,1,chiba-shushoku-2025,製造業
chiba,chiba-eng,2025,三菱電機,1,1,chiba-shushoku-2025,製造業
chiba,chiba-eng,2025,住友電気工業,1,1,chiba-shushoku-2025,製造業
chiba,chiba-eng,2025,小松製作所,1,1,chiba-shushoku-2025,製造業
chiba,chiba-lpe,2025,森永製菓,1,1,chiba-shushoku-2025,製造業
chiba,chiba-hort,2025,森永乳業,1,1,chiba-shushoku-2025,製造業
chiba,chiba-pharm,2025,生化学工業,1,1,chiba-shushoku-2025,製造業
chiba,chiba-hort,2025,雪印メグミルク,1,1,chiba-shushoku-2025,製造業
chiba,chiba-edu,2025,全薬ホールディングス,1,1,chiba-shushoku-2025,製造業
chiba,chiba-sci,2025,太平洋セメント,1,1,chiba-shushoku-2025,製造業
chiba,chiba-pharm,2025,大塚製薬,2,1,chiba-shushoku-2025,製造業
chiba,chiba-letters,2025,大日本印刷,1,1,chiba-shushoku-2025,製造業
chiba,chiba-pharm,2025,大鵬薬品工業,1,1,chiba-shushoku-2025,製造業
chiba,chiba-pharm,2025,第一三共,1,1,chiba-shushoku-2025,製造業
chiba,chiba-pharm,2025,中外臨床研究センター,1,1,chiba-shushoku-2025,製造業
chiba,chiba-intl,2025,東レ,1,1,chiba-shushoku-2025,製造業
chiba,chiba-hort,2025,東京エレクトロン,1,1,chiba-shushoku-2025,製造業
chiba,chiba-letters,2025,東芝,1,1,chiba-shushoku-2025,製造業
chiba,chiba-sci,2025,東芝,1,1,chiba-shushoku-2025,製造業
chiba,chiba-eng,2025,東芝,1,1,chiba-shushoku-2025,製造業
chiba,chiba-eng,2025,東芝ライフスタイル,1,1,chiba-shushoku-2025,製造業
chiba,chiba-eng,2025,東芝電波テクノロジー,1,1,chiba-shushoku-2025,製造業
chiba,chiba-letters,2025,日経印刷,1,1,chiba-shushoku-2025,製造業
chiba,chiba-lpe,2025,日清オイリオグループ,1,1,chiba-shushoku-2025,製造業
chiba,chiba-lpe,2025,日本HP,1,1,chiba-shushoku-2025,製造業
chiba,chiba-pharm,2025,日本メジフィジックス,1,1,chiba-shushoku-2025,製造業
chiba,chiba-eng,2025,日本信号,1,1,chiba-shushoku-2025,製造業
chiba,chiba-hort,2025,日本曹達,1,1,chiba-shushoku-2025,製造業
chiba,chiba-eng,2025,日立パワーソリューションズ,1,1,chiba-shushoku-2025,製造業
chiba,chiba-eng,2025,日立製作所,1,1,chiba-shushoku-2025,製造業
chiba,chiba-eng,2025,白元アース,1,1,chiba-shushoku-2025,製造業
chiba,chiba-lpe,2025,美津濃,1,1,chiba-shushoku-2025,製造業
chiba,chiba-hort,2025,武蔵野ホールディングス,1,1,chiba-shushoku-2025,製造業
chiba,chiba-letters,2025,平和,1,1,chiba-shushoku-2025,製造業
chiba,chiba-eng,2025,豊田自動織機,1,1,chiba-shushoku-2025,製造業
chiba,chiba-sci,2025,明治,1,1,chiba-shushoku-2025,製造業
chiba,chiba-eng,2025,鹿島南共同発電,1,1,chiba-shushoku-2025,電気・ガス・熱供給・水道業
chiba,chiba-lpe,2025,静岡ガス,1,1,chiba-shushoku-2025,電気・ガス・熱供給・水道業
chiba,chiba-hort,2025,静岡ガス,1,1,chiba-shushoku-2025,電気・ガス・熱供給・水道業
chiba,chiba-edu,2025,中部電力パワーグリッド,1,1,chiba-shushoku-2025,電気・ガス・熱供給・水道業
chiba,chiba-lpe,2025,東京ガスエンジニアリングソリューションズ,1,1,chiba-shushoku-2025,電気・ガス・熱供給・水道業
chiba,chiba-letters,2025,東京ガスネットワーク,1,1,chiba-shushoku-2025,電気・ガス・熱供給・水道業
chiba,chiba-edu,2025,東京電力ホールディングス,1,1,chiba-shushoku-2025,電気・ガス・熱供給・水道業
chiba,chiba-eng,2025,北海道電力,1,1,chiba-shushoku-2025,電気・ガス・熱供給・水道業
chiba,chiba-eng,2025,北陸電力,1,1,chiba-shushoku-2025,電気・ガス・熱供給・水道業
chiba,chiba-lpe,2025,（独）統計センター,1,1,chiba-shushoku-2025,情報通信業
chiba,chiba-hort,2025,（独）統計センター,1,1,chiba-shushoku-2025,情報通信業
chiba,chiba-hort,2025,Airitech,1,1,chiba-shushoku-2025,情報通信業
chiba,chiba-eng,2025,base,1,1,chiba-shushoku-2025,情報通信業
chiba,chiba-intl,2025,BIPROGY,2,1,chiba-shushoku-2025,情報通信業
chiba,chiba-eng,2025,Capgemini,1,1,chiba-shushoku-2025,情報通信業
chiba,chiba-letters,2025,CHINTAI,1,1,chiba-shushoku-2025,情報通信業
chiba,chiba-lpe,2025,CIS,1,1,chiba-shushoku-2025,情報通信業
chiba,chiba-letters,2025,Earth Technology,1,1,chiba-shushoku-2025,情報通信業
chiba,chiba-eng,2025,IC,1,1,chiba-shushoku-2025,情報通信業
chiba,chiba-hort,2025,INGEN,1,1,chiba-shushoku-2025,情報通信業
chiba,chiba-sci,2025,INSIGHT LAB,1,1,chiba-shushoku-2025,情報通信業
chiba,chiba-letters,2025,KSK,1,1,chiba-shushoku-2025,情報通信業
chiba,chiba-lpe,2025,LegalOn Technologies,1,1,chiba-shushoku-2025,情報通信業
chiba,chiba-eng,2025,MUS情報システム,1,1,chiba-shushoku-2025,情報通信業
chiba,chiba-eng,2025,NECソリューションイノベータ,1,1,chiba-shushoku-2025,情報通信業
chiba,chiba-hort,2025,NECソリューションイノベータ,1,1,chiba-shushoku-2025,情報通信業
chiba,chiba-intl,2025,NTT ExCパートナー,1,1,chiba-shushoku-2025,情報通信業
chiba,chiba-lpe,2025,NTTデータ,2,1,chiba-shushoku-2025,情報通信業
chiba,chiba-eng,2025,NTTデータ,1,1,chiba-shushoku-2025,情報通信業
chiba,chiba-hort,2025,NTTデータ,1,1,chiba-shushoku-2025,情報通信業
chiba,chiba-hort,2025,NTTデータ・アイ,1,1,chiba-shushoku-2025,情報通信業
chiba,chiba-hort,2025,NTTデータ・グローバルソリューションズ,1,1,chiba-shushoku-2025,情報通信業
chiba,chiba-letters,2025,NTTデータ・フィナンシャルテクノロジー,1,1,chiba-shushoku-2025,情報通信業
chiba,chiba-letters,2025,NTTデータMSE,1,1,chiba-shushoku-2025,情報通信業
chiba,chiba-eng,2025,NTTデータグループ,1,1,chiba-shushoku-2025,情報通信業
chiba,chiba-hort,2025,NTTデータグループ,2,1,chiba-shushoku-2025,情報通信業
chiba,chiba-lpe,2025,NTTドコモ,1,1,chiba-shushoku-2025,情報通信業
chiba,chiba-eng,2025,NTTドコモ,1,1,chiba-shushoku-2025,情報通信業
chiba,chiba-sci,2025,NTTドコモソリューションズ,1,1,chiba-shushoku-2025,情報通信業
chiba,chiba-lpe,2025,NTT東日本,1,1,chiba-shushoku-2025,情報通信業
chiba,chiba-lpe,2025,OTOSYS,1,1,chiba-shushoku-2025,情報通信業
chiba,chiba-lpe,2025,PLAN-B,1,1,chiba-shushoku-2025,情報通信業
chiba,chiba-lpe,2025,Pro-SPIRE,1,1,chiba-shushoku-2025,情報通信業
chiba,chiba-lpe,2025,QUICK,1,1,chiba-shushoku-2025,情報通信業
chiba,chiba-letters,2025,SCSK,1,1,chiba-shushoku-2025,情報通信業
chiba,chiba-lpe,2025,SHIFT,1,1,chiba-shushoku-2025,情報通信業
chiba,chiba-edu,2025,SHIFT,2,1,chiba-shushoku-2025,情報通信業
chiba,chiba-edu,2025,Sky Fall,1,1,chiba-shushoku-2025,情報通信業
chiba,chiba-letters,2025,TIS,2,1,chiba-shushoku-2025,情報通信業
chiba,chiba-letters,2025,TOKAIコミュニケーションズ,1,1,chiba-shushoku-2025,情報通信業
chiba,chiba-eng,2025,TOKIUM,1,1,chiba-shushoku-2025,情報通信業
chiba,chiba-intl,2025,TOTOインフォム,1,1,chiba-shushoku-2025,情報通信業
chiba,chiba-hort,2025,U-NEXTHOLDINGS,1,1,chiba-shushoku-2025,情報通信業
chiba,chiba-eng,2025,zeals,1,1,chiba-shushoku-2025,情報通信業
chiba,chiba-lpe,2025,ZOSTEC,1,1,chiba-shushoku-2025,情報通信業
chiba,chiba-letters,2025,アイソル,1,1,chiba-shushoku-2025,情報通信業
chiba,chiba-lpe,2025,アジアクエスト,1,1,chiba-shushoku-2025,情報通信業
chiba,chiba-eng,2025,アドソル日進,1,1,chiba-shushoku-2025,情報通信業
chiba,chiba-hort,2025,アドソル日進,1,1,chiba-shushoku-2025,情報通信業
chiba,chiba-letters,2025,アンティー・システム,1,1,chiba-shushoku-2025,情報通信業
chiba,chiba-eng,2025,イー・アイ・ソル,1,1,chiba-shushoku-2025,情報通信業
chiba,chiba-eng,2025,イーネット,1,1,chiba-shushoku-2025,情報通信業
chiba,chiba-eng,2025,イオンスマートテクノロジー,1,1,chiba-shushoku-2025,情報通信業
chiba,chiba-lpe,2025,インフォメーションサービスフォース,1,1,chiba-shushoku-2025,情報通信業
chiba,chiba-hort,2025,ウィズ・ワン,1,1,chiba-shushoku-2025,情報通信業
chiba,chiba-eng,2025,ウエディングパーク,1,1,chiba-shushoku-2025,情報通信業
chiba,chiba-letters,2025,エステイエス,1,1,chiba-shushoku-2025,情報通信業
chiba,chiba-lpe,2025,えすと,1,1,chiba-shushoku-2025,情報通信業
chiba,chiba-lpe,2025,エヌ・ティ・ティ・データ・イントラマート,1,1,chiba-shushoku-2025,情報通信業
chiba,chiba-letters,2025,エヌシーアイ総合システム,1,1,chiba-shushoku-2025,情報通信業
chiba,chiba-hort,2025,エル・ティー・エス ソフトウェアテクノロジー,1,1,chiba-shushoku-2025,情報通信業
chiba,chiba-intl,2025,オービック,1,1,chiba-shushoku-2025,情報通信業
chiba,chiba-letters,2025,オービック,1,1,chiba-shushoku-2025,情報通信業
chiba,chiba-eng,2025,オービック,2,1,chiba-shushoku-2025,情報通信業
chiba,chiba-lpe,2025,オービックビジネスコンサルタント,1,1,chiba-shushoku-2025,情報通信業
chiba,chiba-intl,2025,カウリス,1,1,chiba-shushoku-2025,情報通信業
chiba,chiba-eng,2025,カクシン,1,1,chiba-shushoku-2025,情報通信業
chiba,chiba-letters,2025,キヤノンITソリューションズ,1,1,chiba-shushoku-2025,情報通信業
chiba,chiba-eng,2025,クラウドポイント,1,1,chiba-shushoku-2025,情報通信業
chiba,chiba-letters,2025,グランバレイ,1,1,chiba-shushoku-2025,情報通信業
chiba,chiba-letters,2025,クリエイティブネクサス,1,1,chiba-shushoku-2025,情報通信業
chiba,chiba-eng,2025,クレアルティ,1,1,chiba-shushoku-2025,情報通信業
chiba,chiba-intl,2025,ケアリッツ・テクノロジーズ,1,1,chiba-shushoku-2025,情報通信業
chiba,chiba-sci,2025,ケアリッツ・テクノロジーズ,2,1,chiba-shushoku-2025,情報通信業
chiba,chiba-lpe,2025,ケアリッツテクノロジー,1,1,chiba-shushoku-2025,情報通信業
chiba,chiba-eng,2025,コアコンセプト・テクノロジー,1,1,chiba-shushoku-2025,情報通信業
chiba,chiba-lpe,2025,コスモスシステム,1,1,chiba-shushoku-2025,情報通信業
chiba,chiba-letters,2025,こだわり,1,1,chiba-shushoku-2025,情報通信業
chiba,chiba-edu,2025,コムチュア,1,1,chiba-shushoku-2025,情報通信業
chiba,chiba-sci,2025,サンウェル,1,1,chiba-shushoku-2025,情報通信業
chiba,chiba-lpe,2025,シーイーシー,1,1,chiba-shushoku-2025,情報通信業
chiba,chiba-lpe,2025,シーシーエス,1,1,chiba-shushoku-2025,情報通信業
chiba,chiba-letters,2025,ジェイシー教育研究所,1,1,chiba-shushoku-2025,情報通信業
chiba,chiba-lpe,2025,システムサポート,1,1,chiba-shushoku-2025,情報通信業
chiba,chiba-sci,2025,ジャステック,1,1,chiba-shushoku-2025,情報通信業
chiba,chiba-edu,2025,セールスフォース・ジャパン,1,1,chiba-shushoku-2025,情報通信業
chiba,chiba-edu,2025,セカンドラボ,1,1,chiba-shushoku-2025,情報通信業
chiba,chiba-letters,2025,セプテンバー,1,1,chiba-shushoku-2025,情報通信業
chiba,chiba-edu,2025,ソフトバンク,1,1,chiba-shushoku-2025,情報通信業
chiba,chiba-eng,2025,ソリューション・アンド・テクノロジー,2,1,chiba-shushoku-2025,情報通信業
chiba,chiba-letters,2025,ダイレクト出版,1,1,chiba-shushoku-2025,情報通信業
chiba,chiba-lpe,2025,チケットプラス,1,1,chiba-shushoku-2025,情報通信業
chiba,chiba-lpe,2025,ちばぎんコンピューターサービス,1,1,chiba-shushoku-2025,情報通信業
chiba,chiba-edu,2025,テクノプロIT社,1,1,chiba-shushoku-2025,情報通信業
chiba,chiba-edu,2025,デジタルアーツ,1,1,chiba-shushoku-2025,情報通信業
chiba,chiba-letters,2025,テプコシステムズ,1,1,chiba-shushoku-2025,情報通信業
chiba,chiba-eng,2025,トップエンジニアリング,1,1,chiba-shushoku-2025,情報通信業
chiba,chiba-lpe,2025,トヨクモ,1,1,chiba-shushoku-2025,情報通信業
chiba,chiba-intl,2025,ナインキャスト,1,1,chiba-shushoku-2025,情報通信業
chiba,chiba-intl,2025,ナレッジコミュニケーション,1,1,chiba-shushoku-2025,情報通信業
chiba,chiba-edu,2025,ネクシオン,1,1,chiba-shushoku-2025,情報通信業
chiba,chiba-lpe,2025,ネスコ,1,1,chiba-shushoku-2025,情報通信業
chiba,chiba-intl,2025,バークリーコンサルティング,1,1,chiba-shushoku-2025,情報通信業
chiba,chiba-edu,2025,パーソルビジネスプロセスデザイン,1,1,chiba-shushoku-2025,情報通信業
chiba,chiba-sci,2025,パーソルビジネスプロセスデザイン,1,1,chiba-shushoku-2025,情報通信業
chiba,chiba-intl,2025,バンダイナムコフィルムワークス,1,1,chiba-shushoku-2025,情報通信業
chiba,chiba-eng,2025,ピクシブ,1,1,chiba-shushoku-2025,情報通信業
chiba,chiba-letters,2025,ビジョナル,1,1,chiba-shushoku-2025,情報通信業
chiba,chiba-hort,2025,ファイバーゲート,1,1,chiba-shushoku-2025,情報通信業
chiba,chiba-intl,2025,フューチャーアーキテクト,1,1,chiba-shushoku-2025,情報通信業
chiba,chiba-lpe,2025,フューチャーイン,1,1,chiba-shushoku-2025,情報通信業
chiba,chiba-eng,2025,フラー,1,1,chiba-shushoku-2025,情報通信業
chiba,chiba-eng,2025,ブリコラージュ,1,1,chiba-shushoku-2025,情報通信業
chiba,chiba-lpe,2025,プリマジェスト,1,1,chiba-shushoku-2025,情報通信業
chiba,chiba-eng,2025,ブレインズテクノロジー,1,1,chiba-shushoku-2025,情報通信業
chiba,chiba-letters,2025,フレックス,1,1,chiba-shushoku-2025,情報通信業
chiba,chiba-eng,2025,ベース,1,1,chiba-shushoku-2025,情報通信業
chiba,chiba-letters,2025,ボードルア,1,1,chiba-shushoku-2025,情報通信業
chiba,chiba-lpe,2025,みずほリサーチ＆テクノロジーズ,1,1,chiba-shushoku-2025,情報通信業
chiba,chiba-lpe,2025,ユーコム東京本社,1,1,chiba-shushoku-2025,情報通信業
chiba,chiba-lpe,2025,ラネット,1,1,chiba-shushoku-2025,情報通信業
chiba,chiba-eng,2025,リゾーム,1,1,chiba-shushoku-2025,情報通信業
chiba,chiba-intl,2025,レバレジーズ,1,1,chiba-shushoku-2025,情報通信業
chiba,chiba-lpe,2025,レバレジーズ,3,1,chiba-shushoku-2025,情報通信業
chiba,chiba-eng,2025,レバレジーズ,1,1,chiba-shushoku-2025,情報通信業
chiba,chiba-hort,2025,レバレジーズ,3,1,chiba-shushoku-2025,情報通信業
chiba,chiba-intl,2025,伊藤忠テクノソリューションズ,1,1,chiba-shushoku-2025,情報通信業
chiba,chiba-eng,2025,伊藤忠テクノソリューションズ,1,1,chiba-shushoku-2025,情報通信業
chiba,chiba-intl,2025,楽天グループ,1,1,chiba-shushoku-2025,情報通信業
chiba,chiba-lpe,2025,楽天グループ,1,1,chiba-shushoku-2025,情報通信業
chiba,chiba-sci,2025,鎌倉新書,1,1,chiba-shushoku-2025,情報通信業
chiba,chiba-sci,2025,京葉システム,1,1,chiba-shushoku-2025,情報通信業
chiba,chiba-letters,2025,講談社,1,1,chiba-shushoku-2025,情報通信業
chiba,chiba-eng,2025,三菱UFJインフォメーションテクノロジー,1,1,chiba-shushoku-2025,情報通信業
chiba,chiba-intl,2025,小学館集英社プロダクション,1,1,chiba-shushoku-2025,情報通信業
chiba,chiba-edu,2025,情報戦略テクノロジー,1,1,chiba-shushoku-2025,情報通信業
chiba,chiba-lpe,2025,新東電算,1,1,chiba-shushoku-2025,情報通信業
chiba,chiba-eng,2025,図研,1,1,chiba-shushoku-2025,情報通信業
chiba,chiba-letters,2025,世界文化ホールディングス,1,1,chiba-shushoku-2025,情報通信業
chiba,chiba-sci,2025,静銀ITソリューション,1,1,chiba-shushoku-2025,情報通信業
chiba,chiba-lpe,2025,大樹生命アイテクノロジー,1,1,chiba-shushoku-2025,情報通信業
chiba,chiba-edu,2025,大分イーシーシー,1,1,chiba-shushoku-2025,情報通信業
chiba,chiba-letters,2025,第一法規,1,1,chiba-shushoku-2025,情報通信業
chiba,chiba-intl,2025,朝日ネット,1,1,chiba-shushoku-2025,情報通信業
chiba,chiba-letters,2025,鉄道情報システム,1,1,chiba-shushoku-2025,情報通信業
chiba,chiba-intl,2025,電通プロモーション,1,1,chiba-shushoku-2025,情報通信業
chiba,chiba-eng,2025,電通プロモーションエグゼ,1,1,chiba-shushoku-2025,情報通信業
chiba,chiba-edu,2025,東映テレビ・プロダクション,1,1,chiba-shushoku-2025,情報通信業
chiba,chiba-lpe,2025,東京ガスiネット,1,1,chiba-shushoku-2025,情報通信業
chiba,chiba-hort,2025,東芝デジタルマーケティングイニシアティブ,1,1,chiba-shushoku-2025,情報通信業
chiba,chiba-lpe,2025,東和システム,1,1,chiba-shushoku-2025,情報通信業
chiba,chiba-lpe,2025,読売新聞東京本社,1,1,chiba-shushoku-2025,情報通信業
chiba,chiba-lpe,2025,日経BP,1,1,chiba-shushoku-2025,情報通信業
chiba,chiba-letters,2025,日鉄ソリューションズ,1,1,chiba-shushoku-2025,情報通信業
chiba,chiba-edu,2025,日鉄ソリューションズ,1,1,chiba-shushoku-2025,情報通信業
chiba,chiba-letters,2025,日鉄ソリューションズ東日本,1,1,chiba-shushoku-2025,情報通信業
chiba,chiba-intl,2025,日本IBM,1,1,chiba-shushoku-2025,情報通信業
chiba,chiba-lpe,2025,日本IBM,1,1,chiba-shushoku-2025,情報通信業
chiba,chiba-lpe,2025,日本ウィルテックソリューション,2,1,chiba-shushoku-2025,情報通信業
chiba,chiba-sci,2025,日本オフィス・システム,1,1,chiba-shushoku-2025,情報通信業
chiba,chiba-letters,2025,日本システムランド,1,1,chiba-shushoku-2025,情報通信業
chiba,chiba-lpe,2025,日本プロセス,1,1,chiba-shushoku-2025,情報通信業
chiba,chiba-eng,2025,日本プロセス,1,1,chiba-shushoku-2025,情報通信業
chiba,chiba-intl,2025,日本総合システム,1,1,chiba-shushoku-2025,情報通信業
chiba,chiba-lpe,2025,日本総合研究所,1,1,chiba-shushoku-2025,情報通信業
chiba,chiba-edu,2025,日本総合研究所,1,1,chiba-shushoku-2025,情報通信業
chiba,chiba-eng,2025,日本総合研究所,1,1,chiba-shushoku-2025,情報通信業
chiba,chiba-intl,2025,日本電気,1,1,chiba-shushoku-2025,情報通信業
chiba,chiba-letters,2025,日本電気,1,1,chiba-shushoku-2025,情報通信業
chiba,chiba-lpe,2025,日本電気,1,1,chiba-shushoku-2025,情報通信業
chiba,chiba-hort,2025,日本電気,1,1,chiba-shushoku-2025,情報通信業
chiba,chiba-lpe,2025,日立システムズ,2,1,chiba-shushoku-2025,情報通信業
chiba,chiba-eng,2025,日立システムズフィールドサービス,1,1,chiba-shushoku-2025,情報通信業
chiba,chiba-hort,2025,日立ソリューションズ,1,1,chiba-shushoku-2025,情報通信業
chiba,chiba-hort,2025,日立ソリューションズ・クリエイト,1,1,chiba-shushoku-2025,情報通信業
chiba,chiba-eng,2025,日立産業制御ソリューションズ,1,1,chiba-shushoku-2025,情報通信業
chiba,chiba-letters,2025,農中情報システム,1,1,chiba-shushoku-2025,情報通信業
chiba,chiba-lpe,2025,農中情報システム,1,1,chiba-shushoku-2025,情報通信業
chiba,chiba-edu,2025,農中情報システム,1,1,chiba-shushoku-2025,情報通信業
chiba,chiba-edu,2025,富士ソフト,1,1,chiba-shushoku-2025,情報通信業
chiba,chiba-letters,2025,富士フィルムビジネスイノベーションジャパン,1,1,chiba-shushoku-2025,情報通信業
chiba,chiba-pharm,2025,富士通,1,1,chiba-shushoku-2025,情報通信業
chiba,chiba-lpe,2025,福岡放送,1,1,chiba-shushoku-2025,情報通信業
chiba,chiba-edu,2025,文溪堂,1,1,chiba-shushoku-2025,情報通信業
chiba,chiba-letters,2025,北國新聞社,1,1,chiba-shushoku-2025,情報通信業
chiba,chiba-letters,2025,毎日新聞社,1,1,chiba-shushoku-2025,情報通信業
chiba,chiba-lpe,2025,輸出入・港湾関連情報処理センター,1,1,chiba-shushoku-2025,情報通信業
chiba,chiba-lpe,2025,（独）鉄道建設・運輸施設整備支援機構,1,1,chiba-shushoku-2025,運輸業、郵便業
chiba,chiba-sci,2025,ANAエアポートサービス,1,1,chiba-shushoku-2025,運輸業、郵便業
chiba,chiba-intl,2025,ANA成田エアポートサービス,1,1,chiba-shushoku-2025,運輸業、郵便業
chiba,chiba-edu,2025,Peach・Aviation,1,1,chiba-shushoku-2025,運輸業、郵便業
chiba,chiba-intl,2025,スカイマーク,1,1,chiba-shushoku-2025,運輸業、郵便業
chiba,chiba-lpe,2025,ファイズオペレーションズ,1,1,chiba-shushoku-2025,運輸業、郵便業
chiba,chiba-edu,2025,協和海運,1,1,chiba-shushoku-2025,運輸業、郵便業
chiba,chiba-eng,2025,近畿日本鉄道,1,1,chiba-shushoku-2025,運輸業、郵便業
chiba,chiba-intl,2025,成田国際空港,1,1,chiba-shushoku-2025,運輸業、郵便業
chiba,chiba-lpe,2025,西武鉄道,1,1,chiba-shushoku-2025,運輸業、郵便業
chiba,chiba-intl,2025,全日本空輸,3,1,chiba-shushoku-2025,運輸業、郵便業
chiba,chiba-edu,2025,全日本空輸,1,1,chiba-shushoku-2025,運輸業、郵便業
chiba,chiba-sci,2025,全日本空輸,1,1,chiba-shushoku-2025,運輸業、郵便業
chiba,chiba-lpe,2025,相模鉄道,1,1,chiba-shushoku-2025,運輸業、郵便業
chiba,chiba-edu,2025,多摩運送,1,1,chiba-shushoku-2025,運輸業、郵便業
chiba,chiba-lpe,2025,東海旅客鉄道,1,1,chiba-shushoku-2025,運輸業、郵便業
chiba,chiba-letters,2025,東日本旅客鉄道,1,1,chiba-shushoku-2025,運輸業、郵便業
chiba,chiba-intl,2025,日通ＮＥＣロジスティクス,1,1,chiba-shushoku-2025,運輸業、郵便業
chiba,chiba-intl,2025,日本航空,1,1,chiba-shushoku-2025,運輸業、郵便業
chiba,chiba-eng,2025,日本航空,1,1,chiba-shushoku-2025,運輸業、郵便業
chiba,chiba-intl,2025,日本通運,1,1,chiba-shushoku-2025,運輸業、郵便業
chiba,chiba-lpe,2025,日本郵便,1,1,chiba-shushoku-2025,運輸業、郵便業
chiba,chiba-lpe,2025,GSIクレオス,1,1,chiba-shushoku-2025,卸売業、小売業
chiba,chiba-eng,2025,IDOM,1,1,chiba-shushoku-2025,卸売業、小売業
chiba,chiba-eng,2025,JALUX,1,1,chiba-shushoku-2025,卸売業、小売業
chiba,chiba-lpe,2025,JFE商事,1,1,chiba-shushoku-2025,卸売業、小売業
chiba,chiba-pharm,2025,アインファーマシーズ,1,1,chiba-shushoku-2025,卸売業、小売業
chiba,chiba-pharm,2025,アインホールディングス,1,1,chiba-shushoku-2025,卸売業、小売業
chiba,chiba-letters,2025,アスクル,1,1,chiba-shushoku-2025,卸売業、小売業
chiba,chiba-letters,2025,アダストリア,1,1,chiba-shushoku-2025,卸売業、小売業
chiba,chiba-edu,2025,アダストリア,1,1,chiba-shushoku-2025,卸売業、小売業
chiba,chiba-hort,2025,アマゾンジャパン,1,1,chiba-shushoku-2025,卸売業、小売業
chiba,chiba-letters,2025,アルバース,1,1,chiba-shushoku-2025,卸売業、小売業
chiba,chiba-hort,2025,イオンリテール,1,1,chiba-shushoku-2025,卸売業、小売業
chiba,chiba-edu,2025,カインズ,1,1,chiba-shushoku-2025,卸売業、小売業
chiba,chiba-edu,2025,キヤノンシステムアンドサポート,1,1,chiba-shushoku-2025,卸売業、小売業
chiba,chiba-eng,2025,キヤノンマーケティングジャパン,2,1,chiba-shushoku-2025,卸売業、小売業
chiba,chiba-edu,2025,クスリのアオキ,1,1,chiba-shushoku-2025,卸売業、小売業
chiba,chiba-letters,2025,コープみらい,1,1,chiba-shushoku-2025,卸売業、小売業
chiba,chiba-edu,2025,コストコホールセールジャパン,1,1,chiba-shushoku-2025,卸売業、小売業
chiba,chiba-letters,2025,セブン－イレブン・ジャパン,1,1,chiba-shushoku-2025,卸売業、小売業
chiba,chiba-letters,2025,タカサ,1,1,chiba-shushoku-2025,卸売業、小売業
chiba,chiba-pharm,2025,タカサ,1,1,chiba-shushoku-2025,卸売業、小売業
chiba,chiba-hort,2025,トーホー,1,1,chiba-shushoku-2025,卸売業、小売業
chiba,chiba-edu,2025,ニトリ,1,1,chiba-shushoku-2025,卸売業、小売業
chiba,chiba-hort,2025,ニトリ,1,1,chiba-shushoku-2025,卸売業、小売業
chiba,chiba-intl,2025,ファーストリテイリング,1,1,chiba-shushoku-2025,卸売業、小売業
chiba,chiba-lpe,2025,ファーストリテイリング,1,1,chiba-shushoku-2025,卸売業、小売業
chiba,chiba-eng,2025,マクニカ,1,1,chiba-shushoku-2025,卸売業、小売業
chiba,chiba-letters,2025,マルエツ,1,1,chiba-shushoku-2025,卸売業、小売業
chiba,chiba-lpe,2025,マルショウ宇野澤,1,1,chiba-shushoku-2025,卸売業、小売業
chiba,chiba-lpe,2025,ミニストップ,1,1,chiba-shushoku-2025,卸売業、小売業
chiba,chiba-letters,2025,メタルワン,1,1,chiba-shushoku-2025,卸売業、小売業
chiba,chiba-letters,2025,ヤマエグループホールディングス,1,1,chiba-shushoku-2025,卸売業、小売業
chiba,chiba-letters,2025,やまと(きものやまと),1,1,chiba-shushoku-2025,卸売業、小売業
chiba,chiba-lpe,2025,伊藤忠リーテイルリンク,1,1,chiba-shushoku-2025,卸売業、小売業
chiba,chiba-intl,2025,伊藤忠商事,1,1,chiba-shushoku-2025,卸売業、小売業
chiba,chiba-edu,2025,伊藤忠食品,1,1,chiba-shushoku-2025,卸売業、小売業
chiba,chiba-lpe,2025,稲畑産業,1,1,chiba-shushoku-2025,卸売業、小売業
chiba,chiba-intl,2025,丸井グループ,1,1,chiba-shushoku-2025,卸売業、小売業
chiba,chiba-eng,2025,丸井グループ,1,1,chiba-shushoku-2025,卸売業、小売業
chiba,chiba-hort,2025,国分フレッシュ・フードトランス,1,1,chiba-shushoku-2025,卸売業、小売業
chiba,chiba-lpe,2025,三井物産,1,1,chiba-shushoku-2025,卸売業、小売業
chiba,chiba-intl,2025,三井物産流通グループ,1,1,chiba-shushoku-2025,卸売業、小売業
chiba,chiba-hort,2025,双日食料,1,1,chiba-shushoku-2025,卸売業、小売業
chiba,chiba-letters,2025,泰盛貿易,1,1,chiba-shushoku-2025,卸売業、小売業
chiba,chiba-hort,2025,東京青果,1,1,chiba-shushoku-2025,卸売業、小売業
chiba,chiba-letters,2025,日本紙パルプ商事,1,1,chiba-shushoku-2025,卸売業、小売業
chiba,chiba-edu,2025,郵便局物販サービス,1,1,chiba-shushoku-2025,卸売業、小売業
chiba,chiba-lpe,2025,良品計画,1,1,chiba-shushoku-2025,卸売業、小売業
chiba,chiba-edu,2025,良品計画,1,1,chiba-shushoku-2025,卸売業、小売業
chiba,chiba-lpe,2025,（独）住宅金融支援機構,1,1,chiba-shushoku-2025,金融業、保険業
chiba,chiba-intl,2025,4C's,1,1,chiba-shushoku-2025,金融業、保険業
chiba,chiba-intl,2025,JCB,1,1,chiba-shushoku-2025,金融業、保険業
chiba,chiba-lpe,2025,SBI新生銀行,1,1,chiba-shushoku-2025,金融業、保険業
chiba,chiba-lpe,2025,SMBC日興証券,1,1,chiba-shushoku-2025,金融業、保険業
chiba,chiba-edu,2025,SMBC日興証券,1,1,chiba-shushoku-2025,金融業、保険業
chiba,chiba-hort,2025,SOMPOひまわり生命,1,1,chiba-shushoku-2025,金融業、保険業
chiba,chiba-lpe,2025,あいおいニッセイ同和損害保険,1,1,chiba-shushoku-2025,金融業、保険業
chiba,chiba-intl,2025,アフラック生命保険,1,1,chiba-shushoku-2025,金融業、保険業
chiba,chiba-lpe,2025,イー・ギャランティ,1,1,chiba-shushoku-2025,金融業、保険業
chiba,chiba-lpe,2025,イオンフィナンシャルサービス,1,1,chiba-shushoku-2025,金融業、保険業
chiba,chiba-edu,2025,イオンフィナンシャルサービス,1,1,chiba-shushoku-2025,金融業、保険業
chiba,chiba-intl,2025,オリックス,1,1,chiba-shushoku-2025,金融業、保険業
chiba,chiba-lpe,2025,オリックス,1,1,chiba-shushoku-2025,金融業、保険業
chiba,chiba-sci,2025,かんぽ生命保険,1,1,chiba-shushoku-2025,金融業、保険業
chiba,chiba-lpe,2025,きらぼし銀行,1,1,chiba-shushoku-2025,金融業、保険業
chiba,chiba-lpe,2025,ジェーシービー,1,1,chiba-shushoku-2025,金融業、保険業
chiba,chiba-lpe,2025,フィンテックグローバル,1,1,chiba-shushoku-2025,金融業、保険業
chiba,chiba-lpe,2025,プルデンシャル生命,1,1,chiba-shushoku-2025,金融業、保険業
chiba,chiba-letters,2025,マルゲンインベストメント,1,1,chiba-shushoku-2025,金融業、保険業
chiba,chiba-edu,2025,みずほ銀行,1,1,chiba-shushoku-2025,金融業、保険業
chiba,chiba-edu,2025,みずほ証券,1,1,chiba-shushoku-2025,金融業、保険業
chiba,chiba-sci,2025,みずほ信託銀行,1,1,chiba-shushoku-2025,金融業、保険業
chiba,chiba-letters,2025,ゆうちょ銀行,1,1,chiba-shushoku-2025,金融業、保険業
chiba,chiba-lpe,2025,ゆうちょ銀行,3,1,chiba-shushoku-2025,金融業、保険業
chiba,chiba-hort,2025,ゆうちょ銀行,1,1,chiba-shushoku-2025,金融業、保険業
chiba,chiba-letters,2025,りそなカード,1,1,chiba-shushoku-2025,金融業、保険業
chiba,chiba-lpe,2025,りそな銀行,4,1,chiba-shushoku-2025,金融業、保険業
chiba,chiba-edu,2025,りそな銀行,1,1,chiba-shushoku-2025,金融業、保険業
chiba,chiba-lpe,2025,京葉銀行,4,1,chiba-shushoku-2025,金融業、保険業
chiba,chiba-sci,2025,共栄火災海上保険,1,1,chiba-shushoku-2025,金融業、保険業
chiba,chiba-lpe,2025,群馬銀行,1,1,chiba-shushoku-2025,金融業、保険業
chiba,chiba-lpe,2025,三井住友DSアセットマネジメント,1,1,chiba-shushoku-2025,金融業、保険業
chiba,chiba-eng,2025,三井住友カード,1,1,chiba-shushoku-2025,金融業、保険業
chiba,chiba-intl,2025,三井住友ファイナンス＆リース,1,1,chiba-shushoku-2025,金融業、保険業
chiba,chiba-lpe,2025,三井住友ファイナンス＆リース,1,1,chiba-shushoku-2025,金融業、保険業
chiba,chiba-lpe,2025,三井住友海上あいおい生命保険,1,1,chiba-shushoku-2025,金融業、保険業
chiba,chiba-letters,2025,三井住友海上火災保険,2,1,chiba-shushoku-2025,金融業、保険業
chiba,chiba-intl,2025,三井住友銀行,1,1,chiba-shushoku-2025,金融業、保険業
chiba,chiba-lpe,2025,三井住友銀行,1,1,chiba-shushoku-2025,金融業、保険業
chiba,chiba-letters,2025,三井住友信託銀行,1,1,chiba-shushoku-2025,金融業、保険業
chiba,chiba-lpe,2025,三井住友信託銀行,1,1,chiba-shushoku-2025,金融業、保険業
chiba,chiba-intl,2025,三菱UFJニコス,1,1,chiba-shushoku-2025,金融業、保険業
chiba,chiba-lpe,2025,三菱UFJモルガン・スタンレー証券,1,1,chiba-shushoku-2025,金融業、保険業
chiba,chiba-lpe,2025,三菱UFJ信託銀行,1,1,chiba-shushoku-2025,金融業、保険業
chiba,chiba-letters,2025,住友生命保険,1,1,chiba-shushoku-2025,金融業、保険業
chiba,chiba-hort,2025,商工中金,1,1,chiba-shushoku-2025,金融業、保険業
chiba,chiba-lpe,2025,西日本シティ銀行,1,1,chiba-shushoku-2025,金融業、保険業
chiba,chiba-lpe,2025,静岡銀行,1,1,chiba-shushoku-2025,金融業、保険業
chiba,chiba-lpe,2025,千葉興業銀行,1,1,chiba-shushoku-2025,金融業、保険業
chiba,chiba-intl,2025,千葉銀行,1,1,chiba-shushoku-2025,金融業、保険業
chiba,chiba-letters,2025,千葉銀行,2,1,chiba-shushoku-2025,金融業、保険業
chiba,chiba-lpe,2025,千葉銀行,10,1,chiba-shushoku-2025,金融業、保険業
chiba,chiba-edu,2025,千葉銀行,5,1,chiba-shushoku-2025,金融業、保険業
chiba,chiba-eng,2025,千葉銀行,1,1,chiba-shushoku-2025,金融業、保険業
chiba,chiba-letters,2025,足利銀行,1,1,chiba-shushoku-2025,金融業、保険業
chiba,chiba-lpe,2025,太陽生命,1,1,chiba-shushoku-2025,金融業、保険業
chiba,chiba-lpe,2025,大和アセットマネジメント,1,1,chiba-shushoku-2025,金融業、保険業
chiba,chiba-letters,2025,大和証券,1,1,chiba-shushoku-2025,金融業、保険業
chiba,chiba-lpe,2025,大和証券,3,1,chiba-shushoku-2025,金融業、保険業
chiba,chiba-edu,2025,大和証券,2,1,chiba-shushoku-2025,金融業、保険業
chiba,chiba-lpe,2025,中央労働金庫,1,1,chiba-shushoku-2025,金融業、保険業
chiba,chiba-lpe,2025,東京海上日動火災保険,1,1,chiba-shushoku-2025,金融業、保険業
chiba,chiba-edu,2025,東京海上日動火災保険,1,1,chiba-shushoku-2025,金融業、保険業
chiba,chiba-hort,2025,東京信用金庫,1,1,chiba-shushoku-2025,金融業、保険業
chiba,chiba-lpe,2025,東京短資,1,1,chiba-shushoku-2025,金融業、保険業
chiba,chiba-edu,2025,日本銀行,1,1,chiba-shushoku-2025,金融業、保険業
chiba,chiba-edu,2025,日本政策金融公庫,1,1,chiba-shushoku-2025,金融業、保険業
chiba,chiba-hort,2025,日本政策金融公庫,1,1,chiba-shushoku-2025,金融業、保険業
chiba,chiba-lpe,2025,日本生命保険,2,1,chiba-shushoku-2025,金融業、保険業
chiba,chiba-letters,2025,日本損害保険協会,1,1,chiba-shushoku-2025,金融業、保険業
chiba,chiba-lpe,2025,農林中央金庫,1,1,chiba-shushoku-2025,金融業、保険業
chiba,chiba-hort,2025,農林中央金庫,2,1,chiba-shushoku-2025,金融業、保険業
chiba,chiba-edu,2025,八十二長野銀行,1,1,chiba-shushoku-2025,金融業、保険業
chiba,chiba-lpe,2025,肥後銀行,1,1,chiba-shushoku-2025,金融業、保険業
chiba,chiba-lpe,2025,富国生命保険,1,1,chiba-shushoku-2025,金融業、保険業
chiba,chiba-sci,2025,富国生命保険,1,1,chiba-shushoku-2025,金融業、保険業
chiba,chiba-lpe,2025,北陸銀行,2,1,chiba-shushoku-2025,金融業、保険業
chiba,chiba-intl,2025,野村證券,1,1,chiba-shushoku-2025,金融業、保険業
chiba,chiba-hort,2025,TKC,1,1,chiba-shushoku-2025,不動産業、物品賃貸業
chiba,chiba-lpe,2025,アセットプランニング,1,1,chiba-shushoku-2025,不動産業、物品賃貸業
chiba,chiba-letters,2025,アパルトマンエージェント,1,1,chiba-shushoku-2025,不動産業、物品賃貸業
chiba,chiba-edu,2025,ウィル,1,1,chiba-shushoku-2025,不動産業、物品賃貸業
chiba,chiba-intl,2025,エリアリンク,1,1,chiba-shushoku-2025,不動産業、物品賃貸業
chiba,chiba-lpe,2025,オープンハウスグループ,1,1,chiba-shushoku-2025,不動産業、物品賃貸業
chiba,chiba-hort,2025,オープンハウスグループ,1,1,chiba-shushoku-2025,不動産業、物品賃貸業
chiba,chiba-lpe,2025,ザイマックスグループ,1,1,chiba-shushoku-2025,不動産業、物品賃貸業
chiba,chiba-lpe,2025,シービーアールイー,1,1,chiba-shushoku-2025,不動産業、物品賃貸業
chiba,chiba-letters,2025,セキスイハイム不動産,1,1,chiba-shushoku-2025,不動産業、物品賃貸業
chiba,chiba-letters,2025,ナカジツ,1,1,chiba-shushoku-2025,不動産業、物品賃貸業
chiba,chiba-hort,2025,ハウスリンクマネジメント,1,1,chiba-shushoku-2025,不動産業、物品賃貸業
chiba,chiba-lpe,2025,ファミリーコーポレーション,1,1,chiba-shushoku-2025,不動産業、物品賃貸業
chiba,chiba-intl,2025,ミツウロコ,1,1,chiba-shushoku-2025,不動産業、物品賃貸業
chiba,chiba-letters,2025,楽天地,1,1,chiba-shushoku-2025,不動産業、物品賃貸業
chiba,chiba-hort,2025,丸紅都市開発,1,1,chiba-shushoku-2025,不動産業、物品賃貸業
chiba,chiba-eng,2025,阪急阪神不動産,1,1,chiba-shushoku-2025,不動産業、物品賃貸業
chiba,chiba-letters,2025,三井不動産,1,1,chiba-shushoku-2025,不動産業、物品賃貸業
chiba,chiba-intl,2025,三井不動産リアルティ,1,1,chiba-shushoku-2025,不動産業、物品賃貸業
chiba,chiba-letters,2025,三井不動産リアルティ,1,1,chiba-shushoku-2025,不動産業、物品賃貸業
chiba,chiba-lpe,2025,三井不動産リアルティ,2,1,chiba-shushoku-2025,不動産業、物品賃貸業
chiba,chiba-eng,2025,三井不動産レジデンシャル,1,1,chiba-shushoku-2025,不動産業、物品賃貸業
chiba,chiba-edu,2025,三菱地所プロパティマネジメント,1,1,chiba-shushoku-2025,不動産業、物品賃貸業
chiba,chiba-edu,2025,住友不動産,1,1,chiba-shushoku-2025,不動産業、物品賃貸業
chiba,chiba-edu,2025,積水ハウス,1,1,chiba-shushoku-2025,不動産業、物品賃貸業
chiba,chiba-lpe,2025,大東建託,2,1,chiba-shushoku-2025,不動産業、物品賃貸業
chiba,chiba-edu,2025,柘匠開発,2,1,chiba-shushoku-2025,不動産業、物品賃貸業
chiba,chiba-eng,2025,東急プロパティマネジメント,1,1,chiba-shushoku-2025,不動産業、物品賃貸業
chiba,chiba-letters,2025,東建コーポレーション,1,1,chiba-shushoku-2025,不動産業、物品賃貸業
chiba,chiba-hort,2025,東武不動産,1,1,chiba-shushoku-2025,不動産業、物品賃貸業
chiba,chiba-lpe,2025,芙蓉総合リース,1,1,chiba-shushoku-2025,不動産業、物品賃貸業
chiba,chiba-hort,2025,（独）農林水産消費安全技術センター,1,1,chiba-shushoku-2025,学術研究、専門・技術サービス業
chiba,chiba-lpe,2025,Ascent Business Consulting,1,1,chiba-shushoku-2025,学術研究、専門・技術サービス業
chiba,chiba-letters,2025,CUC,1,1,chiba-shushoku-2025,学術研究、専門・技術サービス業
chiba,chiba-hort,2025,EYストラテジー・アンド・コンサルティング,1,1,chiba-shushoku-2025,学術研究、専門・技術サービス業
chiba,chiba-eng,2025,GROWTH OCCASION,1,1,chiba-shushoku-2025,学術研究、専門・技術サービス業
chiba,chiba-lpe,2025,Hakuhodo DY ONE,1,1,chiba-shushoku-2025,学術研究、専門・技術サービス業
chiba,chiba-pharm,2025,IQVIAサービシーズジャパン合同会社,1,1,chiba-shushoku-2025,学術研究、専門・技術サービス業
chiba,chiba-lpe,2025,JR東日本マネジメントサービス,1,1,chiba-shushoku-2025,学術研究、専門・技術サービス業
chiba,chiba-eng,2025,JR東日本建築設計,1,1,chiba-shushoku-2025,学術研究、専門・技術サービス業
chiba,chiba-lpe,2025,M&A総合研究所,1,1,chiba-shushoku-2025,学術研究、専門・技術サービス業
chiba,chiba-edu,2025,PwC Japan,1,1,chiba-shushoku-2025,学術研究、専門・技術サービス業
chiba,chiba-lpe,2025,PwC Japan有限責任監査法人,3,1,chiba-shushoku-2025,学術研究、専門・技術サービス業
chiba,chiba-lpe,2025,PwCアドバイザリー,1,1,chiba-shushoku-2025,学術研究、専門・技術サービス業
chiba,chiba-nurs,2025,SBCメディカルグループ,1,1,chiba-shushoku-2025,学術研究、専門・技術サービス業
chiba,chiba-eng,2025,TORIHADA,1,1,chiba-shushoku-2025,学術研究、専門・技術サービス業
chiba,chiba-lpe,2025,X Capital,1,1,chiba-shushoku-2025,学術研究、専門・技術サービス業
chiba,chiba-hort,2025,YCP Holdings,1,1,chiba-shushoku-2025,学術研究、専門・技術サービス業
chiba,chiba-intl,2025,アクセンチュア,1,1,chiba-shushoku-2025,学術研究、専門・技術サービス業
chiba,chiba-lpe,2025,アクセンチュア,3,1,chiba-shushoku-2025,学術研究、専門・技術サービス業
chiba,chiba-hort,2025,アクセンチュア,2,1,chiba-shushoku-2025,学術研究、専門・技術サービス業
chiba,chiba-letters,2025,アチーブメント,1,1,chiba-shushoku-2025,学術研究、専門・技術サービス業
chiba,chiba-lpe,2025,アッドキャド,1,1,chiba-shushoku-2025,学術研究、専門・技術サービス業
chiba,chiba-lpe,2025,アビームコンサルティング,1,1,chiba-shushoku-2025,学術研究、専門・技術サービス業
chiba,chiba-edu,2025,アビームコンサルティング,1,1,chiba-shushoku-2025,学術研究、専門・技術サービス業
chiba,chiba-pharm,2025,アビームコンサルティング,1,1,chiba-shushoku-2025,学術研究、専門・技術サービス業
chiba,chiba-lpe,2025,アンダーソン・毛利・友常法律事務所外国法共同事業,2,1,chiba-shushoku-2025,学術研究、専門・技術サービス業
chiba,chiba-hort,2025,エイト日本技術開発,1,1,chiba-shushoku-2025,学術研究、専門・技術サービス業
chiba,chiba-eng,2025,グローバルプロデュース,1,1,chiba-shushoku-2025,学術研究、専門・技術サービス業
chiba,chiba-eng,2025,コアコンセプト・テクノロジー,1,1,chiba-shushoku-2025,学術研究、専門・技術サービス業
chiba,chiba-eng,2025,コンセント,1,1,chiba-shushoku-2025,学術研究、専門・技術サービス業
chiba,chiba-hort,2025,シグマクシス,1,1,chiba-shushoku-2025,学術研究、専門・技術サービス業
chiba,chiba-lpe,2025,シンプレクス・ホールディングス,1,1,chiba-shushoku-2025,学術研究、専門・技術サービス業
chiba,chiba-sci,2025,シンプレクス・ホールディングス,1,1,chiba-shushoku-2025,学術研究、専門・技術サービス業
chiba,chiba-eng,2025,シンプレクス・ホールディングス,2,1,chiba-shushoku-2025,学術研究、専門・技術サービス業
chiba,chiba-lpe,2025,タナベコンサルティング,1,1,chiba-shushoku-2025,学術研究、専門・技術サービス業
chiba,chiba-hort,2025,ディーバ,1,1,chiba-shushoku-2025,学術研究、専門・技術サービス業
chiba,chiba-lpe,2025,デロイトトーマツコンサルティング,1,1,chiba-shushoku-2025,学術研究、専門・技術サービス業
chiba,chiba-hort,2025,デロイトトーマツファイナンシャルアドバイザリー,1,1,chiba-shushoku-2025,学術研究、専門・技術サービス業
chiba,chiba-lpe,2025,ニアメロ,1,1,chiba-shushoku-2025,学術研究、専門・技術サービス業
chiba,chiba-edu,2025,パーソルワークスイッチコンサルティング,1,1,chiba-shushoku-2025,学術研究、専門・技術サービス業
chiba,chiba-eng,2025,ビジョン・コンサルティング,1,1,chiba-shushoku-2025,学術研究、専門・技術サービス業
chiba,chiba-letters,2025,ベイカレント,1,1,chiba-shushoku-2025,学術研究、専門・技術サービス業
chiba,chiba-lpe,2025,ベイカレント,1,1,chiba-shushoku-2025,学術研究、専門・技術サービス業
chiba,chiba-lpe,2025,ベイカレント・コンサルティング,1,1,chiba-shushoku-2025,学術研究、専門・技術サービス業
chiba,chiba-sci,2025,ベイカレント・コンサルティング,2,1,chiba-shushoku-2025,学術研究、専門・技術サービス業
chiba,chiba-eng,2025,ベイカレント・コンサルティング,1,1,chiba-shushoku-2025,学術研究、専門・技術サービス業
chiba,chiba-lpe,2025,マネジメントソリューションズ,1,1,chiba-shushoku-2025,学術研究、専門・技術サービス業
chiba,chiba-hort,2025,マネジメントソリューションズ,1,1,chiba-shushoku-2025,学術研究、専門・技術サービス業
chiba,chiba-hort,2025,レイスグループ,1,1,chiba-shushoku-2025,学術研究、専門・技術サービス業
chiba,chiba-lpe,2025,レイノス,1,1,chiba-shushoku-2025,学術研究、専門・技術サービス業
chiba,chiba-lpe,2025,ワンストップHOP,1,1,chiba-shushoku-2025,学術研究、専門・技術サービス業
chiba,chiba-lpe,2025,伊藤忠フィナンシャルマネジメント,1,1,chiba-shushoku-2025,学術研究、専門・技術サービス業
chiba,chiba-hort,2025,吉永ファーム,1,1,chiba-shushoku-2025,学術研究、専門・技術サービス業
chiba,chiba-edu,2025,広美,1,1,chiba-shushoku-2025,学術研究、専門・技術サービス業
chiba,chiba-lpe,2025,合同会社デロイトトーマツ,1,1,chiba-shushoku-2025,学術研究、専門・技術サービス業
chiba,chiba-hort,2025,佐藤総合計画,1,1,chiba-shushoku-2025,学術研究、専門・技術サービス業
chiba,chiba-hort,2025,四門,1,1,chiba-shushoku-2025,学術研究、専門・技術サービス業
chiba,chiba-letters,2025,生活品質科学研究所,1,1,chiba-shushoku-2025,学術研究、専門・技術サービス業
chiba,chiba-lpe,2025,税理士法人クオリティ・ワン,1,1,chiba-shushoku-2025,学術研究、専門・技術サービス業
chiba,chiba-lpe,2025,電通名鉄コミュニケーションズ,1,1,chiba-shushoku-2025,学術研究、専門・技術サービス業
chiba,chiba-eng,2025,東芝ナノアナリシス,1,1,chiba-shushoku-2025,学術研究、専門・技術サービス業
chiba,chiba-lpe,2025,日本経済社,1,1,chiba-shushoku-2025,学術研究、専門・技術サービス業
chiba,chiba-hort,2025,農業・食品産業技術総合研究機構,1,1,chiba-shushoku-2025,学術研究、専門・技術サービス業
chiba,chiba-lpe,2025,北海道鑑定,1,1,chiba-shushoku-2025,学術研究、専門・技術サービス業
chiba,chiba-letters,2025,味の素コミュニケーションズ,1,1,chiba-shushoku-2025,学術研究、専門・技術サービス業
chiba,chiba-lpe,2025,野村総合研究所,3,1,chiba-shushoku-2025,学術研究、専門・技術サービス業
chiba,chiba-lpe,2025,有限責任あずさ監査法人,2,1,chiba-shushoku-2025,学術研究、専門・技術サービス業
chiba,chiba-lpe,2025,有限責任監査法人トーマツ,1,1,chiba-shushoku-2025,学術研究、専門・技術サービス業
chiba,chiba-intl,2025,理化学研究所,1,1,chiba-shushoku-2025,学術研究、専門・技術サービス業
chiba,chiba-edu,2025,Dダイニング,1,1,chiba-shushoku-2025,宿泊業、飲食サービス業
chiba,chiba-intl,2025,アークランドサービスホールディングス,1,1,chiba-shushoku-2025,宿泊業、飲食サービス業
chiba,chiba-eng,2025,すかいらーく,1,1,chiba-shushoku-2025,宿泊業、飲食サービス業
chiba,chiba-intl,2025,ブライトンコーポレーション,1,1,chiba-shushoku-2025,宿泊業、飲食サービス業
chiba,chiba-edu,2025,ホロニック,1,1,chiba-shushoku-2025,宿泊業、飲食サービス業
chiba,chiba-nurs,2025,ミリアルリゾートホテルズ,1,1,chiba-shushoku-2025,宿泊業、飲食サービス業
chiba,chiba-edu,2025,街と山,1,1,chiba-shushoku-2025,宿泊業、飲食サービス業
chiba,chiba-intl,2025,帝国ホテル,1,1,chiba-shushoku-2025,宿泊業、飲食サービス業
chiba,chiba-pharm,2025,日本マクドナルド,1,1,chiba-shushoku-2025,宿泊業、飲食サービス業
chiba,chiba-letters,2025,木暮旅館,1,1,chiba-shushoku-2025,宿泊業、飲食サービス業
chiba,chiba-edu,2025,JALPAK,1,1,chiba-shushoku-2025,生活関連サービス業、娯楽業
chiba,chiba-letters,2025,JTBグローバルマーケティング＆トラベル,1,1,chiba-shushoku-2025,生活関連サービス業、娯楽業
chiba,chiba-eng,2025,yue,1,1,chiba-shushoku-2025,生活関連サービス業、娯楽業
chiba,chiba-lpe,2025,エスティーワールド,1,1,chiba-shushoku-2025,生活関連サービス業、娯楽業
chiba,chiba-lpe,2025,クリーンスペース,1,1,chiba-shushoku-2025,生活関連サービス業、娯楽業
chiba,chiba-sci,2025,シン・リゾート,1,1,chiba-shushoku-2025,生活関連サービス業、娯楽業
chiba,chiba-intl,2025,シンクジャム,1,1,chiba-shushoku-2025,生活関連サービス業、娯楽業
chiba,chiba-edu,2025,フイットベイト,1,1,chiba-shushoku-2025,生活関連サービス業、娯楽業
chiba,chiba-lpe,2025,ヤング・コミュニケーション,1,1,chiba-shushoku-2025,生活関連サービス業、娯楽業
chiba,chiba-sci,2025,共立,1,1,chiba-shushoku-2025,生活関連サービス業、娯楽業
chiba,chiba-letters,2025,長治観光,1,1,chiba-shushoku-2025,生活関連サービス業、娯楽業
chiba,chiba-edu,2025,（国）お茶の水女子大学,1,1,chiba-shushoku-2025,教育、学習支援業
chiba,chiba-letters,2025,（国）千葉大学,3,1,chiba-shushoku-2025,教育、学習支援業
chiba,chiba-edu,2025,（国）千葉大学,1,1,chiba-shushoku-2025,教育、学習支援業
chiba,chiba-intl,2025,（国）東京大学,1,1,chiba-shushoku-2025,教育、学習支援業
chiba,chiba-letters,2025,（国）東京農工大学,1,1,chiba-shushoku-2025,教育、学習支援業
chiba,chiba-edu,2025,（独）木更津工業高等専門学校,1,1,chiba-shushoku-2025,教育、学習支援業
chiba,chiba-edu,2025,EDUCOM,1,1,chiba-shushoku-2025,教育、学習支援業
chiba,chiba-eng,2025,NextAtlas（マナVIVA）,1,1,chiba-shushoku-2025,教育、学習支援業
chiba,chiba-eng,2025,SPRIX,1,1,chiba-shushoku-2025,教育、学習支援業
chiba,chiba-lpe,2025,イー・エス・ティ,1,1,chiba-shushoku-2025,教育、学習支援業
chiba,chiba-edu,2025,うすい学園,1,1,chiba-shushoku-2025,教育、学習支援業
chiba,chiba-lpe,2025,さなる,1,1,chiba-shushoku-2025,教育、学習支援業
chiba,chiba-edu,2025,トレンディワールド,1,1,chiba-shushoku-2025,教育、学習支援業
chiba,chiba-edu,2025,ナガセ,1,1,chiba-shushoku-2025,教育、学習支援業
chiba,chiba-eng,2025,ナガセ,1,1,chiba-shushoku-2025,教育、学習支援業
chiba,chiba-edu,2025,プロケア,1,1,chiba-shushoku-2025,教育、学習支援業
chiba,chiba-eng,2025,教育情報パートナーズ,1,1,chiba-shushoku-2025,教育、学習支援業
chiba,chiba-letters,2025,東京個別指導学院,1,1,chiba-shushoku-2025,教育、学習支援業
chiba,chiba-letters,2025,東京都（公）,1,1,chiba-shushoku-2025,教育、学習支援業
chiba,chiba-lpe,2025,東邦大学,1,1,chiba-shushoku-2025,教育、学習支援業
chiba,chiba-intl,2025,日本大学,1,1,chiba-shushoku-2025,教育、学習支援業
chiba,chiba-edu,2025,品川区立伊藤学園,1,1,chiba-shushoku-2025,教育、学習支援業
chiba,chiba-edu,2025,武蔵野大学附属有明こども園,1,1,chiba-shushoku-2025,教育、学習支援業
chiba,chiba-eng,2025,臨海,1,1,chiba-shushoku-2025,教育、学習支援業
chiba,chiba-nurs,2025,（公）横浜市立大学附属病院,3,1,chiba-shushoku-2025,医療、福祉
chiba,chiba-med,2025,（国）新潟大学医歯学総合病院,1,1,chiba-shushoku-2025,医療、福祉
chiba,chiba-med,2025,（国）千葉大学医学部附属病院,4,1,chiba-shushoku-2025,医療、福祉
chiba,chiba-pharm,2025,（国）千葉大学医学部附属病院,1,1,chiba-shushoku-2025,医療、福祉
chiba,chiba-nurs,2025,（国）千葉大学医学部附属病院,15,1,chiba-shushoku-2025,医療、福祉
chiba,chiba-nurs,2025,（国）東京科学大学病院,4,1,chiba-shushoku-2025,医療、福祉
chiba,chiba-nurs,2025,（国）東京大学医学部附属病院,6,1,chiba-shushoku-2025,医療、福祉
chiba,chiba-pharm,2025,（独）医薬品医療機器総合機構,2,1,chiba-shushoku-2025,医療、福祉
chiba,chiba-med,2025,（独）国立病院機構埼玉病院,1,1,chiba-shushoku-2025,医療、福祉
chiba,chiba-nurs,2025,（独）国立病院機構水戸医療センター,1,1,chiba-shushoku-2025,医療、福祉
chiba,chiba-med,2025,（独）国立病院機構千葉医療センター,2,1,chiba-shushoku-2025,医療、福祉
chiba,chiba-med,2025,（独）国立病院機構東京医療センター,1,1,chiba-shushoku-2025,医療、福祉
chiba,chiba-med,2025,（独）地域医療機能推進機構船橋中央病院,3,1,chiba-shushoku-2025,医療、福祉
chiba,chiba-nurs,2025,（独）地域医療機能推進機構船橋中央病院,1,1,chiba-shushoku-2025,医療、福祉
chiba,chiba-med,2025,（独）労働者健康安全機構千葉労災病院,3,1,chiba-shushoku-2025,医療、福祉
chiba,chiba-pharm,2025,LSIメディエンス,1,1,chiba-shushoku-2025,医療、福祉
chiba,chiba-med,2025,NTT東日本関東病院,1,1,chiba-shushoku-2025,医療、福祉
chiba,chiba-nurs,2025,NTT東日本関東病院,1,1,chiba-shushoku-2025,医療、福祉
chiba,chiba-letters,2025,SOMPOケア,1,1,chiba-shushoku-2025,医療、福祉
chiba,chiba-letters,2025,アズパートナーズ,1,1,chiba-shushoku-2025,医療、福祉
chiba,chiba-nurs,2025,がん研究会有明病院,2,1,chiba-shushoku-2025,医療、福祉
chiba,chiba-pharm,2025,クオール,2,1,chiba-shushoku-2025,医療、福祉
chiba,chiba-letters,2025,ケアリッツ・アンド・パートナーズ,1,1,chiba-shushoku-2025,医療、福祉
chiba,chiba-med,2025,さいたま市立病院,1,1,chiba-shushoku-2025,医療、福祉
chiba,chiba-pharm,2025,さいたま赤十字病院,1,1,chiba-shushoku-2025,医療、福祉
chiba,chiba-edu,2025,スイカキッズクリニック,1,1,chiba-shushoku-2025,医療、福祉
chiba,chiba-letters,2025,ドットライン,1,1,chiba-shushoku-2025,医療、福祉
chiba,chiba-edu,2025,ドットライン,1,1,chiba-shushoku-2025,医療、福祉
chiba,chiba-eng,2025,ベネッセスタイルケア,1,1,chiba-shushoku-2025,医療、福祉
chiba,chiba-med,2025,ライフ・エクステンション研究所付属永寿総合病院,1,1,chiba-shushoku-2025,医療、福祉
chiba,chiba-edu,2025,レイモンド鳥越保育園,1,1,chiba-shushoku-2025,医療、福祉
chiba,chiba-med,2025,越谷市立病院,1,1,chiba-shushoku-2025,医療、福祉
chiba,chiba-med,2025,横浜労災病院,1,1,chiba-shushoku-2025,医療、福祉
chiba,chiba-med,2025,沖縄県立中部病院,2,1,chiba-shushoku-2025,医療、福祉
chiba,chiba-med,2025,河北総合病院,1,1,chiba-shushoku-2025,医療、福祉
chiba,chiba-letters,2025,救世軍世光寮,1,1,chiba-shushoku-2025,医療、福祉
chiba,chiba-edu,2025,駒沢わこう保育園,1,1,chiba-shushoku-2025,医療、福祉
chiba,chiba-nurs,2025,慶應義塾大学病院,1,1,chiba-shushoku-2025,医療、福祉
chiba,chiba-med,2025,公立昭和病院,1,1,chiba-shushoku-2025,医療、福祉
chiba,chiba-med,2025,行徳総合病院,1,1,chiba-shushoku-2025,医療、福祉
chiba,chiba-med,2025,国家公務員共済組合連合会虎の門病院,2,1,chiba-shushoku-2025,医療、福祉
chiba,chiba-pharm,2025,国家公務員共済組合連合会虎の門病院,1,1,chiba-shushoku-2025,医療、福祉
chiba,chiba-nurs,2025,国家公務員共済組合連合会虎の門病院,2,1,chiba-shushoku-2025,医療、福祉
chiba,chiba-nurs,2025,国際医療福祉大学成田病院,1,1,chiba-shushoku-2025,医療、福祉
chiba,chiba-med,2025,国保直営総合病院君津中央病院,8,1,chiba-shushoku-2025,医療、福祉
chiba,chiba-pharm,2025,国立がん研究センター中央病院,1,1,chiba-shushoku-2025,医療、福祉
chiba,chiba-nurs,2025,国立がん研究センター中央病院,2,1,chiba-shushoku-2025,医療、福祉
chiba,chiba-pharm,2025,国立がん研究センター東病院,1,1,chiba-shushoku-2025,医療、福祉
chiba,chiba-pharm,2025,国立健康危機管理研究機構,1,1,chiba-shushoku-2025,医療、福祉
chiba,chiba-med,2025,国立健康危機管理研究機構国立国際医療センター,4,1,chiba-shushoku-2025,医療、福祉
chiba,chiba-med,2025,国立健康危機管理研究機構国立国府台医療センター,1,1,chiba-shushoku-2025,医療、福祉
chiba,chiba-nurs,2025,国立成育医療研究センター,1,1,chiba-shushoku-2025,医療、福祉
chiba,chiba-med,2025,財団互恵会大船中央病院,1,1,chiba-shushoku-2025,医療、福祉
chiba,chiba-med,2025,三井記念病院,1,1,chiba-shushoku-2025,医療、福祉
chiba,chiba-pharm,2025,三井記念病院,1,1,chiba-shushoku-2025,医療、福祉
chiba,chiba-edu,2025,三島市公立保育園,1,1,chiba-shushoku-2025,医療、福祉
chiba,chiba-nurs,2025,賛育会病院,1,1,chiba-shushoku-2025,医療、福祉
chiba,chiba-med,2025,自警会東京警察病院,1,1,chiba-shushoku-2025,医療、福祉
chiba,chiba-lpe,2025,社会福祉法人三幸福祉会,1,1,chiba-shushoku-2025,医療、福祉
chiba,chiba-lpe,2025,昌健会,1,1,chiba-shushoku-2025,医療、福祉
chiba,chiba-med,2025,松戸市立総合医療センター,6,1,chiba-shushoku-2025,医療、福祉
chiba,chiba-med,2025,松波総合病院,1,1,chiba-shushoku-2025,医療、福祉
chiba,chiba-med,2025,沼津市立病院,1,1,chiba-shushoku-2025,医療、福祉
chiba,chiba-pharm,2025,湘南鎌倉総合病院,1,1,chiba-shushoku-2025,医療、福祉
chiba,chiba-edu,2025,新潟市公立保育所,1,1,chiba-shushoku-2025,医療、福祉
chiba,chiba-nurs,2025,新百合ヶ丘総合病院,1,1,chiba-shushoku-2025,医療、福祉
chiba,chiba-nurs,2025,神奈川県立病院機構神奈川県立こども医療センター,1,1,chiba-shushoku-2025,医療、福祉
chiba,chiba-med,2025,成田赤十字病院,10,1,chiba-shushoku-2025,医療、福祉
chiba,chiba-nurs,2025,成田赤十字病院,2,1,chiba-shushoku-2025,医療、福祉
chiba,chiba-med,2025,聖路加国際病院,1,1,chiba-shushoku-2025,医療、福祉
chiba,chiba-nurs,2025,静岡県,1,1,chiba-shushoku-2025,医療、福祉
chiba,chiba-edu,2025,千葉県,1,1,chiba-shushoku-2025,医療、福祉
chiba,chiba-med,2025,千葉県済生会習志野病院,4,1,chiba-shushoku-2025,医療、福祉
chiba,chiba-nurs,2025,千葉県千葉リハビリテーションセンター,1,1,chiba-shushoku-2025,医療、福祉
chiba,chiba-nurs,2025,千葉県総合救急災害医療センター,2,1,chiba-shushoku-2025,医療、福祉
chiba,chiba-nurs,2025,千葉市,3,1,chiba-shushoku-2025,医療、福祉
chiba,chiba-edu,2025,千葉市社会福祉協議会,1,1,chiba-shushoku-2025,医療、福祉
chiba,chiba-med,2025,千葉市立海浜病院,2,1,chiba-shushoku-2025,医療、福祉
chiba,chiba-med,2025,千葉市立青葉病院,6,1,chiba-shushoku-2025,医療、福祉
chiba,chiba-med,2025,川口市立医療センター,2,1,chiba-shushoku-2025,医療、福祉
chiba,chiba-med,2025,川崎市立川崎病院,1,1,chiba-shushoku-2025,医療、福祉
chiba,chiba-nurs,2025,船橋市,1,1,chiba-shushoku-2025,医療、福祉
chiba,chiba-edu,2025,船橋市公立保育所,1,1,chiba-shushoku-2025,医療、福祉
chiba,chiba-med,2025,船橋市立医療センター,3,1,chiba-shushoku-2025,医療、福祉
chiba,chiba-med,2025,前橋赤十字病院,1,1,chiba-shushoku-2025,医療、福祉
chiba,chiba-med,2025,総合病院国保旭中央病院,1,1,chiba-shushoku-2025,医療、福祉
chiba,chiba-med,2025,大阪府立病院機構大阪急性期・総合医療センター,1,1,chiba-shushoku-2025,医療、福祉
chiba,chiba-pharm,2025,帝京大学医学部附属病院,1,1,chiba-shushoku-2025,医療、福祉
chiba,chiba-nurs,2025,東京かつしか赤十字母子医療センター,2,1,chiba-shushoku-2025,医療、福祉
chiba,chiba-nurs,2025,東京医科大学病院,1,1,chiba-shushoku-2025,医療、福祉
chiba,chiba-nurs,2025,東京歯科大学市川総合病院,1,1,chiba-shushoku-2025,医療、福祉
chiba,chiba-med,2025,東京慈恵会医科大学附属柏病院,2,1,chiba-shushoku-2025,医療、福祉
chiba,chiba-med,2025,東京慈恵会医科大学附属病院,1,1,chiba-shushoku-2025,医療、福祉
chiba,chiba-nurs,2025,東京女子医科大学病院,1,1,chiba-shushoku-2025,医療、福祉
chiba,chiba-med,2025,東京女子医大八千代医療センター,1,1,chiba-shushoku-2025,医療、福祉
chiba,chiba-med,2025,東京逓信病院,1,1,chiba-shushoku-2025,医療、福祉
chiba,chiba-med,2025,東京都医療保健協会練馬総合病院,1,1,chiba-shushoku-2025,医療、福祉
chiba,chiba-med,2025,東京都済生会中央病院,1,1,chiba-shushoku-2025,医療、福祉
chiba,chiba-nurs,2025,東京都立病院機構東京都立荏原病院,1,1,chiba-shushoku-2025,医療、福祉
chiba,chiba-med,2025,東京都立病院機構東京都立駒込病院,2,1,chiba-shushoku-2025,医療、福祉
chiba,chiba-med,2025,東京都立病院機構東京都立広尾病院,1,1,chiba-shushoku-2025,医療、福祉
chiba,chiba-nurs,2025,東京都立病院機構東京都立広尾病院,1,1,chiba-shushoku-2025,医療、福祉
chiba,chiba-med,2025,東京都立病院機構東京都立墨東病院,2,1,chiba-shushoku-2025,医療、福祉
chiba,chiba-nurs,2025,東京都立病院機構東京都立墨東病院,1,1,chiba-shushoku-2025,医療、福祉
chiba,chiba-med,2025,東京北医療センター,1,1,chiba-shushoku-2025,医療、福祉
chiba,chiba-med,2025,東金九十九里地域医療センター東千葉メディカルセンター,3,1,chiba-shushoku-2025,医療、福祉
chiba,chiba-nurs,2025,東邦大学医療センター大橋病院,2,1,chiba-shushoku-2025,医療、福祉
chiba,chiba-pharm,2025,栃木保健協働,1,1,chiba-shushoku-2025,医療、福祉
chiba,chiba-med,2025,日産厚生会玉川病院,1,1,chiba-shushoku-2025,医療、福祉
chiba,chiba-nurs,2025,日本医科大学千葉北総病院,2,1,chiba-shushoku-2025,医療、福祉
chiba,chiba-med,2025,日本赤十字社医療センター,1,1,chiba-shushoku-2025,医療、福祉
chiba,chiba-pharm,2025,日本調剤,13,1,chiba-shushoku-2025,医療、福祉
chiba,chiba-letters,2025,日本年金機構,1,1,chiba-shushoku-2025,医療、福祉
chiba,chiba-edu,2025,日本年金機構,1,1,chiba-shushoku-2025,医療、福祉
chiba,chiba-nurs,2025,柏市,1,1,chiba-shushoku-2025,医療、福祉
chiba,chiba-med,2025,八戸市立市民病院,1,1,chiba-shushoku-2025,医療、福祉
chiba,chiba-nurs,2025,板橋中央総合病院,1,1,chiba-shushoku-2025,医療、福祉
chiba,chiba-nurs,2025,飯山市,1,1,chiba-shushoku-2025,医療、福祉
chiba,chiba-med,2025,武蔵野赤十字病院,2,1,chiba-shushoku-2025,医療、福祉
chiba,chiba-edu,2025,風の丘めぐみ保育園,1,1,chiba-shushoku-2025,医療、福祉
chiba,chiba-nurs,2025,福岡山王病院,1,1,chiba-shushoku-2025,医療、福祉
chiba,chiba-nurs,2025,兵庫県立こども病院,1,1,chiba-shushoku-2025,医療、福祉
chiba,chiba-med,2025,名古屋徳洲会総合病院,1,1,chiba-shushoku-2025,医療、福祉
chiba,chiba-nurs,2025,龍ケ崎市,1,1,chiba-shushoku-2025,医療、福祉
chiba,chiba-hort,2025,ホクレン農業協同組合連合会,1,1,chiba-shushoku-2025,複合サービス事業
chiba,chiba-letters,2025,全国農業協同組合連合会,1,1,chiba-shushoku-2025,複合サービス事業
chiba,chiba-hort,2025,全国農業協同組合連合会,3,1,chiba-shushoku-2025,複合サービス事業
chiba,chiba-letters,2025,全国農業協同組合連合会 千葉県本部,1,1,chiba-shushoku-2025,複合サービス事業
chiba,chiba-pharm,2025,（独）医薬品医療機器総合機構,1,1,chiba-shushoku-2025,サービス業（他に分類されないもの）
chiba,chiba-letters,2025,（独）日本学術振興会,1,1,chiba-shushoku-2025,サービス業（他に分類されないもの）
chiba,chiba-letters,2025,ALSOK,1,1,chiba-shushoku-2025,サービス業（他に分類されないもの）
chiba,chiba-lpe,2025,ALSOK,2,1,chiba-shushoku-2025,サービス業（他に分類されないもの）
chiba,chiba-lpe,2025,BREXA Holdings,1,1,chiba-shushoku-2025,サービス業（他に分類されないもの）
chiba,chiba-intl,2025,BREXA Technology,1,1,chiba-shushoku-2025,サービス業（他に分類されないもの）
chiba,chiba-sci,2025,BREXA Technology,1,1,chiba-shushoku-2025,サービス業（他に分類されないもの）
chiba,chiba-eng,2025,Cloud Link Group,1,1,chiba-shushoku-2025,サービス業（他に分類されないもの）
chiba,chiba-lpe,2025,DPT,1,1,chiba-shushoku-2025,サービス業（他に分類されないもの）
chiba,chiba-letters,2025,JR東日本ビルテック,1,1,chiba-shushoku-2025,サービス業（他に分類されないもの）
chiba,chiba-lpe,2025,MSK,1,1,chiba-shushoku-2025,サービス業（他に分類されないもの）
chiba,chiba-edu,2025,SPGホールマン,2,1,chiba-shushoku-2025,サービス業（他に分類されないもの）
chiba,chiba-eng,2025,アルプス技研,1,1,chiba-shushoku-2025,サービス業（他に分類されないもの）
chiba,chiba-letters,2025,インソース,1,1,chiba-shushoku-2025,サービス業（他に分類されないもの）
chiba,chiba-intl,2025,エムスリーキャリア,2,1,chiba-shushoku-2025,サービス業（他に分類されないもの）
chiba,chiba-intl,2025,エン,1,1,chiba-shushoku-2025,サービス業（他に分類されないもの）
chiba,chiba-intl,2025,オープンアップコンストラクション,1,1,chiba-shushoku-2025,サービス業（他に分類されないもの）
chiba,chiba-hort,2025,オープンアップコンストラクション,1,1,chiba-shushoku-2025,サービス業（他に分類されないもの）
chiba,chiba-sci,2025,ギブクリエーション,1,1,chiba-shushoku-2025,サービス業（他に分類されないもの）
chiba,chiba-edu,2025,クイック,2,1,chiba-shushoku-2025,サービス業（他に分類されないもの）
chiba,chiba-eng,2025,クオレガ,1,1,chiba-shushoku-2025,サービス業（他に分類されないもの）
chiba,chiba-lpe,2025,ジェイエイシーリクルートメント,1,1,chiba-shushoku-2025,サービス業（他に分類されないもの）
chiba,chiba-lpe,2025,セコム,1,1,chiba-shushoku-2025,サービス業（他に分類されないもの）
chiba,chiba-letters,2025,ツクイスタッフ,1,1,chiba-shushoku-2025,サービス業（他に分類されないもの）
chiba,chiba-sci,2025,パーソルクロステクノロジー,1,1,chiba-shushoku-2025,サービス業（他に分類されないもの）
chiba,chiba-eng,2025,パーソルクロステクノロジー,1,1,chiba-shushoku-2025,サービス業（他に分類されないもの）
chiba,chiba-lpe,2025,パソナグループ,1,1,chiba-shushoku-2025,サービス業（他に分類されないもの）
chiba,chiba-edu,2025,パソナグループ,2,1,chiba-shushoku-2025,サービス業（他に分類されないもの）
chiba,chiba-hort,2025,プレックス,1,1,chiba-shushoku-2025,サービス業（他に分類されないもの）
chiba,chiba-lpe,2025,マイナビ,1,1,chiba-shushoku-2025,サービス業（他に分類されないもの）
chiba,chiba-edu,2025,マイナビ,1,1,chiba-shushoku-2025,サービス業（他に分類されないもの）
chiba,chiba-sci,2025,マイナビEdge,1,1,chiba-shushoku-2025,サービス業（他に分類されないもの）
chiba,chiba-lpe,2025,ミイダス,1,1,chiba-shushoku-2025,サービス業（他に分類されないもの）
chiba,chiba-lpe,2025,メディカル・コンシェルジュ,1,1,chiba-shushoku-2025,サービス業（他に分類されないもの）
chiba,chiba-edu,2025,ラクスパートナーズ,1,1,chiba-shushoku-2025,サービス業（他に分類されないもの）
chiba,chiba-lpe,2025,ワールドインテック,1,1,chiba-shushoku-2025,サービス業（他に分類されないもの）
chiba,chiba-lpe,2025,日研トータルソーシング,2,1,chiba-shushoku-2025,サービス業（他に分類されないもの）
chiba,chiba-eng,2025,Leo Sophia Group,1,1,chiba-shushoku-2025,上記以外のもの
chiba,chiba-lpe,2025,ウィル,1,1,chiba-shushoku-2025,上記以外のもの
chiba,chiba-intl,2025,エイトハンドレッド,1,1,chiba-shushoku-2025,上記以外のもの
chiba,chiba-eng,2025,ストライク,1,1,chiba-shushoku-2025,上記以外のもの
chiba,chiba-lpe,2025,創源,1,1,chiba-shushoku-2025,上記以外のもの
chiba,chiba-edu,2025,アイリス,1,1,chiba-shushoku-2025,教員（私立）
chiba,chiba-edu,2025,ヒューマンキャンパスのぞみ高等学校茂原本校,1,1,chiba-shushoku-2025,教員（私立）
chiba,chiba-edu,2025,叡明高等学校,1,1,chiba-shushoku-2025,教員（私立）
chiba,chiba-edu,2025,横須賀学院中学校・高等学校（養護）,1,1,chiba-shushoku-2025,教員（私立）
chiba,chiba-edu,2025,昇陽高等学校,1,1,chiba-shushoku-2025,教員（私立）
chiba,chiba-edu,2025,星野高等学校,1,1,chiba-shushoku-2025,教員（私立）
chiba,chiba-edu,2025,八千代松陰学園,1,1,chiba-shushoku-2025,教員（私立）
chiba,chiba-edu,2025,浜松日体中学校・高等学校,1,1,chiba-shushoku-2025,教員（私立）
chiba,chiba-edu,2025,雙葉小学校,1,1,chiba-shushoku-2025,教員（私立）
chiba,chiba-edu,2025,（国）筑波大学附属聴覚特別支援学校,3,1,chiba-shushoku-2025,教員（大学等）
chiba,chiba-edu,2025,二松学舎大学附属柏中学校・高等学校,1,1,chiba-shushoku-2025,教員（大学等）
chiba,chiba-lpe,2025,こども家庭庁,1,1,chiba-shushoku-2025,公務員（国）
chiba,chiba-lpe,2025,さいたま地方検察庁,1,1,chiba-shushoku-2025,公務員（国）
chiba,chiba-lpe,2025,さいたま地方裁判所,1,1,chiba-shushoku-2025,公務員（国）
chiba,chiba-intl,2025,デジタル庁,1,1,chiba-shushoku-2025,公務員（国）
chiba,chiba-lpe,2025,デジタル庁,1,1,chiba-shushoku-2025,公務員（国）
chiba,chiba-edu,2025,家庭裁判所,1,1,chiba-shushoku-2025,公務員（国）
chiba,chiba-lpe,2025,会計検査院,1,1,chiba-shushoku-2025,公務員（国）
chiba,chiba-sci,2025,気象庁,1,1,chiba-shushoku-2025,公務員（国）
chiba,chiba-lpe,2025,経済産業省,2,1,chiba-shushoku-2025,公務員（国）
chiba,chiba-eng,2025,原子力規制庁,1,1,chiba-shushoku-2025,公務員（国）
chiba,chiba-lpe,2025,公安調査庁関東公安調査局,1,1,chiba-shushoku-2025,公務員（国）
chiba,chiba-lpe,2025,公正取引委員会,1,1,chiba-shushoku-2025,公務員（国）
chiba,chiba-lpe,2025,厚生労働省,2,1,chiba-shushoku-2025,公務員（国）
chiba,chiba-eng,2025,厚生労働省千葉労働基準監督署,1,1,chiba-shushoku-2025,公務員（国）
chiba,chiba-intl,2025,厚生労働省福島労働局,1,1,chiba-shushoku-2025,公務員（国）
chiba,chiba-lpe,2025,航空自衛隊,1,1,chiba-shushoku-2025,公務員（国）
chiba,chiba-lpe,2025,国税庁東京国税局,3,1,chiba-shushoku-2025,公務員（国）
chiba,chiba-lpe,2025,国土交通省,1,1,chiba-shushoku-2025,公務員（国）
chiba,chiba-hort,2025,国土交通省関東地方整備局,1,1,chiba-shushoku-2025,公務員（国）
chiba,chiba-lpe,2025,国土交通省中部地方整備局,1,1,chiba-shushoku-2025,公務員（国）
chiba,chiba-intl,2025,国土交通省東京航空局,1,1,chiba-shushoku-2025,公務員（国）
chiba,chiba-lpe,2025,国土交通省東京航空局,1,1,chiba-shushoku-2025,公務員（国）
chiba,chiba-lpe,2025,裁判所,2,1,chiba-shushoku-2025,公務員（国）
chiba,chiba-intl,2025,財務省,1,1,chiba-shushoku-2025,公務員（国）
chiba,chiba-letters,2025,参議院事務局,1,1,chiba-shushoku-2025,公務員（国）
chiba,chiba-lpe,2025,参議院事務局,1,1,chiba-shushoku-2025,公務員（国）
chiba,chiba-eng,2025,参議院事務局,1,1,chiba-shushoku-2025,公務員（国）
chiba,chiba-letters,2025,衆議院事務局,1,1,chiba-shushoku-2025,公務員（国）
chiba,chiba-lpe,2025,衆議院事務局,2,1,chiba-shushoku-2025,公務員（国）
chiba,chiba-lpe,2025,千葉地方検察庁,2,1,chiba-shushoku-2025,公務員（国）
chiba,chiba-lpe,2025,千葉地方裁判所・家庭裁判所,1,1,chiba-shushoku-2025,公務員（国）
chiba,chiba-letters,2025,千葉地方法務局,3,1,chiba-shushoku-2025,公務員（国）
chiba,chiba-lpe,2025,千葉地方法務局,2,1,chiba-shushoku-2025,公務員（国）
chiba,chiba-lpe,2025,総務省,1,1,chiba-shushoku-2025,公務員（国）
chiba,chiba-lpe,2025,東京高等裁判所,1,1,chiba-shushoku-2025,公務員（国）
chiba,chiba-lpe,2025,東京出入国在留管理局,1,1,chiba-shushoku-2025,公務員（国）
chiba,chiba-sci,2025,東京税関,2,1,chiba-shushoku-2025,公務員（国）
chiba,chiba-letters,2025,東京地方裁判所,2,1,chiba-shushoku-2025,公務員（国）
chiba,chiba-lpe,2025,東京法務局,1,1,chiba-shushoku-2025,公務員（国）
chiba,chiba-edu,2025,特許庁,2,1,chiba-shushoku-2025,公務員（国）
chiba,chiba-letters,2025,内閣府,1,1,chiba-shushoku-2025,公務員（国）
chiba,chiba-eng,2025,内閣府沖縄総合事務局,1,1,chiba-shushoku-2025,公務員（国）
chiba,chiba-lpe,2025,農林水産省,1,1,chiba-shushoku-2025,公務員（国）
chiba,chiba-hort,2025,農林水産省,2,1,chiba-shushoku-2025,公務員（国）
chiba,chiba-hort,2025,農林水産省大臣官房デジタル戦略グループ,1,1,chiba-shushoku-2025,公務員（国）
chiba,chiba-edu,2025,法務省,1,1,chiba-shushoku-2025,公務員（国）
chiba,chiba-edu,2025,法務省保護局,1,1,chiba-shushoku-2025,公務員（国）
chiba,chiba-lpe,2025,法務省民事局,1,1,chiba-shushoku-2025,公務員（国）
chiba,chiba-lpe,2025,防衛装備庁,1,1,chiba-shushoku-2025,公務員（国）
chiba,chiba-eng,2025,陸上自衛隊,1,1,chiba-shushoku-2025,公務員（国）
chiba,chiba-hort,2025,林野庁,1,1,chiba-shushoku-2025,公務員（国）
chiba,chiba-letters,2025,佐倉市,2,1,chiba-shushoku-2025,公務員（地方・千葉県）
chiba,chiba-edu,2025,市川市,1,1,chiba-shushoku-2025,公務員（地方・千葉県）
chiba,chiba-eng,2025,市川市,1,1,chiba-shushoku-2025,公務員（地方・千葉県）
chiba,chiba-letters,2025,成田市,1,1,chiba-shushoku-2025,公務員（地方・千葉県）
chiba,chiba-edu,2025,成田市,1,1,chiba-shushoku-2025,公務員（地方・千葉県）
chiba,chiba-intl,2025,千葉県,2,1,chiba-shushoku-2025,公務員（地方・千葉県）
chiba,chiba-letters,2025,千葉県,5,1,chiba-shushoku-2025,公務員（地方・千葉県）
chiba,chiba-lpe,2025,千葉県,8,1,chiba-shushoku-2025,公務員（地方・千葉県）
chiba,chiba-edu,2025,千葉県,5,1,chiba-shushoku-2025,公務員（地方・千葉県）
chiba,chiba-sci,2025,千葉県,1,1,chiba-shushoku-2025,公務員（地方・千葉県）
chiba,chiba-eng,2025,千葉県,1,1,chiba-shushoku-2025,公務員（地方・千葉県）
chiba,chiba-letters,2025,千葉市,2,1,chiba-shushoku-2025,公務員（地方・千葉県）
chiba,chiba-lpe,2025,千葉市,4,1,chiba-shushoku-2025,公務員（地方・千葉県）
chiba,chiba-edu,2025,千葉市,2,1,chiba-shushoku-2025,公務員（地方・千葉県）
chiba,chiba-hort,2025,千葉市,1,1,chiba-shushoku-2025,公務員（地方・千葉県）
chiba,chiba-edu,2025,船橋市,1,1,chiba-shushoku-2025,公務員（地方・千葉県）
chiba,chiba-eng,2025,東金市,1,1,chiba-shushoku-2025,公務員（地方・千葉県）
chiba,chiba-eng,2025,八千代市,2,1,chiba-shushoku-2025,公務員（地方・千葉県）
chiba,chiba-sci,2025,木更津市,1,1,chiba-shushoku-2025,公務員（地方・千葉県）
chiba,chiba-eng,2025,警視庁,1,1,chiba-shushoku-2025,公務員（地方・東京都）
chiba,chiba-intl,2025,江戸川区,1,1,chiba-shushoku-2025,公務員（地方・東京都）
chiba,chiba-letters,2025,江戸川区,2,1,chiba-shushoku-2025,公務員（地方・東京都）
chiba,chiba-hort,2025,江戸川区,1,1,chiba-shushoku-2025,公務員（地方・東京都）
chiba,chiba-edu,2025,江東区,1,1,chiba-shushoku-2025,公務員（地方・東京都）
chiba,chiba-lpe,2025,渋谷区,1,1,chiba-shushoku-2025,公務員（地方・東京都）
chiba,chiba-letters,2025,世田谷区,1,1,chiba-shushoku-2025,公務員（地方・東京都）
chiba,chiba-lpe,2025,西東京市,1,1,chiba-shushoku-2025,公務員（地方・東京都）
chiba,chiba-lpe,2025,足立区,1,1,chiba-shushoku-2025,公務員（地方・東京都）
chiba,chiba-lpe,2025,台東区,1,1,chiba-shushoku-2025,公務員（地方・東京都）
chiba,chiba-lpe,2025,中野区,1,1,chiba-shushoku-2025,公務員（地方・東京都）
chiba,chiba-lpe,2025,東京消防庁,1,1,chiba-shushoku-2025,公務員（地方・東京都）
chiba,chiba-intl,2025,東京都,2,1,chiba-shushoku-2025,公務員（地方・東京都）
chiba,chiba-letters,2025,東京都,2,1,chiba-shushoku-2025,公務員（地方・東京都）
chiba,chiba-lpe,2025,東京都,7,1,chiba-shushoku-2025,公務員（地方・東京都）
chiba,chiba-sci,2025,東京都,2,1,chiba-shushoku-2025,公務員（地方・東京都）
chiba,chiba-hort,2025,東京都,1,1,chiba-shushoku-2025,公務員（地方・東京都）
chiba,chiba-nurs,2025,札幌市,1,1,chiba-shushoku-2025,公務員（地方）
chiba,chiba-lpe,2025,山形県,2,1,chiba-shushoku-2025,公務員（地方）
chiba,chiba-hort,2025,山形県,1,1,chiba-shushoku-2025,公務員（地方）
chiba,chiba-lpe,2025,福島県,1,1,chiba-shushoku-2025,公務員（地方）
chiba,chiba-letters,2025,栃木県,1,1,chiba-shushoku-2025,公務員（地方）
chiba,chiba-eng,2025,栃木県,1,1,chiba-shushoku-2025,公務員（地方）
chiba,chiba-pharm,2025,栃木県,1,1,chiba-shushoku-2025,公務員（地方）
chiba,chiba-letters,2025,群馬県,1,1,chiba-shushoku-2025,公務員（地方）
chiba,chiba-edu,2025,板倉町,1,1,chiba-shushoku-2025,公務員（地方）
chiba,chiba-letters,2025,さいたま市消防局,1,1,chiba-shushoku-2025,公務員（地方）
chiba,chiba-lpe,2025,埼玉県,2,1,chiba-shushoku-2025,公務員（地方）
chiba,chiba-edu,2025,埼玉県,1,1,chiba-shushoku-2025,公務員（地方）
chiba,chiba-sci,2025,埼玉県,1,1,chiba-shushoku-2025,公務員（地方）
chiba,chiba-hort,2025,埼玉県,1,1,chiba-shushoku-2025,公務員（地方）
chiba,chiba-eng,2025,川越市,1,1,chiba-shushoku-2025,公務員（地方）
chiba,chiba-edu,2025,川口市,1,1,chiba-shushoku-2025,公務員（地方）
chiba,chiba-eng,2025,川口市,1,1,chiba-shushoku-2025,公務員（地方）
chiba,chiba-letters,2025,和光市,1,1,chiba-shushoku-2025,公務員（地方）
chiba,chiba-hort,2025,横浜市,1,1,chiba-shushoku-2025,公務員（地方）
chiba,chiba-lpe,2025,神奈川県,1,1,chiba-shushoku-2025,公務員（地方）
chiba,chiba-edu,2025,神奈川県,1,1,chiba-shushoku-2025,公務員（地方）
chiba,chiba-letters,2025,神奈川県警察,1,1,chiba-shushoku-2025,公務員（地方）
chiba,chiba-hort,2025,川崎市,1,1,chiba-shushoku-2025,公務員（地方）
chiba,chiba-lpe,2025,新潟県,1,1,chiba-shushoku-2025,公務員（地方）
chiba,chiba-lpe,2025,胎内市,1,1,chiba-shushoku-2025,公務員（地方）
chiba,chiba-letters,2025,山梨県,1,1,chiba-shushoku-2025,公務員（地方）
chiba,chiba-eng,2025,松本市,1,1,chiba-shushoku-2025,公務員（地方）
chiba,chiba-letters,2025,江南市,1,1,chiba-shushoku-2025,公務員（地方）
chiba,chiba-lpe,2025,名古屋市,1,1,chiba-shushoku-2025,公務員（地方）
chiba,chiba-letters,2025,京都府,1,1,chiba-shushoku-2025,公務員（地方）
chiba,chiba-hort,2024,JA佐波伊勢崎,1,1,chiba-shushoku-2024,農業、林業
chiba,chiba-hort,2024,かわに,1,1,chiba-shushoku-2024,農業、林業
chiba,chiba-hort,2024,サカタのタネ,1,1,chiba-shushoku-2024,農業、林業
chiba,chiba-lpe,2024,サラダコスモ,1,1,chiba-shushoku-2024,農業、林業
chiba,chiba-hort,2024,ベルグアース,1,1,chiba-shushoku-2024,農業、林業
chiba,chiba-hort,2024,住友林業,1,1,chiba-shushoku-2024,農業、林業
chiba,chiba-hort,2024,雪印種苗,1,1,chiba-shushoku-2024,農業、林業
chiba,chiba-hort,2024,千葉県庁,2,1,chiba-shushoku-2024,農業、林業
chiba,chiba-hort,2024,東京都庁,1,1,chiba-shushoku-2024,農業、林業
chiba,chiba-hort,2024,農林水産省,2,1,chiba-shushoku-2024,農業、林業
chiba,chiba-hort,2024,白井農園,1,1,chiba-shushoku-2024,農業、林業
chiba,chiba-hort,2024,林野庁,1,1,chiba-shushoku-2024,農業、林業
chiba,chiba-intl,2024,太平洋セメント,1,1,chiba-shushoku-2024,鉱業、採石業、砂利採取業
chiba,chiba-eng,2024,JR東日本建築設計,1,1,chiba-shushoku-2024,建設業
chiba,chiba-eng,2024,ME,1,1,chiba-shushoku-2024,建設業
chiba,chiba-hort,2024,アゴラ造園,1,1,chiba-shushoku-2024,建設業
chiba,chiba-eng,2024,オープンハウス・ディベロップメント,1,1,chiba-shushoku-2024,建設業
chiba,chiba-eng,2024,オープンハウスアーキテクト,1,1,chiba-shushoku-2024,建設業
chiba,chiba-eng,2024,コスモエンジニアリング,1,1,chiba-shushoku-2024,建設業
chiba,chiba-eng,2024,ポラスグループ,1,1,chiba-shushoku-2024,建設業
chiba,chiba-eng,2024,ムラヤマ,1,1,chiba-shushoku-2024,建設業
chiba,chiba-eng,2024,旭化成ホームズ,1,1,chiba-shushoku-2024,建設業
chiba,chiba-hort,2024,旭化成ホームズコンストラクション,1,1,chiba-shushoku-2024,建設業
chiba,chiba-letters,2024,昭和コンクリート,1,1,chiba-shushoku-2024,建設業
chiba,chiba-lpe,2024,清水建設,1,1,chiba-shushoku-2024,建設業
chiba,chiba-edu,2024,積水ハウス,1,1,chiba-shushoku-2024,建設業
chiba,chiba-eng,2024,積水ハウス,1,1,chiba-shushoku-2024,建設業
chiba,chiba-intl,2024,大林組,1,1,chiba-shushoku-2024,建設業
chiba,chiba-eng,2024,大和ハウス,1,1,chiba-shushoku-2024,建設業
chiba,chiba-edu,2024,大和ハウス工業,2,1,chiba-shushoku-2024,建設業
chiba,chiba-eng,2024,大和ハウス工業,1,1,chiba-shushoku-2024,建設業
chiba,chiba-eng,2024,東京セキスイハイム,1,1,chiba-shushoku-2024,建設業
chiba,chiba-hort,2024,東鉄工業,1,1,chiba-shushoku-2024,建設業
chiba,chiba-eng,2024,東日本旅客鉄道東京建設プロジェクトマネジメントオフィス,1,1,chiba-shushoku-2024,建設業
chiba,chiba-eng,2024,白水社,1,1,chiba-shushoku-2024,建設業
chiba,chiba-letters,2024,夢真,1,1,chiba-shushoku-2024,建設業
chiba,chiba-eng,2024,anaベースメンテナンステクニクス,1,1,chiba-shushoku-2024,製造業
chiba,chiba-pharm,2024,JCRファーマ,1,1,chiba-shushoku-2024,製造業
chiba,chiba-lpe,2024,JTB パブリッシング,1,1,chiba-shushoku-2024,製造業
chiba,chiba-lpe,2024,Meiji Seika ファルマ,1,1,chiba-shushoku-2024,製造業
chiba,chiba-lpe,2024,NTTイノベーティブデバイス,1,1,chiba-shushoku-2024,製造業
chiba,chiba-lpe,2024,SANKYO,1,1,chiba-shushoku-2024,製造業
chiba,chiba-lpe,2024,THK,1,1,chiba-shushoku-2024,製造業
chiba,chiba-eng,2024,TMEIC,1,1,chiba-shushoku-2024,製造業
chiba,chiba-letters,2024,TOPPAN,1,1,chiba-shushoku-2024,製造業
chiba,chiba-lpe,2024,TOPPAN,1,1,chiba-shushoku-2024,製造業
chiba,chiba-eng,2024,TOPPAN,1,1,chiba-shushoku-2024,製造業
chiba,chiba-sci,2024,アウトソーシングテクノロジー,1,1,chiba-shushoku-2024,製造業
chiba,chiba-pharm,2024,アストラゼネカ,2,1,chiba-shushoku-2024,製造業
chiba,chiba-hort,2024,アルプロン,1,1,chiba-shushoku-2024,製造業
chiba,chiba-intl,2024,いすゞ自動車,1,1,chiba-shushoku-2024,製造業
chiba,chiba-hort,2024,カルビー,1,1,chiba-shushoku-2024,製造業
chiba,chiba-eng,2024,キヤノン,1,1,chiba-shushoku-2024,製造業
chiba,chiba-lpe,2024,キユーピー,1,1,chiba-shushoku-2024,製造業
chiba,chiba-pharm,2024,グラクソ・スミスクライン,1,1,chiba-shushoku-2024,製造業
chiba,chiba-hort,2024,ケンコーマヨネーズ,1,1,chiba-shushoku-2024,製造業
chiba,chiba-letters,2024,ゴールドウイン,1,1,chiba-shushoku-2024,製造業
chiba,chiba-eng,2024,スズキ,1,1,chiba-shushoku-2024,製造業
chiba,chiba-letters,2024,セガサミーホールディングス,1,1,chiba-shushoku-2024,製造業
chiba,chiba-eng,2024,ソニー・インタラクティブエンタテインメント,1,1,chiba-shushoku-2024,製造業
chiba,chiba-letters,2024,ダイオーミウラ,1,1,chiba-shushoku-2024,製造業
chiba,chiba-eng,2024,ダイハツ工業,1,1,chiba-shushoku-2024,製造業
chiba,chiba-letters,2024,タダノ,1,1,chiba-shushoku-2024,製造業
chiba,chiba-lpe,2024,デサントジャパン,1,1,chiba-shushoku-2024,製造業
chiba,chiba-intl,2024,トヨタ自動車,1,1,chiba-shushoku-2024,製造業
chiba,chiba-edu,2024,トヨタ自動車,1,1,chiba-shushoku-2024,製造業
chiba,chiba-eng,2024,トヨタ自動車,2,1,chiba-shushoku-2024,製造業
chiba,chiba-intl,2024,トヨタ自動車九州,1,1,chiba-shushoku-2024,製造業
chiba,chiba-hort,2024,ニッスイ,1,1,chiba-shushoku-2024,製造業
chiba,chiba-letters,2024,ニデックプレシジョン,1,1,chiba-shushoku-2024,製造業
chiba,chiba-pharm,2024,ノバルティス ファーマ（Novartis Pharma K.K.）,1,1,chiba-shushoku-2024,製造業
chiba,chiba-edu,2024,バンダイ,1,1,chiba-shushoku-2024,製造業
chiba,chiba-pharm,2024,ファイザー,1,1,chiba-shushoku-2024,製造業
chiba,chiba-letters,2024,フジパングループ,1,1,chiba-shushoku-2024,製造業
chiba,chiba-edu,2024,マルハニチロ,1,1,chiba-shushoku-2024,製造業
chiba,chiba-eng,2024,ミクロン,1,1,chiba-shushoku-2024,製造業
chiba,chiba-eng,2024,モリタ製作所,1,1,chiba-shushoku-2024,製造業
chiba,chiba-hort,2024,ユニテックフーズ,1,1,chiba-shushoku-2024,製造業
chiba,chiba-eng,2024,ルネサスエレクトロニクス,1,1,chiba-shushoku-2024,製造業
chiba,chiba-eng,2024,レンゴー,1,1,chiba-shushoku-2024,製造業
chiba,chiba-pharm,2024,ロッテ,1,1,chiba-shushoku-2024,製造業
chiba,chiba-lpe,2024,ワールドインテック,1,1,chiba-shushoku-2024,製造業
chiba,chiba-lpe,2024,伊藤忠丸紅鉄鋼,1,1,chiba-shushoku-2024,製造業
chiba,chiba-lpe,2024,一丸ファルコス,1,1,chiba-shushoku-2024,製造業
chiba,chiba-lpe,2024,沖電気工業,1,1,chiba-shushoku-2024,製造業
chiba,chiba-eng,2024,河淳,1,1,chiba-shushoku-2024,製造業
chiba,chiba-lpe,2024,吉川工業アールエフセミコン,1,1,chiba-shushoku-2024,製造業
chiba,chiba-letters,2024,三井化学,1,1,chiba-shushoku-2024,製造業
chiba,chiba-eng,2024,三岩エンジニアリング,1,1,chiba-shushoku-2024,製造業
chiba,chiba-intl,2024,三菱ふそうトラック・バス,1,1,chiba-shushoku-2024,製造業
chiba,chiba-edu,2024,三菱鉛筆,1,1,chiba-shushoku-2024,製造業
chiba,chiba-letters,2024,三菱重工業,1,1,chiba-shushoku-2024,製造業
chiba,chiba-eng,2024,三菱電機ビルソリューションズ,1,1,chiba-shushoku-2024,製造業
chiba,chiba-eng,2024,守谷輸送機工業,1,1,chiba-shushoku-2024,製造業
chiba,chiba-eng,2024,小糸製作所,1,1,chiba-shushoku-2024,製造業
chiba,chiba-eng,2024,昌栄印刷,1,1,chiba-shushoku-2024,製造業
chiba,chiba-letters,2024,常盤薬品工業,1,1,chiba-shushoku-2024,製造業
chiba,chiba-letters,2024,図研,1,1,chiba-shushoku-2024,製造業
chiba,chiba-pharm,2024,生化学工業,1,1,chiba-shushoku-2024,製造業
chiba,chiba-edu,2024,雪印メグミルク,1,1,chiba-shushoku-2024,製造業
chiba,chiba-letters,2024,千代田グラビヤ,1,1,chiba-shushoku-2024,製造業
chiba,chiba-hort,2024,村上開明堂,1,1,chiba-shushoku-2024,製造業
chiba,chiba-eng,2024,太平洋セメント,1,1,chiba-shushoku-2024,製造業
chiba,chiba-pharm,2024,大塚製薬,1,1,chiba-shushoku-2024,製造業
chiba,chiba-eng,2024,大東通信機,1,1,chiba-shushoku-2024,製造業
chiba,chiba-lpe,2024,大日本印刷,1,1,chiba-shushoku-2024,製造業
chiba,chiba-pharm,2024,大鵬薬品工業,2,1,chiba-shushoku-2024,製造業
chiba,chiba-pharm,2024,第一三共,1,1,chiba-shushoku-2024,製造業
chiba,chiba-pharm,2024,中外製薬,2,1,chiba-shushoku-2024,製造業
chiba,chiba-eng,2024,田中貴金属工業,1,1,chiba-shushoku-2024,製造業
chiba,chiba-pharm,2024,田辺三菱製薬,1,1,chiba-shushoku-2024,製造業
chiba,chiba-letters,2024,東レ,1,1,chiba-shushoku-2024,製造業
chiba,chiba-eng,2024,東京エレクトロン宮城,1,1,chiba-shushoku-2024,製造業
chiba,chiba-eng,2024,日産オートモーティブテクノロジー,1,1,chiba-shushoku-2024,製造業
chiba,chiba-eng,2024,日産自動車,1,1,chiba-shushoku-2024,製造業
chiba,chiba-hort,2024,日清オイリオグループ,1,1,chiba-shushoku-2024,製造業
chiba,chiba-eng,2024,日清製粉グループ,1,1,chiba-shushoku-2024,製造業
chiba,chiba-edu,2024,日泉化学,1,1,chiba-shushoku-2024,製造業
chiba,chiba-lpe,2024,日本製鋼所,1,1,chiba-shushoku-2024,製造業
chiba,chiba-lpe,2024,日本電気,1,1,chiba-shushoku-2024,製造業
chiba,chiba-edu,2024,日本電気,1,1,chiba-shushoku-2024,製造業
chiba,chiba-sci,2024,日本電気,1,1,chiba-shushoku-2024,製造業
chiba,chiba-lpe,2024,日本特殊陶業,1,1,chiba-shushoku-2024,製造業
chiba,chiba-intl,2024,日本無線,1,1,chiba-shushoku-2024,製造業
chiba,chiba-eng,2024,日立製作所,1,1,chiba-shushoku-2024,製造業
chiba,chiba-intl,2024,能美防災,1,1,chiba-shushoku-2024,製造業
chiba,chiba-eng,2024,富士フイルム,1,1,chiba-shushoku-2024,製造業
chiba,chiba-lpe,2024,富士フイルムビジネスイノベーション,1,1,chiba-shushoku-2024,製造業
chiba,chiba-eng,2024,富士通,1,1,chiba-shushoku-2024,製造業
chiba,chiba-eng,2024,北陽電機,1,1,chiba-shushoku-2024,製造業
chiba,chiba-eng,2024,本田技研工業,1,1,chiba-shushoku-2024,製造業
chiba,chiba-hort,2024,本田技研工業,1,1,chiba-shushoku-2024,製造業
chiba,chiba-lpe,2024,味の素食品,1,1,chiba-shushoku-2024,製造業
chiba,chiba-eng,2024,矢崎総業,1,1,chiba-shushoku-2024,製造業
chiba,chiba-eng,2024,メタウオーター,1,1,chiba-shushoku-2024,電気・ガス・熱供給・水道業
chiba,chiba-edu,2024,関西電力,1,1,chiba-shushoku-2024,電気・ガス・熱供給・水道業
chiba,chiba-hort,2024,西原ネオ,1,1,chiba-shushoku-2024,電気・ガス・熱供給・水道業
chiba,chiba-edu,2024,静岡ガス,1,1,chiba-shushoku-2024,電気・ガス・熱供給・水道業
chiba,chiba-eng,2024,東京ガスiネット,1,1,chiba-shushoku-2024,電気・ガス・熱供給・水道業
chiba,chiba-lpe,2024,東芝,1,1,chiba-shushoku-2024,電気・ガス・熱供給・水道業
chiba,chiba-eng,2024,東芝エネルギーシステムズ,1,1,chiba-shushoku-2024,電気・ガス・熱供給・水道業
chiba,chiba-eng,2024,日鉄環境,1,1,chiba-shushoku-2024,電気・ガス・熱供給・水道業
chiba,chiba-hort,2024,（就職先名称等未回答）,1,1,chiba-shushoku-2024,情報通信業
chiba,chiba-eng,2024,AMBL,1,1,chiba-shushoku-2024,情報通信業
chiba,chiba-letters,2024,ANAシステムズ,1,1,chiba-shushoku-2024,情報通信業
chiba,chiba-lpe,2024,Bee works,1,1,chiba-shushoku-2024,情報通信業
chiba,chiba-letters,2024,BFT,1,1,chiba-shushoku-2024,情報通信業
chiba,chiba-edu,2024,BFT,1,1,chiba-shushoku-2024,情報通信業
chiba,chiba-intl,2024,Dirbato,1,1,chiba-shushoku-2024,情報通信業
chiba,chiba-lpe,2024,DYMキャリア,1,1,chiba-shushoku-2024,情報通信業
chiba,chiba-eng,2024,Earth Technology,1,1,chiba-shushoku-2024,情報通信業
chiba,chiba-eng,2024,emole,1,1,chiba-shushoku-2024,情報通信業
chiba,chiba-letters,2024,FBS,1,1,chiba-shushoku-2024,情報通信業
chiba,chiba-lpe,2024,FBS,1,1,chiba-shushoku-2024,情報通信業
chiba,chiba-edu,2024,gifted,1,1,chiba-shushoku-2024,情報通信業
chiba,chiba-lpe,2024,Hakuhodo DY ONE,1,1,chiba-shushoku-2024,情報通信業
chiba,chiba-intl,2024,JALインフォテック,1,1,chiba-shushoku-2024,情報通信業
chiba,chiba-letters,2024,JFEシステムズ,1,1,chiba-shushoku-2024,情報通信業
chiba,chiba-sci,2024,KSK,1,1,chiba-shushoku-2024,情報通信業
chiba,chiba-intl,2024,METATEAM,1,1,chiba-shushoku-2024,情報通信業
chiba,chiba-sci,2024,NCI総合システム,1,1,chiba-shushoku-2024,情報通信業
chiba,chiba-edu,2024,NECソリューションイノベータ,1,1,chiba-shushoku-2024,情報通信業
chiba,chiba-hort,2024,NECソリューションイノベータ,1,1,chiba-shushoku-2024,情報通信業
chiba,chiba-intl,2024,NTTデータ,1,1,chiba-shushoku-2024,情報通信業
chiba,chiba-letters,2024,NTTデータ,2,1,chiba-shushoku-2024,情報通信業
chiba,chiba-edu,2024,NTTデータ,1,1,chiba-shushoku-2024,情報通信業
chiba,chiba-eng,2024,NTTデータ,1,1,chiba-shushoku-2024,情報通信業
chiba,chiba-hort,2024,NTTデータCCS,1,1,chiba-shushoku-2024,情報通信業
chiba,chiba-hort,2024,NTTデータSMS,1,1,chiba-shushoku-2024,情報通信業
chiba,chiba-letters,2024,NTTデータグループ,1,1,chiba-shushoku-2024,情報通信業
chiba,chiba-lpe,2024,NTTデータグループ,1,1,chiba-shushoku-2024,情報通信業
chiba,chiba-hort,2024,NTTデータグループ,1,1,chiba-shushoku-2024,情報通信業
chiba,chiba-lpe,2024,NTTドコモ,2,1,chiba-shushoku-2024,情報通信業
chiba,chiba-sci,2024,NTTドコモ,1,1,chiba-shushoku-2024,情報通信業
chiba,chiba-eng,2024,NTTドコモ,1,1,chiba-shushoku-2024,情報通信業
chiba,chiba-lpe,2024,nu-face,1,1,chiba-shushoku-2024,情報通信業
chiba,chiba-letters,2024,opsol,1,1,chiba-shushoku-2024,情報通信業
chiba,chiba-edu,2024,Reｰgrit Partners,1,1,chiba-shushoku-2024,情報通信業
chiba,chiba-eng,2024,SBX,1,1,chiba-shushoku-2024,情報通信業
chiba,chiba-intl,2024,SCSK,1,1,chiba-shushoku-2024,情報通信業
chiba,chiba-lpe,2024,SCSK,1,1,chiba-shushoku-2024,情報通信業
chiba,chiba-eng,2024,Sky,1,1,chiba-shushoku-2024,情報通信業
chiba,chiba-edu,2024,Socio Future,1,1,chiba-shushoku-2024,情報通信業
chiba,chiba-lpe,2024,TIS,2,1,chiba-shushoku-2024,情報通信業
chiba,chiba-lpe,2024,TIS千代田システムズ,1,1,chiba-shushoku-2024,情報通信業
chiba,chiba-letters,2024,TORIHADA,1,1,chiba-shushoku-2024,情報通信業
chiba,chiba-edu,2024,Works Human Intelligence,1,1,chiba-shushoku-2024,情報通信業
chiba,chiba-letters,2024,アイ・イー・シー,1,1,chiba-shushoku-2024,情報通信業
chiba,chiba-sci,2024,アイヴィス,1,1,chiba-shushoku-2024,情報通信業
chiba,chiba-eng,2024,アイヴィス,1,1,chiba-shushoku-2024,情報通信業
chiba,chiba-edu,2024,アシスト,1,1,chiba-shushoku-2024,情報通信業
chiba,chiba-intl,2024,あとらす二十一,1,1,chiba-shushoku-2024,情報通信業
chiba,chiba-edu,2024,アバント,1,1,chiba-shushoku-2024,情報通信業
chiba,chiba-intl,2024,アリス,1,1,chiba-shushoku-2024,情報通信業
chiba,chiba-lpe,2024,アルファシステムズ,1,1,chiba-shushoku-2024,情報通信業
chiba,chiba-letters,2024,イメージサイエンス,1,1,chiba-shushoku-2024,情報通信業
chiba,chiba-letters,2024,インターネットイニシアティブ,1,1,chiba-shushoku-2024,情報通信業
chiba,chiba-sci,2024,ウェザーニューズ,1,1,chiba-shushoku-2024,情報通信業
chiba,chiba-eng,2024,エスピック,1,1,chiba-shushoku-2024,情報通信業
chiba,chiba-eng,2024,エックスラボ,1,1,chiba-shushoku-2024,情報通信業
chiba,chiba-letters,2024,エヌ・ティ・ティ・コムウェア,1,1,chiba-shushoku-2024,情報通信業
chiba,chiba-lpe,2024,エヌ・ティ・ティ・コムウェア,1,1,chiba-shushoku-2024,情報通信業
chiba,chiba-edu,2024,エヌ・ティ・ティ・コムウェア,2,1,chiba-shushoku-2024,情報通信業
chiba,chiba-hort,2024,エヌ・ティ・ティ・コムウェア,1,1,chiba-shushoku-2024,情報通信業
chiba,chiba-lpe,2024,エヌデーデー,1,1,chiba-shushoku-2024,情報通信業
chiba,chiba-lpe,2024,オービック,1,1,chiba-shushoku-2024,情報通信業
chiba,chiba-lpe,2024,オリゾンシステムズ,1,1,chiba-shushoku-2024,情報通信業
chiba,chiba-intl,2024,カナリー,1,1,chiba-shushoku-2024,情報通信業
chiba,chiba-sci,2024,キーエンスソフトウェア,1,1,chiba-shushoku-2024,情報通信業
chiba,chiba-intl,2024,ギブリー,1,1,chiba-shushoku-2024,情報通信業
chiba,chiba-edu,2024,キャップジェミニ,1,1,chiba-shushoku-2024,情報通信業
chiba,chiba-eng,2024,キンドリルジャパン,1,1,chiba-shushoku-2024,情報通信業
chiba,chiba-lpe,2024,グローバルリンクス,1,1,chiba-shushoku-2024,情報通信業
chiba,chiba-eng,2024,コアコンセプト・テクノロジー,1,1,chiba-shushoku-2024,情報通信業
chiba,chiba-intl,2024,ココペリ,1,1,chiba-shushoku-2024,情報通信業
chiba,chiba-edu,2024,コドモン,1,1,chiba-shushoku-2024,情報通信業
chiba,chiba-hort,2024,サインポスト,1,1,chiba-shushoku-2024,情報通信業
chiba,chiba-letters,2024,サンウェル,1,1,chiba-shushoku-2024,情報通信業
chiba,chiba-edu,2024,ジイファム,1,1,chiba-shushoku-2024,情報通信業
chiba,chiba-lpe,2024,ジール,1,1,chiba-shushoku-2024,情報通信業
chiba,chiba-eng,2024,システムエグゼ,1,1,chiba-shushoku-2024,情報通信業
chiba,chiba-letters,2024,システムクエスト,1,1,chiba-shushoku-2024,情報通信業
chiba,chiba-eng,2024,システムサポート,1,1,chiba-shushoku-2024,情報通信業
chiba,chiba-lpe,2024,シティ・コム,1,1,chiba-shushoku-2024,情報通信業
chiba,chiba-sci,2024,シティ・コム,1,1,chiba-shushoku-2024,情報通信業
chiba,chiba-eng,2024,ジョイント・システムズ・サービス,1,1,chiba-shushoku-2024,情報通信業
chiba,chiba-edu,2024,スカラ,1,1,chiba-shushoku-2024,情報通信業
chiba,chiba-letters,2024,スクウェア・エニックス,1,1,chiba-shushoku-2024,情報通信業
chiba,chiba-eng,2024,セガ,1,1,chiba-shushoku-2024,情報通信業
chiba,chiba-lpe,2024,セグエグループ,1,1,chiba-shushoku-2024,情報通信業
chiba,chiba-letters,2024,セラク,1,1,chiba-shushoku-2024,情報通信業
chiba,chiba-edu,2024,ソースネクスト,1,1,chiba-shushoku-2024,情報通信業
chiba,chiba-letters,2024,ソフトコミュニケーションズ,1,1,chiba-shushoku-2024,情報通信業
chiba,chiba-edu,2024,ソフトバンク,1,1,chiba-shushoku-2024,情報通信業
chiba,chiba-eng,2024,ソリューション・アンド・テクノロジー,1,1,chiba-shushoku-2024,情報通信業
chiba,chiba-sci,2024,ダイジョブス,1,1,chiba-shushoku-2024,情報通信業
chiba,chiba-eng,2024,ティー・アンド・シー,1,1,chiba-shushoku-2024,情報通信業
chiba,chiba-letters,2024,ディスカヴァー・トウェンティワン,1,1,chiba-shushoku-2024,情報通信業
chiba,chiba-lpe,2024,テクノプロ,1,1,chiba-shushoku-2024,情報通信業
chiba,chiba-letters,2024,デジタルデザインシンク,1,1,chiba-shushoku-2024,情報通信業
chiba,chiba-edu,2024,トランスコスモス,1,1,chiba-shushoku-2024,情報通信業
chiba,chiba-lpe,2024,ドリーム・アーツ,1,1,chiba-shushoku-2024,情報通信業
chiba,chiba-intl,2024,ネットワンシステムズ,1,1,chiba-shushoku-2024,情報通信業
chiba,chiba-lpe,2024,パーソルクロステクノロジー,1,1,chiba-shushoku-2024,情報通信業
chiba,chiba-intl,2024,パーソルビジネスプロセスデザイン,1,1,chiba-shushoku-2024,情報通信業
chiba,chiba-edu,2024,ハルメクホールディングス,1,1,chiba-shushoku-2024,情報通信業
chiba,chiba-letters,2024,バンザン,1,1,chiba-shushoku-2024,情報通信業
chiba,chiba-hort,2024,ビッグツリーテクノロジー＆コンサルティング,1,1,chiba-shushoku-2024,情報通信業
chiba,chiba-edu,2024,ビットウェア,1,1,chiba-shushoku-2024,情報通信業
chiba,chiba-sci,2024,フューチャー,1,1,chiba-shushoku-2024,情報通信業
chiba,chiba-eng,2024,フリーランス,1,1,chiba-shushoku-2024,情報通信業
chiba,chiba-lpe,2024,ベース,1,1,chiba-shushoku-2024,情報通信業
chiba,chiba-eng,2024,ベース,1,1,chiba-shushoku-2024,情報通信業
chiba,chiba-intl,2024,ボードルア,1,1,chiba-shushoku-2024,情報通信業
chiba,chiba-sci,2024,ポスタス,1,1,chiba-shushoku-2024,情報通信業
chiba,chiba-letters,2024,メディアバスターズ,1,1,chiba-shushoku-2024,情報通信業
chiba,chiba-letters,2024,ヤマトシステム開発,1,1,chiba-shushoku-2024,情報通信業
chiba,chiba-lpe,2024,ラキール,1,1,chiba-shushoku-2024,情報通信業
chiba,chiba-lpe,2024,レバレジーズ,1,1,chiba-shushoku-2024,情報通信業
chiba,chiba-edu,2024,ログラス,1,1,chiba-shushoku-2024,情報通信業
chiba,chiba-intl,2024,伊藤忠テクノソリューションズ,1,1,chiba-shushoku-2024,情報通信業
chiba,chiba-edu,2024,伊藤忠テクノソリューションズ,1,1,chiba-shushoku-2024,情報通信業
chiba,chiba-sci,2024,伊藤忠テクノソリューションズ,1,1,chiba-shushoku-2024,情報通信業
chiba,chiba-intl,2024,楽天グループ,1,1,chiba-shushoku-2024,情報通信業
chiba,chiba-lpe,2024,楽天グループ,1,1,chiba-shushoku-2024,情報通信業
chiba,chiba-hort,2024,楽天グループ,1,1,chiba-shushoku-2024,情報通信業
chiba,chiba-lpe,2024,丸紅ネットワークソリューションズ,1,1,chiba-shushoku-2024,情報通信業
chiba,chiba-edu,2024,群馬テレビ,1,1,chiba-shushoku-2024,情報通信業
chiba,chiba-edu,2024,広島テレビ放送,1,1,chiba-shushoku-2024,情報通信業
chiba,chiba-eng,2024,三井情報,1,1,chiba-shushoku-2024,情報通信業
chiba,chiba-lpe,2024,三恵クリエス,1,1,chiba-shushoku-2024,情報通信業
chiba,chiba-lpe,2024,三菱総研DCS,1,1,chiba-shushoku-2024,情報通信業
chiba,chiba-lpe,2024,産業経済新聞社,1,1,chiba-shushoku-2024,情報通信業
chiba,chiba-letters,2024,情報技術社,1,1,chiba-shushoku-2024,情報通信業
chiba,chiba-lpe,2024,情報戦略テクノロジー,1,1,chiba-shushoku-2024,情報通信業
chiba,chiba-lpe,2024,大樹生命アイテクノロジー,1,1,chiba-shushoku-2024,情報通信業
chiba,chiba-lpe,2024,大塚商会,1,1,chiba-shushoku-2024,情報通信業
chiba,chiba-eng,2024,大塚商会,1,1,chiba-shushoku-2024,情報通信業
chiba,chiba-letters,2024,中日新聞社,1,1,chiba-shushoku-2024,情報通信業
chiba,chiba-eng,2024,電通総研セキュアソリューション,1,1,chiba-shushoku-2024,情報通信業
chiba,chiba-lpe,2024,電力広域的運営推進機関,1,1,chiba-shushoku-2024,情報通信業
chiba,chiba-lpe,2024,東日本電信電話,1,1,chiba-shushoku-2024,情報通信業
chiba,chiba-lpe,2024,読売新聞西部本社,1,1,chiba-shushoku-2024,情報通信業
chiba,chiba-sci,2024,日鉄ソリューションズ東日本,1,1,chiba-shushoku-2024,情報通信業
chiba,chiba-intl,2024,日本IBM,1,1,chiba-shushoku-2024,情報通信業
chiba,chiba-lpe,2024,日本IBM,1,1,chiba-shushoku-2024,情報通信業
chiba,chiba-intl,2024,日本タタ•コンサルタンシー•サービシズ,1,1,chiba-shushoku-2024,情報通信業
chiba,chiba-eng,2024,日本テレマティーク,1,1,chiba-shushoku-2024,情報通信業
chiba,chiba-eng,2024,日本プロセス,2,1,chiba-shushoku-2024,情報通信業
chiba,chiba-lpe,2024,日本総合研究所,1,1,chiba-shushoku-2024,情報通信業
chiba,chiba-sci,2024,日本総合研究所,1,1,chiba-shushoku-2024,情報通信業
chiba,chiba-sci,2024,日本電気,1,1,chiba-shushoku-2024,情報通信業
chiba,chiba-sci,2024,日立ソリューションズ,1,1,chiba-shushoku-2024,情報通信業
chiba,chiba-lpe,2024,日立ソリューションズ・クリエイト,1,1,chiba-shushoku-2024,情報通信業
chiba,chiba-letters,2024,日立ハイシステム21,1,1,chiba-shushoku-2024,情報通信業
chiba,chiba-eng,2024,日立製作所,1,1,chiba-shushoku-2024,情報通信業
chiba,chiba-hort,2024,日立製作所,1,1,chiba-shushoku-2024,情報通信業
chiba,chiba-eng,2024,博報堂プロダクツ,1,1,chiba-shushoku-2024,情報通信業
chiba,chiba-hort,2024,柊ソフト開発,1,1,chiba-shushoku-2024,情報通信業
chiba,chiba-letters,2024,富士ソフト,1,1,chiba-shushoku-2024,情報通信業
chiba,chiba-lpe,2024,富士ソフト,1,1,chiba-shushoku-2024,情報通信業
chiba,chiba-sci,2024,富士ソフト,1,1,chiba-shushoku-2024,情報通信業
chiba,chiba-lpe,2024,富士通,1,1,chiba-shushoku-2024,情報通信業
chiba,chiba-eng,2024,野村総合研究所,1,1,chiba-shushoku-2024,情報通信業
chiba,chiba-letters,2024,鈴与シンワート,1,1,chiba-shushoku-2024,情報通信業
chiba,chiba-letters,2024,Kスカイ,1,1,chiba-shushoku-2024,運輸業、郵便業
chiba,chiba-letters,2024,エミレーツ航空,1,1,chiba-shushoku-2024,運輸業、郵便業
chiba,chiba-edu,2024,オーシャン ネットワークエクスプレス ホールディングス,1,1,chiba-shushoku-2024,運輸業、郵便業
chiba,chiba-intl,2024,オーシャンネットワークエクスプレス,1,1,chiba-shushoku-2024,運輸業、郵便業
chiba,chiba-edu,2024,京成電鉄,1,1,chiba-shushoku-2024,運輸業、郵便業
chiba,chiba-edu,2024,三井倉庫ホールディングス,1,1,chiba-shushoku-2024,運輸業、郵便業
chiba,chiba-letters,2024,三和倉庫,1,1,chiba-shushoku-2024,運輸業、郵便業
chiba,chiba-lpe,2024,小田急電鉄,1,1,chiba-shushoku-2024,運輸業、郵便業
chiba,chiba-letters,2024,第一中央汽船,1,1,chiba-shushoku-2024,運輸業、郵便業
chiba,chiba-edu,2024,帝産観光バス,1,1,chiba-shushoku-2024,運輸業、郵便業
chiba,chiba-hort,2024,東海旅客鉄道,1,1,chiba-shushoku-2024,運輸業、郵便業
chiba,chiba-intl,2024,東日本高速道路,1,1,chiba-shushoku-2024,運輸業、郵便業
chiba,chiba-letters,2024,東日本旅客鉄道,1,1,chiba-shushoku-2024,運輸業、郵便業
chiba,chiba-lpe,2024,東日本旅客鉄道,1,1,chiba-shushoku-2024,運輸業、郵便業
chiba,chiba-edu,2024,東日本旅客鉄道,1,1,chiba-shushoku-2024,運輸業、郵便業
chiba,chiba-intl,2024,日本航空,1,1,chiba-shushoku-2024,運輸業、郵便業
chiba,chiba-lpe,2024,日本航空,1,1,chiba-shushoku-2024,運輸業、郵便業
chiba,chiba-lpe,2024,日本通運,2,1,chiba-shushoku-2024,運輸業、郵便業
chiba,chiba-lpe,2024,日本郵便,1,1,chiba-shushoku-2024,運輸業、郵便業
chiba,chiba-letters,2024,北海道旅客鉄道,1,1,chiba-shushoku-2024,運輸業、郵便業
chiba,chiba-lpe,2024,北総鉄道,1,1,chiba-shushoku-2024,運輸業、郵便業
chiba,chiba-eng,2024,DINOS CORPORATION,1,1,chiba-shushoku-2024,卸売業、小売業
chiba,chiba-letters,2024,elematec,1,1,chiba-shushoku-2024,卸売業、小売業
chiba,chiba-lpe,2024,JFE商事,1,1,chiba-shushoku-2024,卸売業、小売業
chiba,chiba-edu,2024,NAAリテイリング,1,1,chiba-shushoku-2024,卸売業、小売業
chiba,chiba-lpe,2024,NICE CLAUP,1,1,chiba-shushoku-2024,卸売業、小売業
chiba,chiba-letters,2024,ZOZO,1,1,chiba-shushoku-2024,卸売業、小売業
chiba,chiba-lpe,2024,アイ・ティー・シー,1,1,chiba-shushoku-2024,卸売業、小売業
chiba,chiba-letters,2024,アエナ,1,1,chiba-shushoku-2024,卸売業、小売業
chiba,chiba-eng,2024,アダストリア,1,1,chiba-shushoku-2024,卸売業、小売業
chiba,chiba-edu,2024,イオンアイビス,1,1,chiba-shushoku-2024,卸売業、小売業
chiba,chiba-hort,2024,イオンリテール,1,1,chiba-shushoku-2024,卸売業、小売業
chiba,chiba-letters,2024,ヴィクトリア,1,1,chiba-shushoku-2024,卸売業、小売業
chiba,chiba-letters,2024,エース,1,1,chiba-shushoku-2024,卸売業、小売業
chiba,chiba-eng,2024,エフティグループ,1,1,chiba-shushoku-2024,卸売業、小売業
chiba,chiba-letters,2024,カクヤス,1,1,chiba-shushoku-2024,卸売業、小売業
chiba,chiba-lpe,2024,キヤノンマーケティングジャパン,1,1,chiba-shushoku-2024,卸売業、小売業
chiba,chiba-letters,2024,クスリのアオキ,1,1,chiba-shushoku-2024,卸売業、小売業
chiba,chiba-lpe,2024,コメリ,1,1,chiba-shushoku-2024,卸売業、小売業
chiba,chiba-intl,2024,スタイリングライフ・ホールディングス プラザスタイル カンパニー,1,1,chiba-shushoku-2024,卸売業、小売業
chiba,chiba-intl,2024,ゼンショーホールディングス,1,1,chiba-shushoku-2024,卸売業、小売業
chiba,chiba-lpe,2024,ニトリ,1,1,chiba-shushoku-2024,卸売業、小売業
chiba,chiba-hort,2024,ニトリホールディングス,1,1,chiba-shushoku-2024,卸売業、小売業
chiba,chiba-lpe,2024,ノジマ,1,1,chiba-shushoku-2024,卸売業、小売業
chiba,chiba-lpe,2024,パーツワン,1,1,chiba-shushoku-2024,卸売業、小売業
chiba,chiba-intl,2024,パシフィックソーワ,1,1,chiba-shushoku-2024,卸売業、小売業
chiba,chiba-edu,2024,ビックカメラ,1,1,chiba-shushoku-2024,卸売業、小売業
chiba,chiba-eng,2024,ファーストリテイリング,1,1,chiba-shushoku-2024,卸売業、小売業
chiba,chiba-lpe,2024,ファミリーマート,1,1,chiba-shushoku-2024,卸売業、小売業
chiba,chiba-lpe,2024,フィジックステクノロジー,1,1,chiba-shushoku-2024,卸売業、小売業
chiba,chiba-letters,2024,フコクしんらい生命保険,1,1,chiba-shushoku-2024,卸売業、小売業
chiba,chiba-letters,2024,ブリヂストンタイヤソリューションジャパン,1,1,chiba-shushoku-2024,卸売業、小売業
chiba,chiba-hort,2024,ベイクルーズ,1,1,chiba-shushoku-2024,卸売業、小売業
chiba,chiba-edu,2024,ボーネルンド,1,1,chiba-shushoku-2024,卸売業、小売業
chiba,chiba-hort,2024,マルイチ産商,1,1,chiba-shushoku-2024,卸売業、小売業
chiba,chiba-intl,2024,ユニクロ,1,1,chiba-shushoku-2024,卸売業、小売業
chiba,chiba-lpe,2024,伊藤忠ケミカルフロンティア,1,1,chiba-shushoku-2024,卸売業、小売業
chiba,chiba-lpe,2024,伊藤忠丸紅特殊鋼,1,1,chiba-shushoku-2024,卸売業、小売業
chiba,chiba-intl,2024,伊藤忠建材,1,1,chiba-shushoku-2024,卸売業、小売業
chiba,chiba-hort,2024,伊藤忠食糧,1,1,chiba-shushoku-2024,卸売業、小売業
chiba,chiba-hort,2024,丸石化学品,1,1,chiba-shushoku-2024,卸売業、小売業
chiba,chiba-intl,2024,国際興業,1,1,chiba-shushoku-2024,卸売業、小売業
chiba,chiba-lpe,2024,三菱商事,1,1,chiba-shushoku-2024,卸売業、小売業
chiba,chiba-letters,2024,三菱商事ロジスティクス,1,1,chiba-shushoku-2024,卸売業、小売業
chiba,chiba-lpe,2024,住友商事,1,1,chiba-shushoku-2024,卸売業、小売業
chiba,chiba-letters,2024,双日マシナリー,1,1,chiba-shushoku-2024,卸売業、小売業
chiba,chiba-lpe,2024,日本紙パルプ商事,1,1,chiba-shushoku-2024,卸売業、小売業
chiba,chiba-lpe,2024,福山医科,1,1,chiba-shushoku-2024,卸売業、小売業
chiba,chiba-eng,2024,豊田通商,1,1,chiba-shushoku-2024,卸売業、小売業
chiba,chiba-intl,2024,明和産業,1,1,chiba-shushoku-2024,卸売業、小売業
chiba,chiba-hort,2024,鈴与,1,1,chiba-shushoku-2024,卸売業、小売業
chiba,chiba-eng,2024,auペイメント,1,1,chiba-shushoku-2024,金融業、保険業
chiba,chiba-edu,2024,JALカード,1,1,chiba-shushoku-2024,金融業、保険業
chiba,chiba-sci,2024,Paypay銀行,1,1,chiba-shushoku-2024,金融業、保険業
chiba,chiba-eng,2024,SBIホールディングス,1,1,chiba-shushoku-2024,金融業、保険業
chiba,chiba-hort,2024,SL（STAFF LINK）,1,1,chiba-shushoku-2024,金融業、保険業
chiba,chiba-lpe,2024,SMBC日興証券,1,1,chiba-shushoku-2024,金融業、保険業
chiba,chiba-lpe,2024,あいおいニッセイ同和損害保険,1,1,chiba-shushoku-2024,金融業、保険業
chiba,chiba-lpe,2024,あおぞら銀行,1,1,chiba-shushoku-2024,金融業、保険業
chiba,chiba-lpe,2024,アクサ生命,1,1,chiba-shushoku-2024,金融業、保険業
chiba,chiba-lpe,2024,アコム,1,1,chiba-shushoku-2024,金融業、保険業
chiba,chiba-lpe,2024,イオンフィナンシャルサービス,1,1,chiba-shushoku-2024,金融業、保険業
chiba,chiba-lpe,2024,イオン銀行,1,1,chiba-shushoku-2024,金融業、保険業
chiba,chiba-hort,2024,オリックス銀行,1,1,chiba-shushoku-2024,金融業、保険業
chiba,chiba-lpe,2024,かんぽ生命,1,1,chiba-shushoku-2024,金融業、保険業
chiba,chiba-lpe,2024,クレディセゾン,1,1,chiba-shushoku-2024,金融業、保険業
chiba,chiba-lpe,2024,ゴールドマン・サックス証券,1,1,chiba-shushoku-2024,金融業、保険業
chiba,chiba-intl,2024,ジェーシービー,1,1,chiba-shushoku-2024,金融業、保険業
chiba,chiba-lpe,2024,ジェーシービー,2,1,chiba-shushoku-2024,金融業、保険業
chiba,chiba-sci,2024,ジブラルタ生命保険,1,1,chiba-shushoku-2024,金融業、保険業
chiba,chiba-intl,2024,ソニー生命,1,1,chiba-shushoku-2024,金融業、保険業
chiba,chiba-letters,2024,バンク・ビジネスファクトリー,1,1,chiba-shushoku-2024,金融業、保険業
chiba,chiba-lpe,2024,フォーシーズ,1,1,chiba-shushoku-2024,金融業、保険業
chiba,chiba-edu,2024,みずほ銀行,2,1,chiba-shushoku-2024,金融業、保険業
chiba,chiba-letters,2024,ゆうちょ銀行,1,1,chiba-shushoku-2024,金融業、保険業
chiba,chiba-lpe,2024,ゆうちょ銀行,2,1,chiba-shushoku-2024,金融業、保険業
chiba,chiba-lpe,2024,りそなグループ,1,1,chiba-shushoku-2024,金融業、保険業
chiba,chiba-lpe,2024,りそな銀行,1,1,chiba-shushoku-2024,金融業、保険業
chiba,chiba-lpe,2024,岡三証券,1,1,chiba-shushoku-2024,金融業、保険業
chiba,chiba-intl,2024,三井住友海上あいおい生命保険,1,1,chiba-shushoku-2024,金融業、保険業
chiba,chiba-lpe,2024,三井住友海上火災保険,1,1,chiba-shushoku-2024,金融業、保険業
chiba,chiba-lpe,2024,三井住友銀行,2,1,chiba-shushoku-2024,金融業、保険業
chiba,chiba-edu,2024,三井住友銀行,1,1,chiba-shushoku-2024,金融業、保険業
chiba,chiba-lpe,2024,三井住友信託銀行,2,1,chiba-shushoku-2024,金融業、保険業
chiba,chiba-sci,2024,三菱UFJトラストシステム,1,1,chiba-shushoku-2024,金融業、保険業
chiba,chiba-lpe,2024,三菱UFJニコス,1,1,chiba-shushoku-2024,金融業、保険業
chiba,chiba-lpe,2024,三菱UFJモルガン・スタンレー証券,1,1,chiba-shushoku-2024,金融業、保険業
chiba,chiba-eng,2024,三菱UFJモルガン・スタンレー証券,1,1,chiba-shushoku-2024,金融業、保険業
chiba,chiba-lpe,2024,三菱UFJ銀行,1,1,chiba-shushoku-2024,金融業、保険業
chiba,chiba-letters,2024,住信SBIネット銀行,1,1,chiba-shushoku-2024,金融業、保険業
chiba,chiba-letters,2024,住友生命保険相互会社,1,1,chiba-shushoku-2024,金融業、保険業
chiba,chiba-intl,2024,静銀ティーエム証券,1,1,chiba-shushoku-2024,金融業、保険業
chiba,chiba-intl,2024,千葉銀行,3,1,chiba-shushoku-2024,金融業、保険業
chiba,chiba-letters,2024,千葉銀行,3,1,chiba-shushoku-2024,金融業、保険業
chiba,chiba-lpe,2024,千葉銀行,14,1,chiba-shushoku-2024,金融業、保険業
chiba,chiba-edu,2024,千葉銀行,2,1,chiba-shushoku-2024,金融業、保険業
chiba,chiba-hort,2024,千葉銀行,1,1,chiba-shushoku-2024,金融業、保険業
chiba,chiba-edu,2024,千葉県国民健康保険団体連合会,1,1,chiba-shushoku-2024,金融業、保険業
chiba,chiba-lpe,2024,足利銀行,1,1,chiba-shushoku-2024,金融業、保険業
chiba,chiba-lpe,2024,太陽生命,1,1,chiba-shushoku-2024,金融業、保険業
chiba,chiba-lpe,2024,大同生命保険,1,1,chiba-shushoku-2024,金融業、保険業
chiba,chiba-intl,2024,大和証券,1,1,chiba-shushoku-2024,金融業、保険業
chiba,chiba-lpe,2024,大和証券,2,1,chiba-shushoku-2024,金融業、保険業
chiba,chiba-edu,2024,大和証券,2,1,chiba-shushoku-2024,金融業、保険業
chiba,chiba-hort,2024,大和証券,1,1,chiba-shushoku-2024,金融業、保険業
chiba,chiba-lpe,2024,第四北越銀行,1,1,chiba-shushoku-2024,金融業、保険業
chiba,chiba-letters,2024,島田掛川信用金庫,1,1,chiba-shushoku-2024,金融業、保険業
chiba,chiba-eng,2024,東京スター銀行,1,1,chiba-shushoku-2024,金融業、保険業
chiba,chiba-hort,2024,東京センチュリー,1,1,chiba-shushoku-2024,金融業、保険業
chiba,chiba-lpe,2024,東京海上日動火災保険,1,1,chiba-shushoku-2024,金融業、保険業
chiba,chiba-letters,2024,東京短資,1,1,chiba-shushoku-2024,金融業、保険業
chiba,chiba-eng,2024,日興アセットマネジメント,1,1,chiba-shushoku-2024,金融業、保険業
chiba,chiba-letters,2024,日本カストディ銀行,1,1,chiba-shushoku-2024,金融業、保険業
chiba,chiba-lpe,2024,日本政策金融公庫,6,1,chiba-shushoku-2024,金融業、保険業
chiba,chiba-hort,2024,日本政策金融公庫,2,1,chiba-shushoku-2024,金融業、保険業
chiba,chiba-intl,2024,日本生命保険相互会社,1,1,chiba-shushoku-2024,金融業、保険業
chiba,chiba-lpe,2024,日本生命保険相互会社,1,1,chiba-shushoku-2024,金融業、保険業
chiba,chiba-edu,2024,日本生命保険相互会社,1,1,chiba-shushoku-2024,金融業、保険業
chiba,chiba-lpe,2024,農林中央金庫,1,1,chiba-shushoku-2024,金融業、保険業
chiba,chiba-eng,2024,農林中央金庫,1,1,chiba-shushoku-2024,金融業、保険業
chiba,chiba-hort,2024,農林中央金庫,1,1,chiba-shushoku-2024,金融業、保険業
chiba,chiba-lpe,2024,八十二銀行,1,1,chiba-shushoku-2024,金融業、保険業
chiba,chiba-letters,2024,福岡銀行,1,1,chiba-shushoku-2024,金融業、保険業
chiba,chiba-lpe,2024,北洋銀行,1,1,chiba-shushoku-2024,金融業、保険業
chiba,chiba-edu,2024,（就職先名称等未回答）,1,1,chiba-shushoku-2024,不動産業、物品賃貸業
chiba,chiba-intl,2024,イオンモール,1,1,chiba-shushoku-2024,不動産業、物品賃貸業
chiba,chiba-lpe,2024,ウィル不動産,1,1,chiba-shushoku-2024,不動産業、物品賃貸業
chiba,chiba-lpe,2024,オープンハウスグループ,1,1,chiba-shushoku-2024,不動産業、物品賃貸業
chiba,chiba-intl,2024,グッドコム,1,1,chiba-shushoku-2024,不動産業、物品賃貸業
chiba,chiba-eng,2024,ゴールドクレスト,1,1,chiba-shushoku-2024,不動産業、物品賃貸業
chiba,chiba-lpe,2024,トーセイ,1,1,chiba-shushoku-2024,不動産業、物品賃貸業
chiba,chiba-eng,2024,トーセイ,1,1,chiba-shushoku-2024,不動産業、物品賃貸業
chiba,chiba-lpe,2024,フォーシーズ,1,1,chiba-shushoku-2024,不動産業、物品賃貸業
chiba,chiba-lpe,2024,ホーク・ワン,1,1,chiba-shushoku-2024,不動産業、物品賃貸業
chiba,chiba-eng,2024,ポラス,1,1,chiba-shushoku-2024,不動産業、物品賃貸業
chiba,chiba-sci,2024,ランドネット,1,1,chiba-shushoku-2024,不動産業、物品賃貸業
chiba,chiba-letters,2024,レキオス,1,1,chiba-shushoku-2024,不動産業、物品賃貸業
chiba,chiba-hort,2024,三井不動産商業マネジメント,1,1,chiba-shushoku-2024,不動産業、物品賃貸業
chiba,chiba-eng,2024,三菱地所プロパティマネジメント,1,1,chiba-shushoku-2024,不動産業、物品賃貸業
chiba,chiba-lpe,2024,相互住宅,1,1,chiba-shushoku-2024,不動産業、物品賃貸業
chiba,chiba-letters,2024,長谷工コーポレーション,1,1,chiba-shushoku-2024,不動産業、物品賃貸業
chiba,chiba-eng,2024,東急コミュニティー,1,1,chiba-shushoku-2024,不動産業、物品賃貸業
chiba,chiba-intl,2024,東急リバブル,1,1,chiba-shushoku-2024,不動産業、物品賃貸業
chiba,chiba-lpe,2024,日鉄興和不動産,1,1,chiba-shushoku-2024,不動産業、物品賃貸業
chiba,chiba-letters,2024,日本ハウズイング,1,1,chiba-shushoku-2024,不動産業、物品賃貸業
chiba,chiba-lpe,2024,野村不動産,1,1,chiba-shushoku-2024,不動産業、物品賃貸業
chiba,chiba-sci,2024,（就職先名称等未回答）,1,1,chiba-shushoku-2024,学術研究、専門・技術サービス業
chiba,chiba-eng,2024,（就職先名称等未回答）,1,1,chiba-shushoku-2024,学術研究、専門・技術サービス業
chiba,chiba-hort,2024,（就職先名称等未回答）,1,1,chiba-shushoku-2024,学術研究、専門・技術サービス業
chiba,chiba-lpe,2024,AKKODiSコンサルティング,1,1,chiba-shushoku-2024,学術研究、専門・技術サービス業
chiba,chiba-intl,2024,Anfini,1,1,chiba-shushoku-2024,学術研究、専門・技術サービス業
chiba,chiba-lpe,2024,BTKソリューション,1,1,chiba-shushoku-2024,学術研究、専門・技術サービス業
chiba,chiba-lpe,2024,Dirbato,2,1,chiba-shushoku-2024,学術研究、専門・技術サービス業
chiba,chiba-edu,2024,Dirbato,1,1,chiba-shushoku-2024,学術研究、専門・技術サービス業
chiba,chiba-sci,2024,Dirbato,1,1,chiba-shushoku-2024,学術研究、専門・技術サービス業
chiba,chiba-lpe,2024,EY新日本有限責任監査法人,1,1,chiba-shushoku-2024,学術研究、専門・技術サービス業
chiba,chiba-lpe,2024,Hakuhodo DY ONE,1,1,chiba-shushoku-2024,学術研究、専門・技術サービス業
chiba,chiba-eng,2024,ipe,1,1,chiba-shushoku-2024,学術研究、専門・技術サービス業
chiba,chiba-lpe,2024,KPMG税理士法人,1,1,chiba-shushoku-2024,学術研究、専門・技術サービス業
chiba,chiba-eng,2024,NTTデータグループ,1,1,chiba-shushoku-2024,学術研究、専門・技術サービス業
chiba,chiba-letters,2024,PwCコンサルティング合同会社,1,1,chiba-shushoku-2024,学術研究、専門・技術サービス業
chiba,chiba-eng,2024,Reｰgrit Partners,1,1,chiba-shushoku-2024,学術研究、専門・技術サービス業
chiba,chiba-letters,2024,WAVE,1,1,chiba-shushoku-2024,学術研究、専門・技術サービス業
chiba,chiba-eng,2024,アウトソーシングテクノロジー,1,1,chiba-shushoku-2024,学術研究、専門・技術サービス業
chiba,chiba-intl,2024,アクセンチュア,2,1,chiba-shushoku-2024,学術研究、専門・技術サービス業
chiba,chiba-lpe,2024,アクセンチュア,1,1,chiba-shushoku-2024,学術研究、専門・技術サービス業
chiba,chiba-hort,2024,アクセンチュア,2,1,chiba-shushoku-2024,学術研究、専門・技術サービス業
chiba,chiba-pharm,2024,アクセンチュア,1,1,chiba-shushoku-2024,学術研究、専門・技術サービス業
chiba,chiba-pharm,2024,アッヴィ合同会社,1,1,chiba-shushoku-2024,学術研究、専門・技術サービス業
chiba,chiba-eng,2024,アバント,1,1,chiba-shushoku-2024,学術研究、専門・技術サービス業
chiba,chiba-lpe,2024,アビームコンサルティング,2,1,chiba-shushoku-2024,学術研究、専門・技術サービス業
chiba,chiba-lpe,2024,アンダーソン・毛利・友常法律事務所外国法共同事業,1,1,chiba-shushoku-2024,学術研究、専門・技術サービス業
chiba,chiba-letters,2024,インテージ,1,1,chiba-shushoku-2024,学術研究、専門・技術サービス業
chiba,chiba-lpe,2024,エンミッシュ,1,1,chiba-shushoku-2024,学術研究、専門・技術サービス業
chiba,chiba-lpe,2024,ギーカーズラボ,1,1,chiba-shushoku-2024,学術研究、専門・技術サービス業
chiba,chiba-lpe,2024,サクヤ,1,1,chiba-shushoku-2024,学術研究、専門・技術サービス業
chiba,chiba-eng,2024,システムコミュニケーションズ,1,1,chiba-shushoku-2024,学術研究、専門・技術サービス業
chiba,chiba-lpe,2024,シナジー・ソリューションズ,1,1,chiba-shushoku-2024,学術研究、専門・技術サービス業
chiba,chiba-eng,2024,シンプレクス・ホールディングス,1,1,chiba-shushoku-2024,学術研究、専門・技術サービス業
chiba,chiba-lpe,2024,セレブリックス,1,1,chiba-shushoku-2024,学術研究、専門・技術サービス業
chiba,chiba-eng,2024,ソリューション・アンド・テクノロジー,1,1,chiba-shushoku-2024,学術研究、専門・技術サービス業
chiba,chiba-intl,2024,デロイトトーマツファイナンシャルアドバイザリー,1,1,chiba-shushoku-2024,学術研究、専門・技術サービス業
chiba,chiba-lpe,2024,デロイトトーマツファイナンシャルアドバイザリー,2,1,chiba-shushoku-2024,学術研究、専門・技術サービス業
chiba,chiba-lpe,2024,デロイトトーマツベンチャーサポート,1,1,chiba-shushoku-2024,学術研究、専門・技術サービス業
chiba,chiba-eng,2024,ドメリカ,1,1,chiba-shushoku-2024,学術研究、専門・技術サービス業
chiba,chiba-letters,2024,ニューズベース,1,1,chiba-shushoku-2024,学術研究、専門・技術サービス業
chiba,chiba-lpe,2024,ネオキャリア,1,1,chiba-shushoku-2024,学術研究、専門・技術サービス業
chiba,chiba-edu,2024,パーソルワークスイッチコンサルティング,1,1,chiba-shushoku-2024,学術研究、専門・技術サービス業
chiba,chiba-letters,2024,ビーワークス,1,1,chiba-shushoku-2024,学術研究、専門・技術サービス業
chiba,chiba-lpe,2024,ビジネスブレイン太田昭和,1,1,chiba-shushoku-2024,学術研究、専門・技術サービス業
chiba,chiba-lpe,2024,ビジョン・コンサルティング,2,1,chiba-shushoku-2024,学術研究、専門・技術サービス業
chiba,chiba-lpe,2024,フューチャーアーキテクト,1,1,chiba-shushoku-2024,学術研究、専門・技術サービス業
chiba,chiba-letters,2024,ブライエッジ,1,1,chiba-shushoku-2024,学術研究、専門・技術サービス業
chiba,chiba-sci,2024,プレックス,1,1,chiba-shushoku-2024,学術研究、専門・技術サービス業
chiba,chiba-intl,2024,ベイカレント,1,1,chiba-shushoku-2024,学術研究、専門・技術サービス業
chiba,chiba-lpe,2024,ベイカレント,2,1,chiba-shushoku-2024,学術研究、専門・技術サービス業
chiba,chiba-lpe,2024,ベイカレント・コンサルティング,1,1,chiba-shushoku-2024,学術研究、専門・技術サービス業
chiba,chiba-eng,2024,ベイカレント・コンサルティング,1,1,chiba-shushoku-2024,学術研究、専門・技術サービス業
chiba,chiba-lpe,2024,マネジメントソリューションズ,1,1,chiba-shushoku-2024,学術研究、専門・技術サービス業
chiba,chiba-intl,2024,メディアハウスホールディングス,1,1,chiba-shushoku-2024,学術研究、専門・技術サービス業
chiba,chiba-letters,2024,ユナイトアンドグロウ,1,1,chiba-shushoku-2024,学術研究、専門・技術サービス業
chiba,chiba-letters,2024,ライズ・コンサルティング・グループ,1,1,chiba-shushoku-2024,学術研究、専門・技術サービス業
chiba,chiba-edu,2024,リンクソシュール,1,1,chiba-shushoku-2024,学術研究、専門・技術サービス業
chiba,chiba-eng,2024,レイス,1,1,chiba-shushoku-2024,学術研究、専門・技術サービス業
chiba,chiba-lpe,2024,レイスグループ,1,1,chiba-shushoku-2024,学術研究、専門・技術サービス業
chiba,chiba-lpe,2024,レイヤーズ・コンサルティング,2,1,chiba-shushoku-2024,学術研究、専門・技術サービス業
chiba,chiba-letters,2024,レバレジーズ,1,1,chiba-shushoku-2024,学術研究、専門・技術サービス業
chiba,chiba-hort,2024,ワールドカラー,1,1,chiba-shushoku-2024,学術研究、専門・技術サービス業
chiba,chiba-pharm,2024,医薬品医療機器総合機構,1,1,chiba-shushoku-2024,学術研究、専門・技術サービス業
chiba,chiba-hort,2024,科学技術振興機構,1,1,chiba-shushoku-2024,学術研究、専門・技術サービス業
chiba,chiba-intl,2024,京王ビジネスサポート,1,1,chiba-shushoku-2024,学術研究、専門・技術サービス業
chiba,chiba-hort,2024,空間創研,1,1,chiba-shushoku-2024,学術研究、専門・技術サービス業
chiba,chiba-lpe,2024,国立研究開発法人情報通信研究機構,1,1,chiba-shushoku-2024,学術研究、専門・技術サービス業
chiba,chiba-eng,2024,山田コンサルティング,1,1,chiba-shushoku-2024,学術研究、専門・技術サービス業
chiba,chiba-edu,2024,清和特許法律事務所,1,1,chiba-shushoku-2024,学術研究、専門・技術サービス業
chiba,chiba-lpe,2024,船井総合研究所,1,1,chiba-shushoku-2024,学術研究、専門・技術サービス業
chiba,chiba-pharm,2024,大塚製薬,1,1,chiba-shushoku-2024,学術研究、専門・技術サービス業
chiba,chiba-letters,2024,電通,1,1,chiba-shushoku-2024,学術研究、専門・技術サービス業
chiba,chiba-letters,2024,読売広告社,1,1,chiba-shushoku-2024,学術研究、専門・技術サービス業
chiba,chiba-sci,2024,日本ウィルテックソリューション,1,1,chiba-shushoku-2024,学術研究、専門・技術サービス業
chiba,chiba-lpe,2024,日本経営,1,1,chiba-shushoku-2024,学術研究、専門・技術サービス業
chiba,chiba-hort,2024,日本工営都市空間,1,1,chiba-shushoku-2024,学術研究、専門・技術サービス業
chiba,chiba-lpe,2024,日本総合研究所,1,1,chiba-shushoku-2024,学術研究、専門・技術サービス業
chiba,chiba-hort,2024,農業・食品産業技術総合研究機構,1,1,chiba-shushoku-2024,学術研究、専門・技術サービス業
chiba,chiba-lpe,2024,防災科学技術研究所,1,1,chiba-shushoku-2024,学術研究、専門・技術サービス業
chiba,chiba-lpe,2024,有限責任あずさ監査法人,2,1,chiba-shushoku-2024,学術研究、専門・技術サービス業
chiba,chiba-letters,2024,アパホテル,1,1,chiba-shushoku-2024,宿泊業、飲食サービス業
chiba,chiba-lpe,2024,アパホテル,1,1,chiba-shushoku-2024,宿泊業、飲食サービス業
chiba,chiba-letters,2024,すかいらーく,1,1,chiba-shushoku-2024,宿泊業、飲食サービス業
chiba,chiba-hort,2024,すかいらーく,1,1,chiba-shushoku-2024,宿泊業、飲食サービス業
chiba,chiba-sci,2024,スターバックスコーヒージャパン,1,1,chiba-shushoku-2024,宿泊業、飲食サービス業
chiba,chiba-intl,2024,ゼンショーホールディングス,1,1,chiba-shushoku-2024,宿泊業、飲食サービス業
chiba,chiba-edu,2024,はま寿司,1,1,chiba-shushoku-2024,宿泊業、飲食サービス業
chiba,chiba-letters,2024,ヒューリックホテルマネジメント,1,1,chiba-shushoku-2024,宿泊業、飲食サービス業
chiba,chiba-intl,2024,リゾートトラスト,1,1,chiba-shushoku-2024,宿泊業、飲食サービス業
chiba,chiba-intl,2024,京王プラザホテル,1,1,chiba-shushoku-2024,宿泊業、飲食サービス業
chiba,chiba-edu,2024,星野リゾート,1,1,chiba-shushoku-2024,宿泊業、飲食サービス業
chiba,chiba-lpe,2024,物語コーポレーション,1,1,chiba-shushoku-2024,宿泊業、飲食サービス業
chiba,chiba-letters,2024,豊昇,1,1,chiba-shushoku-2024,宿泊業、飲食サービス業
chiba,chiba-letters,2024,JTB,1,1,chiba-shushoku-2024,生活関連サービス業、娯楽業
chiba,chiba-intl,2024,JTBビジネストラベルソリューションズ,1,1,chiba-shushoku-2024,生活関連サービス業、娯楽業
chiba,chiba-hort,2024,TTC,1,1,chiba-shushoku-2024,生活関連サービス業、娯楽業
chiba,chiba-edu,2024,ZOZOマリンスタジアム,1,1,chiba-shushoku-2024,生活関連サービス業、娯楽業
chiba,chiba-edu,2024,アサイン,1,1,chiba-shushoku-2024,生活関連サービス業、娯楽業
chiba,chiba-letters,2024,エイベックス,1,1,chiba-shushoku-2024,生活関連サービス業、娯楽業
chiba,chiba-hort,2024,エスクリ,1,1,chiba-shushoku-2024,生活関連サービス業、娯楽業
chiba,chiba-lpe,2024,オリエンタルランド,1,1,chiba-shushoku-2024,生活関連サービス業、娯楽業
chiba,chiba-letters,2024,カーベル,1,1,chiba-shushoku-2024,生活関連サービス業、娯楽業
chiba,chiba-lpe,2024,コナミグループ,1,1,chiba-shushoku-2024,生活関連サービス業、娯楽業
chiba,chiba-letters,2024,サントリーパブリシティサービス,1,1,chiba-shushoku-2024,生活関連サービス業、娯楽業
chiba,chiba-eng,2024,テイクアンドギヴ・ニーズ,1,1,chiba-shushoku-2024,生活関連サービス業、娯楽業
chiba,chiba-letters,2024,ワタナベエンターテインメント,1,1,chiba-shushoku-2024,生活関連サービス業、娯楽業
chiba,chiba-sci,2024,ワタナベエンターテインメント,1,1,chiba-shushoku-2024,生活関連サービス業、娯楽業
chiba,chiba-edu,2024,近畿日本ツーリスト,1,1,chiba-shushoku-2024,生活関連サービス業、娯楽業
chiba,chiba-letters,2024,東武トップツアーズ,1,1,chiba-shushoku-2024,生活関連サービス業、娯楽業
chiba,chiba-intl,2024,東北新社,1,1,chiba-shushoku-2024,生活関連サービス業、娯楽業
chiba,chiba-lpe,2024,日本航空,1,1,chiba-shushoku-2024,生活関連サービス業、娯楽業
chiba,chiba-letters,2024,宝塚舞台,1,1,chiba-shushoku-2024,生活関連サービス業、娯楽業
chiba,chiba-letters,2024,北欧旅行フィンツアー,1,1,chiba-shushoku-2024,生活関連サービス業、娯楽業
chiba,chiba-edu,2024,（就職先名称等未回答）,1,1,chiba-shushoku-2024,教育、学習支援業
chiba,chiba-edu,2024,CKCネットワーク,1,1,chiba-shushoku-2024,教育、学習支援業
chiba,chiba-letters,2024,FCE,1,1,chiba-shushoku-2024,教育、学習支援業
chiba,chiba-edu,2024,Grow-S,1,1,chiba-shushoku-2024,教育、学習支援業
chiba,chiba-eng,2024,オープラス,1,1,chiba-shushoku-2024,教育、学習支援業
chiba,chiba-intl,2024,キャリアコンサルティング,1,1,chiba-shushoku-2024,教育、学習支援業
chiba,chiba-edu,2024,さんぽう,1,1,chiba-shushoku-2024,教育、学習支援業
chiba,chiba-edu,2024,スプリックス,2,1,chiba-shushoku-2024,教育、学習支援業
chiba,chiba-sci,2024,スプリックス,1,1,chiba-shushoku-2024,教育、学習支援業
chiba,chiba-edu,2024,チエル,1,1,chiba-shushoku-2024,教育、学習支援業
chiba,chiba-edu,2024,トライグループ,1,1,chiba-shushoku-2024,教育、学習支援業
chiba,chiba-edu,2024,ナガセ,1,1,chiba-shushoku-2024,教育、学習支援業
chiba,chiba-intl,2024,ベネッセコーポレーション,1,1,chiba-shushoku-2024,教育、学習支援業
chiba,chiba-edu,2024,ベネッセコーポレーション,3,1,chiba-shushoku-2024,教育、学習支援業
chiba,chiba-sci,2024,やる気スイッチグループ,1,1,chiba-shushoku-2024,教育、学習支援業
chiba,chiba-edu,2024,京葉学院,1,1,chiba-shushoku-2024,教育、学習支援業
chiba,chiba-edu,2024,興学社,1,1,chiba-shushoku-2024,教育、学習支援業
chiba,chiba-letters,2024,静岡文化芸術大学,1,1,chiba-shushoku-2024,教育、学習支援業
chiba,chiba-letters,2024,千葉大学,1,1,chiba-shushoku-2024,教育、学習支援業
chiba,chiba-edu,2024,千葉大学,2,1,chiba-shushoku-2024,教育、学習支援業
chiba,chiba-hort,2024,千葉大学,1,1,chiba-shushoku-2024,教育、学習支援業
chiba,chiba-sci,2024,専修大学,1,1,chiba-shushoku-2024,教育、学習支援業
chiba,chiba-edu,2024,船橋市教育委員会総合教育センターサポートルーム,1,1,chiba-shushoku-2024,教育、学習支援業
chiba,chiba-edu,2024,創英コーポレーション,1,1,chiba-shushoku-2024,教育、学習支援業
chiba,chiba-edu,2024,大学改革支援・学位授与機構,1,1,chiba-shushoku-2024,教育、学習支援業
chiba,chiba-lpe,2024,東京工業大学,1,1,chiba-shushoku-2024,教育、学習支援業
chiba,chiba-edu,2024,東京女子医科大学,1,1,chiba-shushoku-2024,教育、学習支援業
chiba,chiba-intl,2024,東京大学,1,1,chiba-shushoku-2024,教育、学習支援業
chiba,chiba-edu,2024,東北大学,1,1,chiba-shushoku-2024,教育、学習支援業
chiba,chiba-eng,2024,明光ネットワークジャパン,1,1,chiba-shushoku-2024,教育、学習支援業
chiba,chiba-letters,2024,臨海,1,1,chiba-shushoku-2024,教育、学習支援業
chiba,chiba-intl,2024,LITALICO,1,1,chiba-shushoku-2024,医療、福祉
chiba,chiba-nurs,2024,NTT東日本関東病院,1,1,chiba-shushoku-2024,医療、福祉
chiba,chiba-intl,2024,Yメディカル,1,1,chiba-shushoku-2024,医療、福祉
chiba,chiba-pharm,2024,アインホールディングス,5,1,chiba-shushoku-2024,医療、福祉
chiba,chiba-pharm,2024,アイン薬局,1,1,chiba-shushoku-2024,医療、福祉
chiba,chiba-pharm,2024,ウエルシア薬局,2,1,chiba-shushoku-2024,医療、福祉
chiba,chiba-pharm,2024,エーザイ,1,1,chiba-shushoku-2024,医療、福祉
chiba,chiba-edu,2024,えどがわ森の保育園,1,1,chiba-shushoku-2024,医療、福祉
chiba,chiba-pharm,2024,がん研究会有明病院,1,1,chiba-shushoku-2024,医療、福祉
chiba,chiba-nurs,2024,がん研究会有明病院,1,1,chiba-shushoku-2024,医療、福祉
chiba,chiba-edu,2024,キッズラボ蓮沼園,1,1,chiba-shushoku-2024,医療、福祉
chiba,chiba-lpe,2024,ケアリッツ・アンド・パートナーズ,1,1,chiba-shushoku-2024,医療、福祉
chiba,chiba-med,2024,さいたま市立病院,1,1,chiba-shushoku-2024,医療、福祉
chiba,chiba-med,2024,セコメディック病院,1,1,chiba-shushoku-2024,医療、福祉
chiba,chiba-med,2024,トヨタ記念病院,1,1,chiba-shushoku-2024,医療、福祉
chiba,chiba-hort,2024,ベストメディカルサービス,1,1,chiba-shushoku-2024,医療、福祉
chiba,chiba-edu,2024,ライクキッズ,1,1,chiba-shushoku-2024,医療、福祉
chiba,chiba-letters,2024,リエイ,1,1,chiba-shushoku-2024,医療、福祉
chiba,chiba-edu,2024,わこう村 和光園,1,1,chiba-shushoku-2024,医療、福祉
chiba,chiba-med,2024,杏林大学医学部付属杉並病院,1,1,chiba-shushoku-2024,医療、福祉
chiba,chiba-lpe,2024,医療法人社団 成仁,1,1,chiba-shushoku-2024,医療、福祉
chiba,chiba-med,2024,横浜市立みなと赤十字病院,1,1,chiba-shushoku-2024,医療、福祉
chiba,chiba-nurs,2024,横浜市立みなと赤十字病院,1,1,chiba-shushoku-2024,医療、福祉
chiba,chiba-med,2024,横浜労災病院,1,1,chiba-shushoku-2024,医療、福祉
chiba,chiba-med,2024,王子生協病院,1,1,chiba-shushoku-2024,医療、福祉
chiba,chiba-med,2024,沖縄県立中部病院,1,1,chiba-shushoku-2024,医療、福祉
chiba,chiba-med,2024,河北総合病院,1,1,chiba-shushoku-2024,医療、福祉
chiba,chiba-med,2024,慶應義塾大学病院,1,1,chiba-shushoku-2024,医療、福祉
chiba,chiba-nurs,2024,慶應義塾大学病院,4,1,chiba-shushoku-2024,医療、福祉
chiba,chiba-med,2024,戸田中央総合病院,1,1,chiba-shushoku-2024,医療、福祉
chiba,chiba-med,2024,公益財団法人甲南会甲南医療センター,1,1,chiba-shushoku-2024,医療、福祉
chiba,chiba-med,2024,公立学校共済組合関東中央病院,3,1,chiba-shushoku-2024,医療、福祉
chiba,chiba-med,2024,公立館林厚生病院,1,1,chiba-shushoku-2024,医療、福祉
chiba,chiba-med,2024,公立昭和病院,1,1,chiba-shushoku-2024,医療、福祉
chiba,chiba-med,2024,国家公務員共済組合連合会虎の門病院,3,1,chiba-shushoku-2024,医療、福祉
chiba,chiba-med,2024,国家公務員共済組合連合会東北公済病院,1,1,chiba-shushoku-2024,医療、福祉
chiba,chiba-med,2024,国保直営総合病院君津中央病院,4,1,chiba-shushoku-2024,医療、福祉
chiba,chiba-pharm,2024,国立がん研究センター中央病院,1,1,chiba-shushoku-2024,医療、福祉
chiba,chiba-nurs,2024,国立がん研究センター中央病院,1,1,chiba-shushoku-2024,医療、福祉
chiba,chiba-nurs,2024,国立がん研究センター東病院,1,1,chiba-shushoku-2024,医療、福祉
chiba,chiba-pharm,2024,国立研究開発法人国立成育医療研究センター,1,1,chiba-shushoku-2024,医療、福祉
chiba,chiba-nurs,2024,国立研究開発法人国立成育医療研究センター,3,1,chiba-shushoku-2024,医療、福祉
chiba,chiba-med,2024,国立国際医療研究センター国府台病院,1,1,chiba-shushoku-2024,医療、福祉
chiba,chiba-med,2024,国立国際医療研究センター病院,1,1,chiba-shushoku-2024,医療、福祉
chiba,chiba-med,2024,国立病院機構災害医療センター,1,1,chiba-shushoku-2024,医療、福祉
chiba,chiba-med,2024,国立病院機構埼玉病院,1,1,chiba-shushoku-2024,医療、福祉
chiba,chiba-med,2024,国立病院機構千葉医療センター,4,1,chiba-shushoku-2024,医療、福祉
chiba,chiba-med,2024,国立病院機構相模原病院,1,1,chiba-shushoku-2024,医療、福祉
chiba,chiba-med,2024,国立病院機構東京医療センター,1,1,chiba-shushoku-2024,医療、福祉
chiba,chiba-med,2024,済生会習志野病院,2,1,chiba-shushoku-2024,医療、福祉
chiba,chiba-nurs,2024,埼玉医科大学,1,1,chiba-shushoku-2024,医療、福祉
chiba,chiba-med,2024,市立宇和島病院,1,1,chiba-shushoku-2024,医療、福祉
chiba,chiba-med,2024,市立青梅総合医療センター,1,1,chiba-shushoku-2024,医療、福祉
chiba,chiba-med,2024,自警会東京警察病院,1,1,chiba-shushoku-2024,医療、福祉
chiba,chiba-nurs,2024,自治医科大学附属さいたま医療センター,1,1,chiba-shushoku-2024,医療、福祉
chiba,chiba-pharm,2024,秋田大学医学部附属病院,1,1,chiba-shushoku-2024,医療、福祉
chiba,chiba-nurs,2024,順天堂大学医学部附属浦安病院,1,1,chiba-shushoku-2024,医療、福祉
chiba,chiba-edu,2024,小田原市立桜井保育園,1,1,chiba-shushoku-2024,医療、福祉
chiba,chiba-edu,2024,松戸市保育所,1,1,chiba-shushoku-2024,医療、福祉
chiba,chiba-med,2024,松戸市立総合医療センター,5,1,chiba-shushoku-2024,医療、福祉
chiba,chiba-nurs,2024,沼津市役所,1,1,chiba-shushoku-2024,医療、福祉
chiba,chiba-med,2024,湘南鎌倉総合病院,1,1,chiba-shushoku-2024,医療、福祉
chiba,chiba-med,2024,上都賀総合病院,1,1,chiba-shushoku-2024,医療、福祉
chiba,chiba-nurs,2024,信州大学医学部附属病院,1,1,chiba-shushoku-2024,医療、福祉
chiba,chiba-med,2024,吹田市民病院,1,1,chiba-shushoku-2024,医療、福祉
chiba,chiba-nurs,2024,世田谷区,1,1,chiba-shushoku-2024,医療、福祉
chiba,chiba-med,2024,成田赤十字病院,5,1,chiba-shushoku-2024,医療、福祉
chiba,chiba-nurs,2024,成田赤十字病院,1,1,chiba-shushoku-2024,医療、福祉
chiba,chiba-med,2024,聖マリアンナ医科大学横浜市西部病院,1,1,chiba-shushoku-2024,医療、福祉
chiba,chiba-pharm,2024,聖マリアンナ医科大学病院,1,1,chiba-shushoku-2024,医療、福祉
chiba,chiba-med,2024,聖路加国際大学聖路加国際病院,1,1,chiba-shushoku-2024,医療、福祉
chiba,chiba-nurs,2024,聖路加国際大学聖路加国際病院,1,1,chiba-shushoku-2024,医療、福祉
chiba,chiba-med,2024,静岡県立総合病院,2,1,chiba-shushoku-2024,医療、福祉
chiba,chiba-nurs,2024,静岡市,1,1,chiba-shushoku-2024,医療、福祉
chiba,chiba-med,2024,千葉メディカルセンター,2,1,chiba-shushoku-2024,医療、福祉
chiba,chiba-med,2024,千葉県がんセンター,1,1,chiba-shushoku-2024,医療、福祉
chiba,chiba-med,2024,千葉県がんセンター、千葉県立佐原病院,1,1,chiba-shushoku-2024,医療、福祉
chiba,chiba-med,2024,千葉県済生会習志野病院,2,1,chiba-shushoku-2024,医療、福祉
chiba,chiba-nurs,2024,千葉県立病院,1,1,chiba-shushoku-2024,医療、福祉
chiba,chiba-nurs,2024,千葉県立病院（千葉県こども病院）,1,1,chiba-shushoku-2024,医療、福祉
chiba,chiba-med,2024,千葉県立病院群(千葉県がんセンター),1,1,chiba-shushoku-2024,医療、福祉
chiba,chiba-med,2024,千葉市立海浜病院,1,1,chiba-shushoku-2024,医療、福祉
chiba,chiba-med,2024,千葉市立青葉病院,2,1,chiba-shushoku-2024,医療、福祉
chiba,chiba-med,2024,千葉大学医学部附属病院,1,1,chiba-shushoku-2024,医療、福祉
chiba,chiba-pharm,2024,千葉大学医学部附属病院,1,1,chiba-shushoku-2024,医療、福祉
chiba,chiba-nurs,2024,千葉大学医学部附属病院,29,1,chiba-shushoku-2024,医療、福祉
chiba,chiba-med,2024,千葉中央メディカルセンター,1,1,chiba-shushoku-2024,医療、福祉
chiba,chiba-med,2024,川口市立医療センター,2,1,chiba-shushoku-2024,医療、福祉
chiba,chiba-pharm,2024,川崎協同病院,1,1,chiba-shushoku-2024,医療、福祉
chiba,chiba-nurs,2024,川崎市,1,1,chiba-shushoku-2024,医療、福祉
chiba,chiba-med,2024,川崎市立川崎病院,1,1,chiba-shushoku-2024,医療、福祉
chiba,chiba-med,2024,船橋市立医療センター,6,1,chiba-shushoku-2024,医療、福祉
chiba,chiba-med,2024,船橋二和病院,1,1,chiba-shushoku-2024,医療、福祉
chiba,chiba-pharm,2024,総合メディカル,1,1,chiba-shushoku-2024,医療、福祉
chiba,chiba-med,2024,総合病院国保旭中央病院,4,1,chiba-shushoku-2024,医療、福祉
chiba,chiba-med,2024,多摩南部地域病院,1,1,chiba-shushoku-2024,医療、福祉
chiba,chiba-med,2024,大津赤十字病院,1,1,chiba-shushoku-2024,医療、福祉
chiba,chiba-med,2024,地域医療機能推進機構船橋中央病院,2,1,chiba-shushoku-2024,医療、福祉
chiba,chiba-med,2024,地域医療機能推進機構東京高輪病院,1,1,chiba-shushoku-2024,医療、福祉
chiba,chiba-med,2024,地域医療機能推進機構東京新宿メディカルセンター,2,1,chiba-shushoku-2024,医療、福祉
chiba,chiba-med,2024,鉄蕉会亀田総合病院,1,1,chiba-shushoku-2024,医療、福祉
chiba,chiba-med,2024,土浦協同病院,1,1,chiba-shushoku-2024,医療、福祉
chiba,chiba-nurs,2024,東京かつしか赤十字母子医療センター,2,1,chiba-shushoku-2024,医療、福祉
chiba,chiba-nurs,2024,東京科学大学病院,1,1,chiba-shushoku-2024,医療、福祉
chiba,chiba-med,2024,東京歯科大学市川総合病院,2,1,chiba-shushoku-2024,医療、福祉
chiba,chiba-med,2024,東京女子医科大学附属足立医療センター,1,1,chiba-shushoku-2024,医療、福祉
chiba,chiba-nurs,2024,東京大学医学部附属病院,5,1,chiba-shushoku-2024,医療、福祉
chiba,chiba-med,2024,東京逓信病院,3,1,chiba-shushoku-2024,医療、福祉
chiba,chiba-med,2024,東京都健康長寿医療センター,2,1,chiba-shushoku-2024,医療、福祉
chiba,chiba-med,2024,東京都立駒込病院,1,1,chiba-shushoku-2024,医療、福祉
chiba,chiba-med,2024,東京都立広尾病院,1,1,chiba-shushoku-2024,医療、福祉
chiba,chiba-med,2024,東京都立豊島病院,1,1,chiba-shushoku-2024,医療、福祉
chiba,chiba-med,2024,東京都立墨東病院,3,1,chiba-shushoku-2024,医療、福祉
chiba,chiba-med,2024,東京労災病院,1,1,chiba-shushoku-2024,医療、福祉
chiba,chiba-med,2024,東金九十九里地域医療センター 東千葉メディカルセンター,1,1,chiba-shushoku-2024,医療、福祉
chiba,chiba-med,2024,東大和病院,1,1,chiba-shushoku-2024,医療、福祉
chiba,chiba-med,2024,東邦大学医療センター佐倉病院,1,1,chiba-shushoku-2024,医療、福祉
chiba,chiba-med,2024,東邦大学医療センター大橋病院,1,1,chiba-shushoku-2024,医療、福祉
chiba,chiba-nurs,2024,東北医科薬科大学病院,1,1,chiba-shushoku-2024,医療、福祉
chiba,chiba-med,2024,同愛記念病院,1,1,chiba-shushoku-2024,医療、福祉
chiba,chiba-nurs,2024,日本医科大学付属病院,1,1,chiba-shushoku-2024,医療、福祉
chiba,chiba-med,2024,日本赤十字社医療センター,3,1,chiba-shushoku-2024,医療、福祉
chiba,chiba-med,2024,日本赤十字社成田赤十字病院,1,1,chiba-shushoku-2024,医療、福祉
chiba,chiba-nurs,2024,日本赤十字武蔵野赤十字病院,1,1,chiba-shushoku-2024,医療、福祉
chiba,chiba-pharm,2024,日本調剤,7,1,chiba-shushoku-2024,医療、福祉
chiba,chiba-med,2024,日野市立病院,1,1,chiba-shushoku-2024,医療、福祉
chiba,chiba-edu,2024,認定こども園モンテッソーリたんぽぽ子供の家,1,1,chiba-shushoku-2024,医療、福祉
chiba,chiba-edu,2024,八千代市立保育所,1,1,chiba-shushoku-2024,医療、福祉
chiba,chiba-med,2024,板橋中央総合病院,1,1,chiba-shushoku-2024,医療、福祉
chiba,chiba-pharm,2024,板橋中央総合病院,1,1,chiba-shushoku-2024,医療、福祉
chiba,chiba-nurs,2024,富山大学附属病院,1,1,chiba-shushoku-2024,医療、福祉
chiba,chiba-edu,2024,福岡市保育所,1,1,chiba-shushoku-2024,医療、福祉
chiba,chiba-nurs,2024,福岡市立こども病院,1,1,chiba-shushoku-2024,医療、福祉
chiba,chiba-med,2024,平塚市民病院,1,1,chiba-shushoku-2024,医療、福祉
chiba,chiba-med,2024,名戸ヶ谷病院,1,1,chiba-shushoku-2024,医療、福祉
chiba,chiba-nurs,2024,目黒区東部包括支援センター（社会福祉法人 奉優会）,1,1,chiba-shushoku-2024,医療、福祉
chiba,chiba-pharm,2024,労働者健康安全機構関東労災病院,1,1,chiba-shushoku-2024,医療、福祉
chiba,chiba-med,2024,労働者健康安全機構千葉労災病院,3,1,chiba-shushoku-2024,医療、福祉
chiba,chiba-letters,2024,千葉県JA情報センター,1,1,chiba-shushoku-2024,複合サービス事業
chiba,chiba-sci,2024,（就職先名称等未回答）,1,1,chiba-shushoku-2024,サービス業（他に分類されないもの）
chiba,chiba-edu,2024,Hitotechnology,1,1,chiba-shushoku-2024,サービス業（他に分類されないもの）
chiba,chiba-lpe,2024,miraism,1,1,chiba-shushoku-2024,サービス業（他に分類されないもの）
chiba,chiba-intl,2024,いーふらん,1,1,chiba-shushoku-2024,サービス業（他に分類されないもの）
chiba,chiba-intl,2024,エン・ジャパン,2,1,chiba-shushoku-2024,サービス業（他に分類されないもの）
chiba,chiba-lpe,2024,エン・ジャパン,2,1,chiba-shushoku-2024,サービス業（他に分類されないもの）
chiba,chiba-edu,2024,クイック,1,1,chiba-shushoku-2024,サービス業（他に分類されないもの）
chiba,chiba-edu,2024,ジェイエイシーリクルートメント,1,1,chiba-shushoku-2024,サービス業（他に分類されないもの）
chiba,chiba-eng,2024,ジェイエイシーリクルートメント,1,1,chiba-shushoku-2024,サービス業（他に分類されないもの）
chiba,chiba-lpe,2024,しのはらプレスサービス,1,1,chiba-shushoku-2024,サービス業（他に分類されないもの）
chiba,chiba-lpe,2024,スタッフサービス・ホールディングス,1,1,chiba-shushoku-2024,サービス業（他に分類されないもの）
chiba,chiba-letters,2024,ディップ,1,1,chiba-shushoku-2024,サービス業（他に分類されないもの）
chiba,chiba-edu,2024,パーソナルテンプスタッフ,1,1,chiba-shushoku-2024,サービス業（他に分類されないもの）
chiba,chiba-intl,2024,パーソルキャリア,1,1,chiba-shushoku-2024,サービス業（他に分類されないもの）
chiba,chiba-edu,2024,パーソルキャリア,1,1,chiba-shushoku-2024,サービス業（他に分類されないもの）
chiba,chiba-intl,2024,パーソルダイバース,1,1,chiba-shushoku-2024,サービス業（他に分類されないもの）
chiba,chiba-edu,2024,パソナグループ,1,1,chiba-shushoku-2024,サービス業（他に分類されないもの）
chiba,chiba-letters,2024,ファーストコンテック,1,1,chiba-shushoku-2024,サービス業（他に分類されないもの）
chiba,chiba-edu,2024,ベイカレント・コンサルティング,1,1,chiba-shushoku-2024,サービス業（他に分類されないもの）
chiba,chiba-intl,2024,マイケル・ペイジ・インターナショナル・ジャパン,1,1,chiba-shushoku-2024,サービス業（他に分類されないもの）
chiba,chiba-edu,2024,マイナビ,1,1,chiba-shushoku-2024,サービス業（他に分類されないもの）
chiba,chiba-edu,2024,マネジメントソリューションズ,1,1,chiba-shushoku-2024,サービス業（他に分類されないもの）
chiba,chiba-lpe,2024,マンパワーグループ,1,1,chiba-shushoku-2024,サービス業（他に分類されないもの）
chiba,chiba-lpe,2024,レバレジーズ,1,1,chiba-shushoku-2024,サービス業（他に分類されないもの）
chiba,chiba-edu,2024,レバレジーズ,2,1,chiba-shushoku-2024,サービス業（他に分類されないもの）
chiba,chiba-edu,2024,ワールドインテック,1,1,chiba-shushoku-2024,サービス業（他に分類されないもの）
chiba,chiba-lpe,2024,楽天グループ,1,1,chiba-shushoku-2024,サービス業（他に分類されないもの）
chiba,chiba-lpe,2024,全国市町村職員共済組合連合会,1,1,chiba-shushoku-2024,サービス業（他に分類されないもの）
chiba,chiba-hort,2024,東亜非破壊検査,1,1,chiba-shushoku-2024,サービス業（他に分類されないもの）
chiba,chiba-lpe,2024,東洋ワークセキュリティ,1,1,chiba-shushoku-2024,サービス業（他に分類されないもの）
chiba,chiba-lpe,2024,日研トータルソーシング,2,1,chiba-shushoku-2024,サービス業（他に分類されないもの）
chiba,chiba-intl,2024,日本財団,1,1,chiba-shushoku-2024,サービス業（他に分類されないもの）
chiba,chiba-intl,2024,日本自動車連盟,1,1,chiba-shushoku-2024,サービス業（他に分類されないもの）
chiba,chiba-letters,2024,日本相撲協会 高砂部屋,1,1,chiba-shushoku-2024,サービス業（他に分類されないもの）
chiba,chiba-edu,2024,（就職先名称等未回答）,1,1,chiba-shushoku-2024,上記以外のもの
chiba,chiba-pharm,2024,PDRファーマ,1,1,chiba-shushoku-2024,上記以外のもの
chiba,chiba-lpe,2024,VTANK,1,1,chiba-shushoku-2024,上記以外のもの
chiba,chiba-eng,2024,アウトソーシングテクノロジー,1,1,chiba-shushoku-2024,上記以外のもの
chiba,chiba-lpe,2024,インソース,1,1,chiba-shushoku-2024,上記以外のもの
chiba,chiba-letters,2024,ビーワークス,1,1,chiba-shushoku-2024,上記以外のもの
chiba,chiba-eng,2024,レバレジーズ,1,1,chiba-shushoku-2024,上記以外のもの
chiba,chiba-eng,2024,三谷産業,1,1,chiba-shushoku-2024,上記以外のもの
chiba,chiba-eng,2024,千葉キングス,1,1,chiba-shushoku-2024,上記以外のもの
chiba,chiba-eng,2024,日立アドバンストシステムズ本社,1,1,chiba-shushoku-2024,上記以外のもの
chiba,chiba-edu,2024,横浜雙葉中学高等学校,1,1,chiba-shushoku-2024,教員（私立）
chiba,chiba-edu,2024,加藤学園暁秀初等学校,1,1,chiba-shushoku-2024,教員（私立）
chiba,chiba-edu,2024,慶應義塾湘南藤沢中学部・高等部,1,1,chiba-shushoku-2024,教員（私立）
chiba,chiba-edu,2024,昌平学園ろりぽっぷ幼稚園,1,1,chiba-shushoku-2024,教員（私立）
chiba,chiba-edu,2024,静岡サレジオ小学校,1,1,chiba-shushoku-2024,教員（私立）
chiba,chiba-edu,2024,千葉敬愛高等学校,1,1,chiba-shushoku-2024,教員（私立）
chiba,chiba-letters,2024,東洋大学附属牛久中学校･高等学校,1,1,chiba-shushoku-2024,教員（私立）
chiba,chiba-edu,2024,日出学園小学校,1,1,chiba-shushoku-2024,教員（私立）
chiba,chiba-edu,2024,日出学園中学校,1,1,chiba-shushoku-2024,教員（私立）
chiba,chiba-edu,2024,八千代松陰中学高等学校,1,1,chiba-shushoku-2024,教員（私立）
chiba,chiba-edu,2024,ジャカルタ日本人学校,1,1,chiba-shushoku-2024,教員（その他）
chiba,chiba-edu,2024,シラチャ日本人学校,2,1,chiba-shushoku-2024,教員（その他）
chiba,chiba-edu,2024,チカラン日本人学校,1,1,chiba-shushoku-2024,教員（その他）
chiba,chiba-edu,2024,チカラン日本人学校小学部,1,1,chiba-shushoku-2024,教員（その他）
chiba,chiba-edu,2024,ニューデリー日本人学校,1,1,chiba-shushoku-2024,教員（その他）
chiba,chiba-edu,2024,こども家庭庁,2,1,chiba-shushoku-2024,公務員（国）
chiba,chiba-lpe,2024,宇都宮地方裁判所,1,1,chiba-shushoku-2024,公務員（国）
chiba,chiba-intl,2024,会計検査院,1,1,chiba-shushoku-2024,公務員（国）
chiba,chiba-letters,2024,海上自衛隊,1,1,chiba-shushoku-2024,公務員（国）
chiba,chiba-intl,2024,環境省,1,1,chiba-shushoku-2024,公務員（国）
chiba,chiba-lpe,2024,環境省,2,1,chiba-shushoku-2024,公務員（国）
chiba,chiba-lpe,2024,関東信越厚生局,1,1,chiba-shushoku-2024,公務員（国）
chiba,chiba-lpe,2024,関東信越国税局,1,1,chiba-shushoku-2024,公務員（国）
chiba,chiba-letters,2024,関東農政局,1,1,chiba-shushoku-2024,公務員（国）
chiba,chiba-sci,2024,気象庁,2,1,chiba-shushoku-2024,公務員（国）
chiba,chiba-letters,2024,宮内庁,1,1,chiba-shushoku-2024,公務員（国）
chiba,chiba-lpe,2024,近畿農政局,1,1,chiba-shushoku-2024,公務員（国）
chiba,chiba-edu,2024,金融庁,1,1,chiba-shushoku-2024,公務員（国）
chiba,chiba-lpe,2024,群馬労働局,1,1,chiba-shushoku-2024,公務員（国）
chiba,chiba-lpe,2024,経済産業省,1,1,chiba-shushoku-2024,公務員（国）
chiba,chiba-edu,2024,警察庁皇宮警察本部,1,1,chiba-shushoku-2024,公務員（国）
chiba,chiba-lpe,2024,公正取引委員会,1,1,chiba-shushoku-2024,公務員（国）
chiba,chiba-lpe,2024,公正取引委員会事務総局,1,1,chiba-shushoku-2024,公務員（国）
chiba,chiba-lpe,2024,厚生労働省,3,1,chiba-shushoku-2024,公務員（国）
chiba,chiba-edu,2024,厚生労働省,1,1,chiba-shushoku-2024,公務員（国）
chiba,chiba-hort,2024,厚生労働省,1,1,chiba-shushoku-2024,公務員（国）
chiba,chiba-edu,2024,航空自衛隊,1,1,chiba-shushoku-2024,公務員（国）
chiba,chiba-lpe,2024,高松高等裁判所,1,1,chiba-shushoku-2024,公務員（国）
chiba,chiba-lpe,2024,国土交通省,2,1,chiba-shushoku-2024,公務員（国）
chiba,chiba-eng,2024,国土交通省,2,1,chiba-shushoku-2024,公務員（国）
chiba,chiba-hort,2024,国土交通省,2,1,chiba-shushoku-2024,公務員（国）
chiba,chiba-letters,2024,国立国会図書館,2,1,chiba-shushoku-2024,公務員（国）
chiba,chiba-lpe,2024,財務省財務局,1,1,chiba-shushoku-2024,公務員（国）
chiba,chiba-lpe,2024,埼玉労働局,1,1,chiba-shushoku-2024,公務員（国）
chiba,chiba-lpe,2024,参議院事務局,1,1,chiba-shushoku-2024,公務員（国）
chiba,chiba-lpe,2024,衆議院事務局,1,1,chiba-shushoku-2024,公務員（国）
chiba,chiba-intl,2024,出入国在留管理庁,1,1,chiba-shushoku-2024,公務員（国）
chiba,chiba-lpe,2024,出入国在留管理庁,1,1,chiba-shushoku-2024,公務員（国）
chiba,chiba-lpe,2024,盛岡地方裁判所,1,1,chiba-shushoku-2024,公務員（国）
chiba,chiba-lpe,2024,千葉地方検察庁,3,1,chiba-shushoku-2024,公務員（国）
chiba,chiba-letters,2024,千葉地方裁判所,1,1,chiba-shushoku-2024,公務員（国）
chiba,chiba-lpe,2024,千葉地方裁判所,2,1,chiba-shushoku-2024,公務員（国）
chiba,chiba-lpe,2024,千葉地方法務局,2,1,chiba-shushoku-2024,公務員（国）
chiba,chiba-lpe,2024,総務省,1,1,chiba-shushoku-2024,公務員（国）
chiba,chiba-lpe,2024,東京高等裁判所管轄,1,1,chiba-shushoku-2024,公務員（国）
chiba,chiba-lpe,2024,東京国税局,1,1,chiba-shushoku-2024,公務員（国）
chiba,chiba-lpe,2024,東京出入国在留管理庁,1,1,chiba-shushoku-2024,公務員（国）
chiba,chiba-letters,2024,東京税関,1,1,chiba-shushoku-2024,公務員（国）
chiba,chiba-lpe,2024,東京地方検察庁,2,1,chiba-shushoku-2024,公務員（国）
chiba,chiba-lpe,2024,東京地方裁判所,1,1,chiba-shushoku-2024,公務員（国）
chiba,chiba-lpe,2024,特許庁,3,1,chiba-shushoku-2024,公務員（国）
chiba,chiba-edu,2024,特許庁,1,1,chiba-shushoku-2024,公務員（国）
chiba,chiba-sci,2024,特許庁,1,1,chiba-shushoku-2024,公務員（国）
chiba,chiba-eng,2024,特許庁,1,1,chiba-shushoku-2024,公務員（国）
chiba,chiba-pharm,2024,特許庁,1,1,chiba-shushoku-2024,公務員（国）
chiba,chiba-edu,2024,内閣府,1,1,chiba-shushoku-2024,公務員（国）
chiba,chiba-hort,2024,農林水産省,3,1,chiba-shushoku-2024,公務員（国）
chiba,chiba-lpe,2024,農林水産省 統計部,1,1,chiba-shushoku-2024,公務員（国）
chiba,chiba-edu,2024,農林水産省関東農政局,1,1,chiba-shushoku-2024,公務員（国）
chiba,chiba-hort,2024,農林水産省関東農政局,1,1,chiba-shushoku-2024,公務員（国）
chiba,chiba-hort,2024,農林水産省植物防疫所,1,1,chiba-shushoku-2024,公務員（国）
chiba,chiba-intl,2024,文部科学省,1,1,chiba-shushoku-2024,公務員（国）
chiba,chiba-lpe,2024,文部科学省,1,1,chiba-shushoku-2024,公務員（国）
chiba,chiba-edu,2024,文部科学省,1,1,chiba-shushoku-2024,公務員（国）
chiba,chiba-intl,2024,防衛省,1,1,chiba-shushoku-2024,公務員（国）
chiba,chiba-letters,2024,防衛省,1,1,chiba-shushoku-2024,公務員（国）
chiba,chiba-lpe,2024,防衛省,2,1,chiba-shushoku-2024,公務員（国）
chiba,chiba-lpe,2024,北海道財務局,1,1,chiba-shushoku-2024,公務員（国）
chiba,chiba-letters,2024,陸上自衛隊,1,1,chiba-shushoku-2024,公務員（国）
chiba,chiba-sci,2024,陸上自衛隊,1,1,chiba-shushoku-2024,公務員（国）
chiba,chiba-letters,2024,浦安市役所,1,1,chiba-shushoku-2024,公務員（地方・千葉県）
chiba,chiba-lpe,2024,浦安市役所,2,1,chiba-shushoku-2024,公務員（地方・千葉県）
chiba,chiba-letters,2024,佐倉市役所,1,1,chiba-shushoku-2024,公務員（地方・千葉県）
chiba,chiba-lpe,2024,佐倉市役所,1,1,chiba-shushoku-2024,公務員（地方・千葉県）
chiba,chiba-sci,2024,佐倉市役所,1,1,chiba-shushoku-2024,公務員（地方・千葉県）
chiba,chiba-edu,2024,習志野市役所,1,1,chiba-shushoku-2024,公務員（地方・千葉県）
chiba,chiba-hort,2024,千葉県,1,1,chiba-shushoku-2024,公務員（地方・千葉県）
chiba,chiba-letters,2024,千葉県庁,6,1,chiba-shushoku-2024,公務員（地方・千葉県）
chiba,chiba-lpe,2024,千葉県庁,6,1,chiba-shushoku-2024,公務員（地方・千葉県）
chiba,chiba-edu,2024,千葉県庁,1,1,chiba-shushoku-2024,公務員（地方・千葉県）
chiba,chiba-sci,2024,千葉県庁,4,1,chiba-shushoku-2024,公務員（地方・千葉県）
chiba,chiba-eng,2024,千葉県庁,1,1,chiba-shushoku-2024,公務員（地方・千葉県）
chiba,chiba-hort,2024,千葉県庁,1,1,chiba-shushoku-2024,公務員（地方・千葉県）
chiba,chiba-edu,2024,千葉市,1,1,chiba-shushoku-2024,公務員（地方・千葉県）
chiba,chiba-eng,2024,千葉市,1,1,chiba-shushoku-2024,公務員（地方・千葉県）
chiba,chiba-letters,2024,千葉市役所,2,1,chiba-shushoku-2024,公務員（地方・千葉県）
chiba,chiba-lpe,2024,千葉市役所,2,1,chiba-shushoku-2024,公務員（地方・千葉県）
chiba,chiba-edu,2024,千葉市役所,1,1,chiba-shushoku-2024,公務員（地方・千葉県）
chiba,chiba-lpe,2024,船橋市役所,1,1,chiba-shushoku-2024,公務員（地方・千葉県）
chiba,chiba-edu,2024,船橋市役所,1,1,chiba-shushoku-2024,公務員（地方・千葉県）
chiba,chiba-edu,2024,茂原市役所,1,1,chiba-shushoku-2024,公務員（地方・千葉県）
chiba,chiba-hort,2024,警視庁,1,1,chiba-shushoku-2024,公務員（地方・東京都）
chiba,chiba-letters,2024,江戸川区役所,2,1,chiba-shushoku-2024,公務員（地方・東京都）
chiba,chiba-edu,2024,江戸川区役所,1,1,chiba-shushoku-2024,公務員（地方・東京都）
chiba,chiba-intl,2024,新宿区役所,1,1,chiba-shushoku-2024,公務員（地方・東京都）
chiba,chiba-hort,2024,杉並区,1,1,chiba-shushoku-2024,公務員（地方・東京都）
chiba,chiba-edu,2024,世田谷区役所,1,1,chiba-shushoku-2024,公務員（地方・東京都）
chiba,chiba-lpe,2024,千代田区役所,3,1,chiba-shushoku-2024,公務員（地方・東京都）
chiba,chiba-lpe,2024,足立区役所,1,1,chiba-shushoku-2024,公務員（地方・東京都）
chiba,chiba-intl,2024,東京都庁,2,1,chiba-shushoku-2024,公務員（地方・東京都）
chiba,chiba-letters,2024,東京都庁,1,1,chiba-shushoku-2024,公務員（地方・東京都）
chiba,chiba-lpe,2024,東京都庁,7,1,chiba-shushoku-2024,公務員（地方・東京都）
chiba,chiba-edu,2024,東京都庁,4,1,chiba-shushoku-2024,公務員（地方・東京都）
chiba,chiba-sci,2024,東京都庁,1,1,chiba-shushoku-2024,公務員（地方・東京都）
chiba,chiba-hort,2024,東京都庁,3,1,chiba-shushoku-2024,公務員（地方・東京都）
chiba,chiba-hort,2024,武蔵野市役所,1,1,chiba-shushoku-2024,公務員（地方・東京都）
chiba,chiba-letters,2024,北区役所,1,1,chiba-shushoku-2024,公務員（地方・東京都）
chiba,chiba-letters,2024,墨田区役所,2,1,chiba-shushoku-2024,公務員（地方・東京都）
chiba,chiba-lpe,2024,墨田区役所,1,1,chiba-shushoku-2024,公務員（地方・東京都）
chiba,chiba-edu,2024,墨田区役所,1,1,chiba-shushoku-2024,公務員（地方・東京都）
chiba,chiba-sci,2024,練馬区役所,1,1,chiba-shushoku-2024,公務員（地方・東京都）
chiba,chiba-intl,2024,青森県庁,1,1,chiba-shushoku-2024,公務員（地方）
chiba,chiba-edu,2024,青森県庁,1,1,chiba-shushoku-2024,公務員（地方）
chiba,chiba-edu,2024,仙台市役所,1,1,chiba-shushoku-2024,公務員（地方）
chiba,chiba-sci,2024,秋田県庁,1,1,chiba-shushoku-2024,公務員（地方）
chiba,chiba-edu,2024,福島県,1,1,chiba-shushoku-2024,公務員（地方）
chiba,chiba-eng,2024,福島県庁,1,1,chiba-shushoku-2024,公務員（地方）
chiba,chiba-edu,2024,阿見町役場,1,1,chiba-shushoku-2024,公務員（地方）
chiba,chiba-sci,2024,取手市役所,1,1,chiba-shushoku-2024,公務員（地方）
chiba,chiba-lpe,2024,常総市役所,1,1,chiba-shushoku-2024,公務員（地方）
chiba,chiba-lpe,2024,栃木県庁,1,1,chiba-shushoku-2024,公務員（地方）
chiba,chiba-hort,2024,群馬県庁,1,1,chiba-shushoku-2024,公務員（地方）
chiba,chiba-lpe,2024,さいたま市役所,1,1,chiba-shushoku-2024,公務員（地方）
chiba,chiba-hort,2024,さいたま市役所,1,1,chiba-shushoku-2024,公務員（地方）
chiba,chiba-lpe,2024,越谷市役所,1,1,chiba-shushoku-2024,公務員（地方）
chiba,chiba-letters,2024,戸田市役所,1,1,chiba-shushoku-2024,公務員（地方）
chiba,chiba-intl,2024,埼玉県庁,1,1,chiba-shushoku-2024,公務員（地方）
chiba,chiba-lpe,2024,埼玉県庁,2,1,chiba-shushoku-2024,公務員（地方）
chiba,chiba-lpe,2024,川越市役所,1,1,chiba-shushoku-2024,公務員（地方）
chiba,chiba-letters,2024,横浜市役所,1,1,chiba-shushoku-2024,公務員（地方）
chiba,chiba-letters,2024,神奈川県庁,1,1,chiba-shushoku-2024,公務員（地方）
chiba,chiba-lpe,2024,神奈川県庁,1,1,chiba-shushoku-2024,公務員（地方）
chiba,chiba-edu,2024,新潟県庁,1,1,chiba-shushoku-2024,公務員（地方）
chiba,chiba-lpe,2024,富山市役所,1,1,chiba-shushoku-2024,公務員（地方）
chiba,chiba-eng,2024,富山市役所,1,1,chiba-shushoku-2024,公務員（地方）
chiba,chiba-hort,2024,石川県庁,1,1,chiba-shushoku-2024,公務員（地方）
chiba,chiba-letters,2024,軽井沢町役場,1,1,chiba-shushoku-2024,公務員（地方）
chiba,chiba-lpe,2024,静岡県庁,1,1,chiba-shushoku-2024,公務員（地方）
chiba,chiba-intl,2024,静岡市役所,1,1,chiba-shushoku-2024,公務員（地方）
chiba,chiba-eng,2024,静岡市役所,1,1,chiba-shushoku-2024,公務員（地方）
chiba,chiba-hort,2024,（就職先名称等未回答）,1,1,chiba-shushoku-2024,公務員（地方）
